{
 "purpose": "Tier-0.5 health n=10 for top-content aux configs",
 "cells": {
  "aux0.3_v0.15_r0": {
   "std": 0.9805529713630676,
   "delta": 2.252053136030833,
   "xy": 0.8372095229776018,
   "stable": true
  },
  "aux0.3_v0.15_r1": {
   "std": 0.5175023674964905,
   "delta": 2.2100609852870305,
   "xy": 0.5998844315856335,
   "stable": false
  },
  "aux0.3_v0.15_r2": {
   "std": 0.181509330868721,
   "delta": 1.0453916516403357,
   "xy": 0.9036759220231877,
   "stable": false
  },
  "aux0.3_v0.15_r3": {
   "std": 0.6691861748695374,
   "delta": 1.6765069535374642,
   "xy": 0.7168987144844474,
   "stable": false
  },
  "aux0.3_v0.15_r4": {
   "std": 0.6480697393417358,
   "delta": 1.1891817498455446,
   "xy": 0.7710176775533983,
   "stable": false
  },
  "aux0.3_v0.15_r5": {
   "std": 0.2085038125514984,
   "delta": 0.8424040623754263,
   "xy": 0.04213946568532867,
   "stable": false
  },
  "aux0.3_v0.15_r6": {
   "std": 0.7363184094429016,
   "delta": 1.7992605178554852,
   "xy": 0.849615015168999,
   "stable": true
  },
  "aux0.3_v0.15_r7": {
   "std": 0.5536099672317505,
   "delta": 2.493286192715168,
   "xy": 0.6282684611157044,
   "stable": false
  },
  "aux0.3_v0.15_r8": {
   "std": 0.3402736186981201,
   "delta": 1.7006402343014877,
   "xy": -0.11662880561807287,
   "stable": false
  },
  "aux0.3_v0.15_r9": {
   "std": 0.8342868685722351,
   "delta": 2.3774363855520884,
   "xy": 0.8168915365782901,
   "stable": true
  },
  "aux0.5_v0.3_r0": {
   "std": 0.4070146679878235,
   "delta": 1.5322178506354491,
   "xy": 0.7510568332377483,
   "stable": false
  },
  "aux0.5_v0.3_r1": {
   "std": 1.0181794166564941,
   "delta": 2.8391262105852366,
   "xy": 0.841707213414104,
   "stable": true
  },
  "aux0.5_v0.3_r2": {
   "std": 0.6426185369491577,
   "delta": 1.6372273568312328,
   "xy": 0.8097685475909101,
   "stable": false
  },
  "aux0.5_v0.3_r3": {
   "std": 1.0886001586914062,
   "delta": 3.428192527145147,
   "xy": 0.5531465682028451,
   "stable": true
  }
 },
 "elapsed_min": 67.2
}