{
 "purpose": "Tier-0.5 health n=10 for top-content aux configs",
 "cells": {
  "aux0.3_v0.15_r0": {
   "std": 0.9805529713630676,
   "delta": 2.252053136030833,
   "xy": 0.8372095229776018,
   "stable": true
  },
  "aux0.3_v0.15_r1": {
   "std": 0.5175023674964905,
   "delta": 2.2100609852870305,
   "xy": 0.5998844315856335,
   "stable": false
  },
  "aux0.3_v0.15_r2": {
   "std": 0.181509330868721,
   "delta": 1.0453916516403357,
   "xy": 0.9036759220231877,
   "stable": false
  },
  "aux0.3_v0.15_r3": {
   "std": 0.6691861748695374,
   "delta": 1.6765069535374642,
   "xy": 0.7168987144844474,
   "stable": false
  },
  "aux0.3_v0.15_r4": {
   "std": 0.6480697393417358,
   "delta": 1.1891817498455446,
   "xy": 0.7710176775533983,
   "stable": false
  },
  "aux0.3_v0.15_r5": {
   "std": 0.2085038125514984,
   "delta": 0.8424040623754263,
   "xy": 0.04213946568532867,
   "stable": false
  },
  "aux0.3_v0.15_r6": {
   "std": 0.7363184094429016,
   "delta": 1.7992605178554852,
   "xy": 0.849615015168999,
   "stable": true
  }
 },
 "elapsed_min": 34.0
}