{
 "cells": {
  "plain_c3500_r0": {
   "std": 1.0149824619293213,
   "xy": -0.8175331359077895,
   "stable": true,
   "in_delta": 7.926
  },
  "plain_c3500_r1": {
   "std": 0.9659765958786011,
   "xy": 0.40841984001675824,
   "stable": true,
   "in_delta": 3.162
  },
  "plain_c3500_r2": {
   "std": 0.8480395674705505,
   "xy": -0.561401810605344,
   "stable": true,
   "in_delta": 7.74
  },
  "plain_c3500_r3": {
   "std": 0.9450240135192871,
   "xy": -0.4317854341020533,
   "stable": true,
   "in_delta": 10.094
  },
  "plain_c3500_r4": {
   "std": 1.0994588136672974,
   "xy": -0.5050983128898208,
   "stable": true,
   "in_delta": 10.874
  },
  "plain_c3500_r5": {
   "std": 0.955765426158905,
   "xy": -1.1377486691722676,
   "stable": true,
   "in_delta": 9.522
  },
  "eq_c1750_r0": {
   "std": 0.9702785611152649,
   "xy": 0.5519474429881153,
   "stable": true,
   "in_delta": 3.361
  },
  "eq_c1750_r1": {
   "std": 1.1829547882080078,
   "xy": 0.4056813586439334,
   "stable": true,
   "in_delta": 8.771
  },
  "eq_c1750_r2": {
   "std": 1.3059680461883545,
   "xy": 0.5234923991263691,
   "stable": true,
   "in_delta": 3.364
  }
 },
 "elapsed_min": 15.9
}