{
 "n_runs": 47,
 "n_cells": 171,
 "median": 0.6666666666666666,
 "cv_across_runs": 0.19923985323272173,
 "lambda": 1.5,
 "in_band_after": 0.9298245614035088
}