{
 "kappa": 0.8,
 "design": "stage-A health only, n=4/recipe",
 "cells": {
  "banked_aux05_v03_r0": {
   "std": 0.497263640165329,
   "delta": 3.7892811642587185,
   "xy": 0.2640999874535759,
   "stable": false
  },
  "banked_aux05_v03_r1": {
   "std": 1.1741669178009033,
   "delta": 5.238011841475964,
   "xy": 0.331880923586617,
   "stable": true,
   "delta_k08": 5.238,
   "lambda1": 0.1151
  },
  "banked_aux05_v03_r2": {
   "std": 0.31316694617271423,
   "delta": 1.2776973113914332,
   "xy": 0.07041827938528178,
   "stable": false
  },
  "banked_aux05_v03_r3": {
   "std": 0.4203464984893799,
   "delta": 2.6113725579778353,
   "xy": 0.18268731433886476,
   "stable": false
  },
  "oldchamp_aux03_v03_r0": {
   "std": 0.4286399483680725,
   "delta": 2.026075117041667,
   "xy": 0.08635524492412239,
   "stable": false
  },
  "oldchamp_aux03_v03_r1": {
   "std": 0.8315010666847229,
   "delta": 4.541399473249912,
   "xy": 0.30725455704047777,
   "stable": true,
   "delta_k08": 4.541,
   "lambda1": 0.4166
  },
  "oldchamp_aux03_v03_r2": {
   "std": 1.0916967391967773,
   "delta": 12.727038909594217,
   "xy": 0.23394446839480298,
   "stable": true,
   "delta_k08": 12.727,
   "lambda1": 0.164
  },
  "oldchamp_aux03_v03_r3": {
   "std": 0.1766715943813324,
   "delta": 1.0597128808995089,
   "xy": -0.051779233875722586,
   "stable": false
  },
  "winner_v02_r0": {
   "std": 0.7955737113952637,
   "delta": 4.129704295496146,
   "xy": -0.028373549496586437,
   "stable": true,
   "delta_k08": 4.13,
   "lambda1": 0.0051
  },
  "winner_v02_r1": {
   "std": 1.1534559726715088,
   "delta": 7.51208082874616,
   "xy": 0.17374651317893375,
   "stable": true,
   "delta_k08": 7.512,
   "lambda1": -0.002
  },
  "winner_v02_r2": {
   "std": 0.017201822251081467,
   "delta": 1.333022881646951,
   "xy": -0.057438095660352184,
   "stable": false
  },
  "winner_v02_r3": {
   "std": 0.9628539085388184,
   "delta": 6.323624129543702,
   "xy": 0.18962469683405614,
   "stable": true,
   "delta_k08": 6.324,
   "lambda1": 0.0172
  }
 },
 "elapsed_min": 24.9,
 "verdicts": {
  "banked_aux05_v03": {
   "stable": "1/4",
   "unlocked": false,
   "xy": 0.332
  },
  "oldchamp_aux03_v03": {
   "stable": "2/4",
   "unlocked": false,
   "xy": 0.271
  },
  "winner_v02": {
   "stable": "3/4",
   "unlocked": true,
   "xy": 0.112
  }
 }
}