{
 "cells": {
  "plain_c2800_r0": {
   "std": 0.7964848875999451,
   "delta": 6.653187967936198,
   "xy": -0.9201515129003535,
   "stable": true,
   "in_delta": 6.653
  },
  "plain_c2800_r1": {
   "std": 1.3643568754196167,
   "delta": 3.0752713451286158,
   "xy": -0.43971957550615004,
   "stable": true,
   "in_delta": 3.075
  },
  "plain_c2800_r2": {
   "std": 0.9739285111427307,
   "delta": 8.676279396514097,
   "xy": -0.9054902316722215,
   "stable": true,
   "in_delta": 8.676
  },
  "plain_c2800_r3": {
   "std": 1.0943464040756226,
   "delta": 9.41494075169166,
   "xy": -0.4887881248108774,
   "stable": true,
   "in_delta": 9.415
  },
  "plain_c2800_r4": {
   "std": 1.2509448528289795,
   "delta": 9.802929715911548,
   "xy": -0.5560423116941462,
   "stable": true,
   "in_delta": 9.803
  },
  "plain_c2800_r5": {
   "std": 0.9524853229522705,
   "delta": 10.811217797299227,
   "xy": -0.4227263760516764,
   "stable": true,
   "in_delta": 10.811
  },
  "plain_c3000_r0": {
   "std": 0.9443175792694092,
   "delta": 10.558459655841192,
   "xy": -0.5114506276040451,
   "stable": true,
   "in_delta": 10.558
  },
  "plain_c3000_r1": {
   "std": 1.3497049808502197,
   "delta": 3.3417398695151013,
   "xy": 0.2997478462634512,
   "stable": true,
   "in_delta": 3.342
  },
  "plain_c3000_r2": {
   "std": 0.8727782368659973,
   "delta": 5.523814348479112,
   "xy": -0.8127292549085834,
   "stable": true,
   "in_delta": 5.524
  },
  "plain_c3000_r3": {
   "std": 1.0219932794570923,
   "delta": 7.290596142013868,
   "xy": -0.7490626797906452,
   "stable": true,
   "in_delta": 7.291
  },
  "plain_c3000_r4": {
   "std": 1.5011506080627441,
   "delta": 4.8048446743687,
   "xy": -0.4375210820736066,
   "stable": true,
   "in_delta": 4.805
  },
  "plain_c3000_r5": {
   "std": 0.9678946137428284,
   "delta": 10.30200966844956,
   "xy": -0.9394108743707741,
   "stable": true,
   "in_delta": 10.302
  },
  "plain_c3200_r0": {
   "std": 1.007803201675415,
   "delta": 8.856184149384498,
   "xy": -0.8759834929846066,
   "stable": true,
   "in_delta": 8.856
  },
  "plain_c3200_r1": {
   "std": 0.9838497042655945,
   "delta": 3.574155953377485,
   "xy": -0.4114489653105833,
   "stable": true,
   "in_delta": 3.574
  },
  "plain_c3200_r2": {
   "std": 1.0082063674926758,
   "delta": 10.260442705849806,
   "xy": -0.5449214213285785,
   "stable": true,
   "in_delta": 10.26
  },
  "plain_c3200_r3": {
   "std": 0.7740682363510132,
   "delta": 3.305460829337438,
   "xy": 0.10711009987441589,
   "stable": true,
   "in_delta": 3.305
  },
  "plain_c3200_r4": {
   "std": 1.1304842233657837,
   "delta": 8.590174083709718,
   "xy": -0.31561127458631333,
   "stable": true,
   "in_delta": 8.59
  },
  "plain_c3200_r5": {
   "std": 0.9705142378807068,
   "delta": 10.889293288588524,
   "xy": -0.7779352461672735,
   "stable": true,
   "in_delta": 10.889
  },
  "eq_c1500_r0": {
   "std": 1.1057407855987549,
   "delta": 3.1997035788247983,
   "xy": 0.6108737235094046,
   "stable": true,
   "in_delta": 3.2
  },
  "eq_c1500_r1": {
   "std": 1.1111180782318115,
   "delta": 10.64280866463979,
   "xy": 0.3927836898707633,
   "stable": true,
   "in_delta": 10.643
  },
  "eq_c1500_r2": {
   "std": 1.308223843574524,
   "delta": 3.394599742665887,
   "xy": 0.5693223447399518,
   "stable": true,
   "in_delta": 3.395
  },
  "eq_c2000_r0": {
   "std": 1.4334213733673096,
   "delta": 4.036052660892407,
   "xy": 0.514292303566561,
   "stable": true,
   "in_delta": 4.036
  },
  "eq_c2000_r1": {
   "std": 1.1381667852401733,
   "delta": 3.0873893816769122,
   "xy": 0.4445301130344843,
   "stable": true,
   "in_delta": 3.087
  },
  "eq_c2000_r2": {
   "std": 1.3486584424972534,
   "delta": 3.302744532699386,
   "xy": 0.20387102544529978,
   "stable": true,
   "in_delta": 3.303
  }
 },
 "elapsed_min": 34.9
}