{
 "design": "plain ep40 x unfiltered wedge transitions, counts x n=2",
 "cells": {
  "c3000_r0": {
   "std": 0.941911518573761,
   "delta": 10.599719757537047,
   "xy": -1.209777904353988,
   "stable": true,
   "in_delta": 10.6
  },
  "c3000_r1": {
   "std": 1.3197441101074219,
   "delta": 3.510784100294113,
   "xy": -0.37091577806293374,
   "stable": true,
   "in_delta": 3.511
  },
  "c3500_r0": {
   "std": 1.0764555931091309,
   "delta": 3.493382045229276,
   "xy": -0.49596879124933424,
   "stable": true,
   "in_delta": 3.493
  },
  "c3500_r1": {
   "std": 0.9037531018257141,
   "delta": 3.321407115757465,
   "xy": 0.2212535399127693,
   "stable": true,
   "in_delta": 3.321
  }
 },
 "elapsed_min": 14.1,
 "curve": {
  "2606(ref)": [
   9.33,
   10.54
  ],
  "3000": [
   10.6,
   3.511
  ],
  "3500": [
   3.493,
   3.321
  ],
  "4000(ref)": [
   3.8
  ]
 }
}