{
 "kappa": 0.8,
 "seed": 0,
 "units": "per f-chunk (1 chunk = 5 env steps)",
 "env_lambda_per_chunk_ref": 0.43999999999999995,
 "audit": {
  "window": 16,
  "burn_in": 4
 },
 "train": {
  "eq": {
   "pred_loss": 0.17732124349900655,
   "latent_std": 0.5621045827865601
  },
  "plain_match": {
   "pred_loss": 0.18295684764309536,
   "latent_std": 0.9694942235946655
  }
 },
 "zsens": {
  "eq": {
   "mean": 1.3811186030719,
   "max": 2.1435167941937165,
   "label": "z-sensitive"
  },
  "plain_match": {
   "mean": 0.4928289580749236,
   "max": 0.6536506418300279,
   "label": "z-sensitive"
  }
 },
 "instrument_bias": {
  "-0.05": {
   "recovered": -0.0790644328629718,
   "offset": -0.029064432862971792
  },
  "0.0": {
   "recovered": -0.029064432862971726,
   "offset": -0.029064432862971726
  },
  "0.08": {
   "recovered": 0.050935567137028355,
   "offset": -0.029064432862971647
  }
 },
 "eq": {
  "delta": {
   "mean": 4.15314021759977,
   "q50": 3.588917374610901,
   "q90": 7.918963289260866,
   "ci_lo": 3.9186679730936884,
   "ci_hi": 4.396324628032123
  },
  "lambda1_tangent": {
   "mean": 0.012946345301215268,
   "median": 0.011846456734182356,
   "ci_lo": 0.008704412792275924,
   "ci_hi": 0.01838375268591247,
   "n_windows": 60,
   "window": 16,
   "k_band": 3,
   "burn_in": 4
  },
  "measured_median": [
   3.5949701961922718,
   4.938341078463834,
   5.905975236023377,
   6.388859693144246,
   6.661901760035991,
   7.088521315407527,
   7.403581187794123,
   7.594909497458157
  ],
  "measured_q90": [
   7.861405140033712,
   9.862752380020558,
   11.091706683296255,
   11.599308455507488,
   11.943279874452976,
   12.468601035710693,
   12.605360761422231,
   12.468077577387591
  ],
  "growth_fit": {
   "lambda_meas_exp_fit": 0.09344827580997776,
   "linear_rate": 0.5255530471494861,
   "linear_intercept": 3.832143783392252,
   "r2_exp": 0.8281516362711394,
   "r2_linear": 0.8994692177270166
  },
  "gpre_r": 7.218120144007422,
  "c3cal_seed0": [
   {
    "eps_mult": 2,
    "H_cert_q90": 1,
    "H_meas_q90": 1,
    "H_meas_med": 8
   },
   {
    "eps_mult": 4,
    "H_cert_q90": 2,
    "H_meas_q90": 8,
    "H_meas_med": 8
   },
   {
    "eps_mult": 8,
    "H_cert_q90": 4,
    "H_meas_q90": 8,
    "H_meas_med": 8
   },
   {
    "eps_mult": 16,
    "H_cert_q90": 8,
    "H_meas_q90": 8,
    "H_meas_med": 8
   }
  ]
 },
 "plain_match": {
  "delta": {
   "mean": 4.453603086421887,
   "q50": 2.6108874082565308,
   "q90": 10.280871582031255,
   "ci_lo": 4.061887886568903,
   "ci_hi": 4.862771424432595
  },
  "lambda1_tangent": {
   "mean": 0.049198168842488774,
   "median": 0.03103900549105756,
   "ci_lo": 0.033938774627095415,
   "ci_hi": 0.06572103317801722,
   "n_windows": 60,
   "window": 16,
   "k_band": 3,
   "burn_in": 4
  },
  "measured_median": [
   2.6397395496658076,
   3.6660183686469785,
   4.823068176401439,
   5.4332225674473,
   5.833079033152827,
   6.32868827709188,
   6.549647157744529,
   6.884585422138101
  ],
  "measured_q90": [
   10.280871838262751,
   15.885670421728069,
   19.76775347352404,
   21.23911264537009,
   22.142136605347257,
   23.15358286822216,
   23.17511989642825,
   23.177144898712946
  ],
  "growth_fit": {
   "lambda_meas_exp_fit": 0.12497402877184723,
   "linear_rate": 0.5839140692925078,
   "linear_intercept": 2.6421427572198217,
   "r2_exp": 0.8355912925441189,
   "r2_linear": 0.9298984566377066
  },
  "gpre_r": 2.5402170794600085,
  "c3cal_seed0": [
   {
    "eps_mult": 2,
    "H_cert_q90": 0,
    "H_meas_q90": 0,
    "H_meas_med": 8
   },
   {
    "eps_mult": 4,
    "H_cert_q90": 1,
    "H_meas_q90": 2,
    "H_meas_med": 8
   },
   {
    "eps_mult": 8,
    "H_cert_q90": 3,
    "H_meas_q90": 8,
    "H_meas_med": 8
   },
   {
    "eps_mult": 16,
    "H_cert_q90": 6,
    "H_meas_q90": 8,
    "H_meas_med": 8
   }
  ]
 },
 "wall_sec": 239.9
}