{
 "seed_data": 1,
 "n_ep": 60,
 "regime": "static (kappa=0)",
 "audit": {
  "window": 16,
  "burn_in": 4,
  "starts": [
   0,
   2,
   4
  ]
 },
 "units": "H in f-chunks (1 f-chunk = 5 env steps)",
 "instrument_bias": {
  "-0.05": {
   "recovered": -0.0790644328629718,
   "offset": -0.029064432862971792
  },
  "0.0": {
   "recovered": -0.029064432862971726,
   "offset": -0.029064432862971726
  },
  "0.08": {
   "recovered": 0.050935567137028355,
   "offset": -0.029064432862971647
  }
 },
 "eq": {
  "delta": {
   "mean": 11.324052478174368,
   "q50": 11.68618631362915,
   "q90": 15.782613945007324,
   "ci_lo": 10.719165705519417,
   "ci_hi": 11.947147144310179,
   "n_transitions": 1200
  },
  "lambda1": {
   "mean": 0.1679553481675416,
   "median": 0.20000448233898588,
   "ci_lo": 0.13439461091632648,
   "ci_hi": 0.1982067441728303,
   "n_windows": 60,
   "window": 16,
   "k_band": 3,
   "burn_in": 4
  },
  "eps_max": {
   "max": 6.95349645614624,
   "grid_subgroup_max": 5.639807224273682,
   "offgrid_max": 6.95349645614624
  },
  "certified_q90": [
   15.782613945007322,
   34.45161216868505,
   56.534867571757,
   82.65679245248248,
   113.55599399771044,
   150.1061586770793,
   193.34075605441174,
   244.48226052580344
  ],
  "measured_median": [
   11.709655788669401,
   11.243227538381923,
   11.568146513001224,
   11.86182477102953,
   12.107166496605554,
   12.320715674700416,
   12.475775368233531,
   12.514195393472624
  ],
  "measured_q90": [
   15.851230804134492,
   15.111145260632453,
   15.42355195373449,
   15.619023587991006,
   15.773691189936121,
   15.957771124527403,
   16.04978097636223,
   16.183440634394167
  ],
  "gpre_growth_fit": {
   "lambda_meas_exp_fit": 0.014223995394114513,
   "linear_rate": 2.1482939546333384,
   "r2_exp": 0.8345428965729174,
   "r2_linear": -140.6463573549641
  },
  "c3cal_seed0": [
   {
    "eps_mult": 2,
    "eps": 22.648104956348735,
    "H_cert_q90": 1,
    "H_meas": 8,
    "ratio": 0.125
   },
   {
    "eps_mult": 4,
    "eps": 45.29620991269747,
    "H_cert_q90": 2,
    "H_meas": 8,
    "ratio": 0.25
   },
   {
    "eps_mult": 8,
    "eps": 90.59241982539494,
    "H_cert_q90": 4,
    "H_meas": 8,
    "ratio": 0.5
   },
   {
    "eps_mult": 16,
    "eps": 181.18483965078988,
    "H_cert_q90": 6,
    "H_meas": 8,
    "ratio": 0.75
   }
  ]
 },
 "plain_match": {
  "delta": {
   "mean": 7.5395054483413695,
   "q50": 6.739258766174316,
   "q90": 13.027946567535405,
   "ci_lo": 7.165845661727092,
   "ci_hi": 7.955553860453268,
   "n_transitions": 1200
  },
  "lambda1": {
   "mean": -0.00584452621220965,
   "median": -0.003226572122716573,
   "ci_lo": -0.007930885336286594,
   "ci_hi": -0.003822563627346378,
   "n_windows": 60,
   "window": 16,
   "k_band": 3,
   "burn_in": 4
  },
  "eps_max": null,
  "certified_q90": [
   13.027946567535405,
   25.979973034484015,
   38.856521823728364,
   51.65803277994036,
   64.3849431846057,
   77.03768777096091,
   89.61669873884354,
   102.12240576945447
  ],
  "measured_median": [
   6.6896851154679435,
   6.926407386294352,
   7.355961149352415,
   7.7075713416283405,
   8.009553617337893,
   8.366550308529815,
   8.715290315491814,
   9.160666491198402
  ],
  "measured_q90": [
   13.001321744401423,
   13.49480336214879,
   13.763973418364447,
   14.799923826588348,
   15.105074338035118,
   16.24631304755477,
   17.01342667885404,
   17.89551644760395
  ],
  "gpre_growth_fit": {
   "lambda_meas_exp_fit": 0.0449259205382717,
   "linear_rate": 1.4606867783261055,
   "r2_exp": 0.997883580358832,
   "r2_linear": -11.453913932737052
  },
  "c3cal_seed0": [
   {
    "eps_mult": 2,
    "eps": 15.079010896682739,
    "H_cert_q90": 1,
    "H_meas": 8,
    "ratio": 0.125
   },
   {
    "eps_mult": 4,
    "eps": 30.158021793365478,
    "H_cert_q90": 2,
    "H_meas": 8,
    "ratio": 0.25
   },
   {
    "eps_mult": 8,
    "eps": 60.316043586730956,
    "H_cert_q90": 4,
    "H_meas": 8,
    "ratio": 0.5
   },
   {
    "eps_mult": 16,
    "eps": 120.63208717346191,
    "H_cert_q90": 8,
    "H_meas": 8,
    "ratio": 1.0
   }
  ]
 },
 "wall_sec": 46.5
}