{
 "seed": 0,
 "n_train_ep": 20,
 "device": "mps",
 "corpus_theta": {
  "within_episode_range_deg_median": 70.6355619370962,
  "within_episode_range_deg_q90": 356.8473800071203,
  "across_episode_std_deg": 110.33898786293938
 },
 "probes": {
  "aug@20": {
   "xy_r2": -0.06735276978643867,
   "theta_r2": -0.06217135091374404,
   "angle_r2": -0.07444760158104069,
   "angle4_r2": 0.4895418263954928
  },
  "eq@20/e20": {
   "xy_r2": 0.7027775845565332,
   "theta_r2": 0.02734664045543478,
   "angle_r2": -0.06871834284228284,
   "angle4_r2": 0.7469644500578649
  },
  "plain@20/e20": {
   "xy_r2": 0.0016377141037217102,
   "theta_r2": -0.3580902954410694,
   "angle_r2": -0.16641879011214855,
   "angle4_r2": 0.8438127338901583
  },
  "eq@20/e60": {
   "xy_r2": 0.43784932942749344,
   "theta_r2": -0.40411933547398937,
   "angle_r2": -0.053543042131278806,
   "angle4_r2": 0.7455905821194283
  }
 },
 "diagnosis_aug_shortcut": false,
 "hypothesis_b_undertraining_alive": false,
 "wall_sec": 347.3
}