{
 "seed": 2,
 "n_ep": 30,
 "H_grid": [
  1,
  2,
  3,
  5,
  8
 ],
 "eps_mult": [
  2,
  4,
  8
 ],
 "nu_grid": [
  0,
  1,
  2,
  4,
  8,
  16
 ],
 "cem": {
  "K": 64,
  "iters": 3,
  "elite": 8
 },
 "units": "H in f-chunks; eps and nu in delta_f multiples per base",
 "eq": {
  "delta_f_windows": 1.0867055490947901,
  "measured_median_curve": [
   1.0867055490947901,
   1.6346952675075777,
   2.3652524521507723,
   3.560722414042593,
   5.332939432569389
  ],
  "reach_median": {
   "1": 0.7430671830356117,
   "2": 1.2155477884204844,
   "3": 1.3290986474838618,
   "5": 2.6448148781723333,
   "8": 2.6819031641210467
  },
  "H_plan_max": {
   "2": 3,
   "4": 8,
   "8": 8
  },
  "H_model_max": {
   "2": 2,
   "4": 5,
   "8": 8
  },
  "theta_star_sweep": {
   "0": 0.9,
   "1": 0.9333333333333333,
   "2": 0.8666666666666667,
   "4": 0.9,
   "8": 0.8,
   "16": 0.8666666666666667
  },
  "theta_star": 16
 },
 "plain_match": {
  "delta_f_windows": 6.972389769174743,
  "measured_median_curve": [
   6.972389769174743,
   7.55811098989764,
   7.777587086779178,
   8.784120898429526,
   10.260293288876657
  ],
  "reach_median": {
   "1": 5.706988812573325,
   "2": 8.613689101046678,
   "3": 7.304322396109139,
   "5": 11.255419777148777,
   "8": 12.146450703691475
  },
  "H_plan_max": {
   "2": 8,
   "4": 8,
   "8": 8
  },
  "H_model_max": {
   "2": 8,
   "4": 8,
   "8": 8
  },
  "theta_star_sweep": {
   "0": 0.9666666666666667,
   "1": 0.9666666666666667,
   "2": 0.9333333333333333,
   "4": 0.9666666666666667,
   "8": 0.9,
   "16": 0.9666666666666667
  },
  "theta_star": 16
 },
 "wall_sec": 11.1
}