{
 "seed_data": 1,
 "n_ep": 60,
 "regime": "static (kappa=0)",
 "audit": {
  "window": 16,
  "burn_in": 4,
  "starts": [
   0,
   2,
   4
  ]
 },
 "units": "H in f-chunks (1 f-chunk = 5 env steps)",
 "instrument_bias": {
  "-0.05": {
   "recovered": -0.0790644328629718,
   "offset": -0.029064432862971792
  },
  "0.0": {
   "recovered": -0.029064432862971726,
   "offset": -0.029064432862971726
  },
  "0.08": {
   "recovered": 0.050935567137028355,
   "offset": -0.029064432862971647
  }
 },
 "eq": {
  "delta": {
   "mean": 12.224434482554594,
   "q50": 12.746063232421875,
   "q90": 17.227483367919923,
   "ci_lo": 11.522901998030644,
   "ci_hi": 12.926103084114688,
   "n_transitions": 1200
  },
  "lambda1": {
   "mean": 0.007163170887633396,
   "median": 0.00609439634144335,
   "ci_lo": 0.00604035161366611,
   "ci_hi": 0.008411175508811998,
   "n_windows": 60,
   "window": 16,
   "k_band": 3,
   "burn_in": 4
  },
  "eps_max": {
   "max": 7.981860160827637,
   "grid_subgroup_max": 4.218872547149658,
   "offgrid_max": 7.981860160827637
  },
  "certified_q90": [
   17.227483367919923,
   34.578813180233375,
   52.05487975512977,
   69.65657981119514,
   87.38481651342573,
   105.24049951956769,
   123.22454502679639,
   141.3378758187255
  ],
  "measured_median": [
   12.785327063013387,
   12.288621378267404,
   12.451737915168579,
   12.579081970118802,
   12.79387478277637,
   12.906716646894566,
   13.00784890213715,
   13.122516998470463
  ],
  "measured_q90": [
   17.239679967870956,
   16.54276922687267,
   16.648053507071054,
   16.766869479025065,
   16.84289656956374,
   17.01660609891293,
   17.102536811000686,
   17.207481376228717
  ],
  "gpre_growth_fit": {
   "lambda_meas_exp_fit": 0.007038215235690564,
   "linear_rate": 2.267053252664226,
   "r2_exp": 0.6040033866393932,
   "r2_linear": -444.34884689465684
  },
  "c3cal_seed0": [
   {
    "eps_mult": 2,
    "eps": 24.448868965109188,
    "H_cert_q90": 1,
    "H_meas": 8,
    "ratio": 0.125
   },
   {
    "eps_mult": 4,
    "eps": 48.897737930218376,
    "H_cert_q90": 2,
    "H_meas": 8,
    "ratio": 0.25
   },
   {
    "eps_mult": 8,
    "eps": 97.79547586043675,
    "H_cert_q90": 5,
    "H_meas": 8,
    "ratio": 0.625
   },
   {
    "eps_mult": 16,
    "eps": 195.5909517208735,
    "H_cert_q90": 8,
    "H_meas": 8,
    "ratio": 1.0
   }
  ]
 },
 "plain_match": {
  "delta": {
   "mean": 7.676949530740579,
   "q50": 6.8605592250823975,
   "q90": 12.748010349273683,
   "ci_lo": 7.296707109379272,
   "ci_hi": 8.088581354928511,
   "n_transitions": 1200
  },
  "lambda1": {
   "mean": -0.005841345681744753,
   "median": -0.00329861365479639,
   "ci_lo": -0.007738938340872259,
   "ci_hi": -0.004172103270053214,
   "n_windows": 60,
   "window": 16,
   "k_band": 3,
   "burn_in": 4
  },
  "eps_max": null,
  "certified_q90": [
   12.748010349273683,
   25.42177222994964,
   38.02171808873424,
   50.54827785362712,
   63.001878948589415,
   75.38294630813014,
   87.69190239180409,
   99.92916719862687
  ],
  "measured_median": [
   6.77899458445849,
   7.283363021837279,
   7.604391992649724,
   7.981430270477001,
   8.219373100369548,
   8.570980625198073,
   8.946864896502118,
   9.3740254064112
  ],
  "measured_q90": [
   12.730605781852564,
   13.51426492525717,
   14.21030732980223,
   15.042192193738007,
   15.322383581211746,
   16.445162589743024,
   17.52932837596064,
   18.748432456928334
  ],
  "gpre_growth_fit": {
   "lambda_meas_exp_fit": 0.04387730799704578,
   "linear_rate": 1.501115806214857,
   "r2_exp": 0.9926788176944062,
   "r2_linear": -12.298379647596382
  },
  "c3cal_seed0": [
   {
    "eps_mult": 2,
    "eps": 15.353899061481158,
    "H_cert_q90": 1,
    "H_meas": 8,
    "ratio": 0.125
   },
   {
    "eps_mult": 4,
    "eps": 30.707798122962316,
    "H_cert_q90": 2,
    "H_meas": 8,
    "ratio": 0.25
   },
   {
    "eps_mult": 8,
    "eps": 61.41559624592463,
    "H_cert_q90": 4,
    "H_meas": 8,
    "ratio": 0.5
   },
   {
    "eps_mult": 16,
    "eps": 122.83119249184927,
    "H_cert_q90": 8,
    "H_meas": 8,
    "ratio": 1.0
   }
  ]
 },
 "wall_sec": 46.2
}