{
 "seed": 0,
 "gate_floor": 0.7,
 "floor_invariance_max_err": 5.960464477539063e-08,
 "sweep": {
  "per_dim": {
   "pred_loss": 0.017559533968331324,
   "latent_std": 0.3073071241378784,
   "floor_stat": 0.3073071241378784,
   "delta_raw": 1.6124123800794283,
   "delta_norm": 0.46376557784898537,
   "xy_r2": 0.4092297042621844,
   "pass_floor": false
  },
  "per_dim+gated": {
   "pred_loss": 0.012976580358568638,
   "latent_std": 0.32730019092559814,
   "floor_stat": 0.32730019092559814,
   "delta_raw": 1.0835005388905605,
   "delta_norm": 0.2926024028209913,
   "xy_r2": 0.34142215112748053,
   "pass_floor": false
  },
  "per_field": {
   "pred_loss": 0.0014583985847864476,
   "latent_std": 0.08273844420909882,
   "floor_stat": 0.08217819035053253,
   "delta_raw": 0.6024884029229483,
   "delta_norm": 0.6436301156092735,
   "xy_r2": 0.48035615669630205,
   "pass_floor": false
  },
  "per_field+gated": {
   "pred_loss": 0.002107721306235781,
   "latent_std": 0.1361008733510971,
   "floor_stat": 0.13450857996940613,
   "delta_raw": 0.5261854181438684,
   "delta_norm": 0.34172197812719723,
   "xy_r2": 0.37626394298413157,
   "pass_floor": false
  }
 },
 "winner": "per_dim+gated",
 "moat_v15": {
  "eq@k0": {
   "pred_loss": 0.012976580358568638,
   "latent_std": 0.32730019092559814,
   "floor_stat": 0.32730019092559814,
   "delta_raw": 1.0835005388905605,
   "delta_norm": 0.2926024028209913,
   "xy_r2": 0.34142215112748053,
   "pass_floor": false
  },
  "plain@k0": {
   "pred_loss": 0.39191044748775544,
   "latent_std": 0.7654714584350586,
   "floor_stat": 0.7654714584350586,
   "delta_raw": 9.01993320946892,
   "delta_norm": 1.041524126729788,
   "xy_r2": -0.0014437685332009398,
   "pass_floor": true
  },
  "eq@k0.8": {
   "pred_loss": 0.24248813400192867,
   "latent_std": 0.6984724998474121,
   "floor_stat": 0.6984724998474121,
   "delta_raw": 6.03886817937096,
   "delta_norm": 0.7641898287437434,
   "xy_r2": -0.04210458539388262,
   "pass_floor": false
  },
  "plain@k0.8": {
   "pred_loss": 0.22386659019523197,
   "latent_std": 1.019810676574707,
   "floor_stat": 1.019810676574707,
   "delta_raw": 5.056866284112136,
   "delta_norm": 0.4382853262846976,
   "xy_r2": -0.08002348874616638,
   "pass_floor": true
  }
 },
 "moat_ratio_k0": 3.5595200746419464,
 "moat_ratio_k0.8": 0.5735293899490885,
 "wall_sec": 1092.1
}