{
  "passed": true,
  "gate": {
    "equivariant_flat": true,
    "baseline_degrades": true
  },
  "indist_tax_equiv_over_baseline": 1.3842286141046505,
  "thetas_rad": [
    0.0,
    0.39269908169872414,
    0.7853981633974483,
    1.1780972450961724,
    1.5707963267948966,
    1.9634954084936207,
    2.356194490192345,
    2.748893571891069,
    3.141592653589793
  ],
  "equivariant": {
    "fvu": [
      0.009549212642014027,
      0.009549211710691452,
      0.009549210779368877,
      0.009549213573336601,
      0.009549211710691452,
      0.009549212642014027,
      0.009549210779368877,
      0.009549214504659176,
      0.009549212642014027
    ],
    "seen": 0.009549212642014027,
    "ood_max": 0.009549214504659176,
    "ratio": 1.0000001950574586
  },
  "baseline": {
    "fvu": [
      0.006898580584675074,
      0.06929851323366165,
      0.617388904094696,
      1.3728059530258179,
      1.4592658281326294,
      0.7806095480918884,
      0.16748477518558502,
      0.11335060000419617,
      0.302630752325058
    ],
    "seen": 0.006898580584675074,
    "ood_max": 1.4592658281326294,
    "ratio": 211.53131578608088
  },
  "seed": 0,
  "smoke": false,
  "env": "FetchPush-v4"
}