{
  "seeds": [
    0,
    1,
    2
  ],
  "runs": [
    {
      "passed": true,
      "equiv_loss": 0.005113925000526257,
      "mlp_loss": 3.885557603703103e-06,
      "r2_scalar_EL": 0.9221105984741456,
      "r2_vector_EL": 0.009577817413682188,
      "r2_mlp_EL": 0.992948763236789,
      "slowest_mode_invariant": 0.00958211529007031,
      "slowest_mode_equivariant": 0.1453332578786737,
      "slow_scalar": [
        0.052094266597206285,
        0.04312384518474332,
        0.07617548459247771,
        0.06662508429551257,
        0.061156933246037326,
        0.1307867912250195,
        0.17557014316497097,
        0.177713113624036
      ],
      "slow_vector": [
        0.14982265933571068,
        0.15409357985471986,
        0.14882983488156665,
        0.14904313813365977,
        0.14810299618443834,
        0.152051122466137,
        0.15162926328567314,
        0.15082965446777752,
        0.15302841409915352,
        0.1510662883911155,
        0.1502134460328347,
        0.1506596111171991,
        0.15156917343840687,
        0.14996767103219874,
        0.15125636039038529,
        0.14637968252671973
      ],
      "slow_mlp": [
        0.14888018981740653,
        0.14981235004869536,
        0.15216966007362046,
        0.15212337329398984,
        0.14718985772116497,
        0.15302104990371276,
        0.15039311398466734,
        0.14838923438821977,
        0.15072864374104142,
        0.15131537644845508,
        0.14934997139966497,
        0.15279637247463812,
        0.15121370926846894,
        0.1488938712435426,
        0.14937174319944904,
        0.14963733392393108,
        0.14728432758717844,
        0.15117429302324042,
        0.15014381028265156,
        0.1527058546162292,
        0.14986012091630774,
        0.15087765515258747,
        0.14818328735714026,
        0.14836709449188115
      ],
      "eq_invariant_ood_residual": 4.555594475710185e-16,
      "mlp_slow_ood_residual": 1.1670072700558318,
      "encoder_scalar_resid": 5.684341886080802e-14,
      "encoder_vector_resid": 1.7763568394002505e-15,
      "omega": 1.0,
      "dt": 0.15,
      "ds": 8,
      "dv": 8,
      "smoke": false,
      "seed": 0
    },
    {
      "passed": true,
      "equiv_loss": 0.8096118706229245,
      "mlp_loss": 3.3113568594378183e-06,
      "r2_scalar_EL": 0.9850503456465967,
      "r2_vector_EL": 0.01202996379717497,
      "r2_mlp_EL": 0.9876343038441213,
      "slowest_mode_invariant": 0.008502001087744631,
      "slowest_mode_equivariant": 0.14517052275850845,
      "slow_scalar": [
        0.040919131801917544,
        0.09284811695359454,
        0.03374930305763277,
        0.09632426887041191,
        0.05897244724763792,
        0.053384193258006474,
        0.03120602067816407,
        0.08756433903416917
      ],
      "slow_vector": [
        0.15245167270321205,
        0.14936835528328438,
        0.15814142228113257,
        0.1518039724607692,
        0.15954205616570225,
        0.16486747231525392,
        0.1544057185398031,
        0.1575218137617133,
        0.15436029706457258,
        0.1506261659961402,
        0.1520714593067901,
        0.14760097953575466,
        0.16713936251295958,
        0.1605657660643848,
        0.1619160768369941,
        0.16310688364094933
      ],
      "slow_mlp": [
        0.15273088466161497,
        0.15247638192802132,
        0.15142716533020714,
        0.15142245701555615,
        0.15006297052063874,
        0.15203516398286956,
        0.14966232172370356,
        0.14932270423628052,
        0.1508983659342614,
        0.15008953334807076,
        0.15191311743268165,
        0.1512392455830404,
        0.15094991028164814,
        0.15023340636091384,
        0.1492951903692026,
        0.15049792939244155,
        0.15240856862001442,
        0.14796166657297952,
        0.14992529188300155,
        0.1485487034440446,
        0.14720525761022496,
        0.1520917612855494,
        0.14973511219409147,
        0.14784580372778375
      ],
      "eq_invariant_ood_residual": 4.751812372140173e-16,
      "mlp_slow_ood_residual": 1.1739935879779537,
      "encoder_scalar_resid": 1.1368683772161603e-12,
      "encoder_vector_resid": 4.440892098500626e-14,
      "omega": 1.0,
      "dt": 0.15,
      "ds": 8,
      "dv": 8,
      "smoke": false,
      "seed": 1
    },
    {
      "passed": true,
      "equiv_loss": 0.008728517143191132,
      "mlp_loss": 3.459476474034011e-06,
      "r2_scalar_EL": 0.9902556976085808,
      "r2_vector_EL": 0.006795147984656635,
      "r2_mlp_EL": 0.9834691472723203,
      "slowest_mode_invariant": 0.031128563843866114,
      "slowest_mode_equivariant": 0.14572457224545335,
      "slow_scalar": [
        0.34092704781677824,
        0.24115510482305802,
        0.2239944442013238,
        0.2650514158025733,
        0.22804769564050825,
        0.2455087331052211,
        0.22882439663777585,
        0.22058701622235397
      ],
      "slow_vector": [
        0.15199285765244916,
        0.14674446543057573,
        0.14951357822346806,
        0.15326803686514723,
        0.640214958750231,
        0.6666647212244845,
        0.14916860112025226,
        0.1533539769827915,
        0.5681935718394705,
        0.5714191359817337,
        0.1509067181207837,
        0.14963264865297524,
        0.9612253422329889,
        0.892660771050412,
        0.14931942354241554,
        0.15129367417370082
      ],
      "slow_mlp": [
        0.15190603005205236,
        0.14870978744233634,
        0.1521604148423639,
        0.14989389729840566,
        0.14728934521064757,
        0.15253829551884743,
        0.1479335323047196,
        0.15332702832716333,
        0.1489102225883087,
        0.1499541861104032,
        0.14882978408468234,
        0.15312375358157773,
        0.14956043349613662,
        0.14696600684425098,
        0.1515558886068163,
        0.15359919260314578,
        0.14802491514172428,
        0.14827619156020855,
        0.1502710467804488,
        0.14837456550198386,
        0.14840867784033004,
        0.15329107691338162,
        0.1527078272758369,
        0.14907082083879292
      ],
      "eq_invariant_ood_residual": 9.264223387270737e-16,
      "mlp_slow_ood_residual": 1.1784808659864097,
      "encoder_scalar_resid": 2.2737367544323206e-13,
      "encoder_vector_resid": 9.769962616701378e-15,
      "omega": 1.0,
      "dt": 0.15,
      "ds": 8,
      "dv": 8,
      "smoke": false,
      "seed": 2
    }
  ]
}