{
  "seed": 2,
  "smoke": false,
  "N": 40,
  "N_ctrl": 12,
  "hidden": 96,
  "hidden_noise": 0.05,
  "branch": "STRUCTURE_STILL_WINS",
  "positive_control_pass": true,
  "positive_control": {
    "tag": "ctrl",
    "N": 12,
    "hidden": 96,
    "one_step_relmse": 0.0021697224667678685,
    "lambda1": 1.6349958059969665,
    "lambda1_relerr": 0.09974625445469892,
    "sum_topN": -11.738406343817768,
    "n_positive": 3,
    "ky": 7.952937694962119,
    "spectrum_r2": 0.9878830670153806,
    "spurious_lyap_max": -105.3666355543437,
    "lambda_learned": [
      1.6349958059969665,
      0.7619690492143921,
      0.3571734660703999,
      -0.021356851956981813,
      -0.15162544646629786,
      -0.6366402754717336,
      -0.9186427296480926,
      -1.0765373467353843,
      -1.640667875730813,
      -2.2168198828373678,
      -3.328821627550237,
      -4.501432628702617
    ]
  },
  "gru_test": {
    "tag": "test",
    "N": 40,
    "hidden": 96,
    "one_step_relmse": 0.004330503699889285,
    "lambda1": 0.32942371685752775,
    "lambda1_relerr": 0.8172689915905166,
    "sum_topN": 5.636329334184378,
    "n_positive": 35,
    "ky": 40.0,
    "spectrum_r2": -0.2913992248732593,
    "spurious_lyap_max": -0.1021672019760702,
    "lambda_learned": [
      0.32942371685752775,
      0.2868409129207172,
      0.2857633855600502,
      0.268132269536242,
      0.2572985795111579,
      0.2451939231999305,
      0.23120470007312066,
      0.22450240074310904,
      0.21928158122216776,
      0.19388755409799438,
      0.1785052556960389,
      0.176847883297269,
      0.17564126169182578,
      0.17376022429126073,
      0.16965682091401268,
      0.1659447209996167,
      0.14907180821937047,
      0.14528432031807598,
      0.14494320094381577,
      0.14469140386591806,
      0.14310940920450346,
      0.13899501897853622,
      0.13881924281696997,
      0.13839727511333394,
      0.1378610572437105,
      0.12208622598062549,
      0.11533641769606147,
      0.11465987517852548,
      0.10950504299301884,
      0.09937574780157112,
      0.09404604187262011,
      0.09135216512809043,
      0.06965181123750165,
      0.06902433781939118,
      0.05921153482643586,
      -0.005904201020762005,
      -0.006922357907796992,
      -0.020730853139724482,
      -0.06240019827916596,
      -0.07502018331828927
    ]
  },
  "conv_r2": 0.9846271931371511,
  "mlp_r2": -2.7643501281314906,
  "gru_r2": -0.2913992248732593,
  "conv_minus_gru": 1.2760264180104104,
  "lambda_true": [
    1.80277950482996,
    1.5767394730579145,
    1.4204771902365505,
    1.2294741528086812,
    1.017647869124383,
    1.0030725428508631,
    0.7913900270106958,
    0.640452726025385,
    0.3514642054786146,
    0.3251760536344232,
    0.2724024436987047,
    0.13423217366550635,
    0.12767125188401043,
    0.0839278297702765,
    -0.02343992052127633,
    -0.1127275430249913,
    -0.25590587613094545,
    -0.4235129532252998,
    -0.45089480403149496,
    -0.5427835450023392,
    -0.7466906038301364,
    -0.8342865379437303,
    -0.9392118238064984,
    -1.124552418233243,
    -1.2684294303832186,
    -1.3011939175498564,
    -1.4280902019199042,
    -1.579077506450283,
    -1.7183858234798144,
    -1.9169126524468671,
    -2.1139900007309915,
    -2.2523538127641616,
    -2.5211245632265085,
    -2.917723747098047,
    -3.1967075296871177,
    -3.5269096538112263,
    -4.420175641078188,
    -4.684774967426849,
    -5.201103762380223,
    -5.275928820783188
  ]
}