{
  "n_seeds": 15,
  "per_seed": {
    "0": {
      "iv_conv": 165,
      "iv_mlp": 104,
      "lambda1_conv": 0.37651868853458226,
      "lambda1_mlp": 0.7733112402638115,
      "knee_budget": 10,
      "conv_arm_viol_at_knee": 0.013333333333333334,
      "mlp_iso_viol_at_knee": 0.25533333333333336,
      "win_margin": 0.24200000000000002,
      "pareto_frac": 0.625,
      "frontier": {
        "budgets": [
          2,
          5,
          7,
          10,
          12,
          15,
          17,
          20
        ],
        "conv_arm": [
          0.7233333333333334,
          0.438,
          0.236,
          0.013333333333333334,
          0.013333333333333334,
          0.013333333333333334,
          0.013333333333333334,
          0.013333333333333334
        ],
        "mlp_iso": [
          0.7913333333333333,
          0.6046666666666667,
          0.514,
          0.25533333333333336,
          0.098,
          0.0,
          0.0,
          0.0
        ]
      }
    },
    "1": {
      "iv_conv": 160,
      "iv_mlp": 139,
      "lambda1_conv": 0.4214329251731803,
      "lambda1_mlp": 0.5797898342594874,
      "knee_budget": 10,
      "conv_arm_viol_at_knee": 0.0,
      "mlp_iso_viol_at_knee": 0.035333333333333335,
      "win_margin": 0.035333333333333335,
      "pareto_frac": 0.6666666666666666,
      "frontier": {
        "budgets": [
          2,
          4,
          6,
          8,
          9,
          10,
          11,
          13,
          15
        ],
        "conv_arm": [
          0.7673333333333333,
          0.568,
          0.35,
          0.05266666666666667,
          0.03,
          0.0,
          0.0,
          0.0,
          0.0
        ],
        "mlp_iso": [
          0.788,
          0.5986666666666667,
          0.4246666666666667,
          0.20666666666666667,
          0.054,
          0.035333333333333335,
          0.0,
          0.0,
          0.0
        ]
      }
    },
    "2": {
      "iv_conv": 198,
      "iv_mlp": 112,
      "lambda1_conv": 0.3380318214776427,
      "lambda1_mlp": 0.7212827497537664,
      "knee_budget": 8,
      "conv_arm_viol_at_knee": 0.034,
      "mlp_iso_viol_at_knee": 0.3626666666666667,
      "win_margin": 0.32866666666666666,
      "pareto_frac": 0.5555555555555556,
      "frontier": {
        "budgets": [
          2,
          4,
          7,
          8,
          9,
          12,
          14,
          17,
          19
        ],
        "conv_arm": [
          0.706,
          0.406,
          0.10466666666666667,
          0.034,
          0.034,
          0.034,
          0.034,
          0.034,
          0.034
        ],
        "mlp_iso": [
          0.7153333333333334,
          0.656,
          0.39866666666666667,
          0.3626666666666667,
          0.25266666666666665,
          0.03266666666666666,
          0.0,
          0.0,
          0.0
        ]
      }
    },
    "3": {
      "iv_conv": 150,
      "iv_mlp": 155,
      "lambda1_conv": 0.44697768138101673,
      "lambda1_mlp": 0.5183568931461375,
      "knee_budget": 10,
      "conv_arm_viol_at_knee": 0.0,
      "mlp_iso_viol_at_knee": 0.0,
      "win_margin": 0.0,
      "pareto_frac": 0.125,
      "frontier": {
        "budgets": [
          2,
          4,
          5,
          7,
          8,
          10,
          11,
          13
        ],
        "conv_arm": [
          0.7586666666666667,
          0.532,
          0.38133333333333336,
          0.22866666666666666,
          0.086,
          0.0,
          0.0,
          0.0
        ],
        "mlp_iso": [
          0.752,
          0.5213333333333333,
          0.37466666666666665,
          0.216,
          0.09666666666666666,
          0.0,
          0.0,
          0.0
        ]
      }
    },
    "4": {
      "iv_conv": 167,
      "iv_mlp": 180,
      "lambda1_conv": 0.4053484018989216,
      "lambda1_mlp": 0.4469595846263841,
      "knee_budget": 9,
      "conv_arm_viol_at_knee": 0.0,
      "mlp_iso_viol_at_knee": 0.0,
      "win_margin": 0.0,
      "pareto_frac": 0.0,
      "frontier": {
        "budgets": [
          2,
          3,
          5,
          6,
          8,
          9,
          11,
          12
        ],
        "conv_arm": [
          0.7513333333333333,
          0.5513333333333333,
          0.4033333333333333,
          0.224,
          0.09,
          0.0,
          0.0,
          0.0
        ],
        "mlp_iso": [
          0.7413333333333333,
          0.542,
          0.36333333333333334,
          0.224,
          0.0,
          0.0,
          0.0,
          0.0
        ]
      }
    },
    "5": {
      "iv_conv": 181,
      "iv_mlp": 95,
      "lambda1_conv": 0.3722961143705224,
      "lambda1_mlp": 0.8510845418322607,
      "knee_budget": 9,
      "conv_arm_viol_at_knee": 0.011333333333333334,
      "mlp_iso_viol_at_knee": 0.30133333333333334,
      "win_margin": 0.29000000000000004,
      "pareto_frac": 0.5555555555555556,
      "frontier": {
        "budgets": [
          2,
          5,
          7,
          9,
          10,
          13,
          16,
          18,
          21
        ],
        "conv_arm": [
          0.7373333333333333,
          0.36933333333333335,
          0.07933333333333334,
          0.011333333333333334,
          0.011333333333333334,
          0.011333333333333334,
          0.011333333333333334,
          0.011333333333333334,
          0.011333333333333334
        ],
        "mlp_iso": [
          0.7286666666666667,
          0.6486666666666666,
          0.4046666666666667,
          0.30133333333333334,
          0.30666666666666664,
          0.06733333333333333,
          0.0,
          0.0,
          0.0
        ]
      }
    },
    "6": {
      "iv_conv": 221,
      "iv_mlp": 105,
      "lambda1_conv": 0.29593303603021937,
      "lambda1_mlp": 0.765321218750618,
      "knee_budget": 7,
      "conv_arm_viol_at_knee": 0.050666666666666665,
      "mlp_iso_viol_at_knee": 0.4146666666666667,
      "win_margin": 0.364,
      "pareto_frac": 0.625,
      "frontier": {
        "budgets": [
          2,
          5,
          7,
          10,
          12,
          15,
          17,
          20
        ],
        "conv_arm": [
          0.7126666666666667,
          0.246,
          0.050666666666666665,
          0.050666666666666665,
          0.050666666666666665,
          0.050666666666666665,
          0.050666666666666665,
          0.050666666666666665
        ],
        "mlp_iso": [
          0.8373333333333334,
          0.5793333333333334,
          0.4146666666666667,
          0.146,
          0.054,
          0.0,
          0.0,
          0.0
        ]
      }
    },
    "7": {
      "iv_conv": 179,
      "iv_mlp": 118,
      "lambda1_conv": 0.37693064449641617,
      "lambda1_mlp": 0.6792473412904788,
      "knee_budget": 9,
      "conv_arm_viol_at_knee": 0.023333333333333334,
      "mlp_iso_viol_at_knee": 0.208,
      "win_margin": 0.18466666666666665,
      "pareto_frac": 0.6666666666666666,
      "frontier": {
        "budgets": [
          2,
          4,
          6,
          8,
          9,
          11,
          13,
          15,
          17
        ],
        "conv_arm": [
          0.7493333333333333,
          0.5426666666666666,
          0.246,
          0.06933333333333333,
          0.023333333333333334,
          0.023333333333333334,
          0.023333333333333334,
          0.023333333333333334,
          0.023333333333333334
        ],
        "mlp_iso": [
          0.828,
          0.666,
          0.45466666666666666,
          0.34,
          0.208,
          0.051333333333333335,
          0.0,
          0.0,
          0.0
        ]
      }
    },
    "8": {
      "iv_conv": 181,
      "iv_mlp": 146,
      "lambda1_conv": 0.3363582012588481,
      "lambda1_mlp": 0.5506188778712492,
      "knee_budget": 9,
      "conv_arm_viol_at_knee": 0.021333333333333333,
      "mlp_iso_viol_at_knee": 0.05466666666666667,