{
  "N_grid": [
    32,
    128,
    512
  ],
  "seeds": [
    0
  ],
  "updates": 300,
  "n_ood_rotations": 4,
  "curves": {
    "VN": {
      "seen": [
        0.8741158843040466,
        0.6314035654067993,
        0.6508132815361023
      ],
      "seen_std": [
        0.0,
        0.0,
        0.0
      ],
      "ood": [
        0.8741159588098526,
        0.6314034759998322,
        0.6508133262395859
      ],
      "ood_std": [
        0.0,
        0.0,
        0.0
      ],
      "ratio": [
        1.0000000852356161,
        0.9999998583996479,
        1.0000000686886468
      ]
    },
    "MLP": {
      "seen": [
        1.3263132572174072,
        1.1135327816009521,
        1.3730342388153076
      ],
      "seen_std": [
        0.0,
        0.0,
        0.0
      ],
      "ood": [
        4.307687938213348,
        4.5451303124427795,
        7.670289993286133
      ],
      "ood_std": [
        0.0,
        0.0,
        0.0
      ],
      "ratio": [
        3.247866154373543,
        4.081721155894611,
        5.586379258760709
      ]
    }
  },
  "params": {
    "VN": 16856,
    "MLP": 124512
  },
  "frontier": {
    "tau_in": 2.0595513582229614,
    "n_vn_in": 32.0,
    "n_mlp_in": 32.0,
    "mult_in": 1.0,
    "tau_grp": 0.9762199893593788,
    "n_vn_grp": 32.0,
    "n_mlp_grp": null
  },
  "guards": {
    "vn_flat": true,
    "mlp_wall": true,
    "vn_fits": true,
    "vn_descends": true,
    "smaller": true,
    "group_frontier": true,
    "passed": true
  }
}