{
  "mode": "FULL",
  "config": {
    "N_OBJ": 2,
    "P": 24,
    "D_SCENE": 96,
    "A_SCENE_AUG": 12,
    "C_INT": 0.8,
    "N_TRAIN": 1500,
    "N_TEST": 400,
    "EPOCHS": 60,
    "K_OOD": 6,
    "VAR_COEF": 0.1
  },
  "params": {
    "VN-MP": 16920,
    "VN-TP": 65304,
    "MLP-MP": 62304
  },
  "latent_std": {
    "VN-MP": 0.4771336019039154,
    "VN-TP": 0.551903486251831,
    "MLP-MP": 1.1714829206466675
  },
  "equiv_posttrain": {
    "VN-MP": {
      "se3_comp": 3.504753112792969e-05,
      "perm_comp": 0.0
    },
    "VN-TP": {
      "se3_comp": 4.00543212890625e-05,
      "perm_comp": 0.0
    },
    "MLP-MP": {
      "se3_comp": 9.927665710449219,
      "perm_comp": 0.0
    }
  },
  "indist": {
    "VN-MP": 0.33113333582878113,
    "VN-TP": 0.22910423576831818,
    "MLP-MP": 0.0885210782289505
  },
  "tp_gain_vs_vnmp": 1.4453392130368115,
  "gap_closed_frac": 0.42054387964499196,
  "vntp_vs_mlp": 2.5881320059812656,
  "global_ood": {
    "VN-MP": {
      "seen": 0.33113333582878113,
      "ood": 0.3311333159605662,
      "ratio": 0.9999999399993514
    },
    "VN-TP": {
      "seen": 0.22910423576831818,
      "ood": 0.22910420844952264,
      "ratio": 0.9999998807582259
    },
    "MLP-MP": {
      "seen": 0.0885210782289505,
      "ood": 0.8498060380419096,
      "ratio": 9.600041651593706
    }
  },
  "rel_arrange_ood": {
    "VN-MP": {
      "seen": 0.33113333582878113,
      "ood": 0.47680583596229553,
      "ratio": 1.4399209755457456
    },
    "VN-TP": {
      "seen": 0.22910423576831818,
      "ood": 0.3894740343093872,
      "ratio": 1.6999861787943682
    },
    "MLP-MP": {
      "seen": 0.0885210782289505,
      "ood": 0.7932776212692261,
      "ratio": 8.961454572632933
    }
  },
  "verdict": {
    "passed": true,
    "ok_vntp_equiv": true,
    "ok_vntp_closes": true,
    "ok_vntp_global": true,
    "ok_mlp_degrades": true
  }
}