{
  "beta": [
    0.0,
    0.05,
    0.1,
    0.2,
    0.4,
    0.8,
    1.5
  ],
  "eps_world": [
    1.1980894870263798e-16,
    0.007668477882760409,
    0.015333192147631148,
    0.030645963033823408,
    0.061167646004459224,
    0.12150584507054221,
    0.22325296160225813
  ],
  "eq_cv": [
    0.09353139636424633,
    0.4756923758364681,
    0.5636664549394693,
    0.5529834042302887,
    0.5471136042818511,
    0.5341802939717322,
    0.5379528240764477
  ],
  "eq_far": [
    1.067639161185818e-05,
    3.3608390550250927e-05,
    0.00010127650149479427,
    0.0003803330298925111,
    0.001323867124255967,
    0.004224664081595311,
    0.012276320643827296
  ],
  "mlp_far": [
    0.0034134800809574495,
    0.004232182542919527,
    0.003524431627669843,
    0.003429465186309526,
    0.003244505469226411,
    0.003549070692896113,
    0.0036200655917306888
  ],
  "passed": true,
  "corr_eps_far": 0.9762463847993296,
  "corr_eps_cv": 0.37301136403538493,
  "n_equiv_wins": 5,
  "eps_threshold": 0.061167646004459224,
  "theta_max_deg": 50.0,
  "smoke": false,
  "seed": 0
}