{
  "mode": "FULL",
  "config": {
    "N_TRAIN": 1200,
    "EPOCHS": 50,
    "H_ROLL": 6,
    "K": 24,
    "N_OOD": 4,
    "H_GOAL": 6,
    "T_MAX": 8,
    "REPLAN": 2,
    "W_T": 0.5,
    "T_SCALE": 0.8,
    "n_samples": 256,
    "n_iters": 8,
    "n_elite": 25,
    "sigma0": 0.6,
    "w_run": 0.3
  },
  "goal_reorient_deg": 30.692981520434795,
  "panel_A": {
    "verbatim_1step": 0.005702790111963628,
    "equiv_1step_l2": 0.1735515636518892,
    "equiv_rollout_l2": 0.3992747067392937,
    "equiv_rollout_proc": 0.45201051198744174,
    "sweep": {
      "l2_open": 0.3992747067392937,
      "l2_recede": 0.4109686264321895,
      "proc_open": 0.5267735858209046,
      "proc_recede": 0.45201051198744174
    },
    "ceiling_pred": 0.6955185309242262,
    "oracle": 0.9999999921456512
  },
  "best_deployable": 0.5267735858209046,
  "panel_B": {
    "vn_ang": {
      "0": 16.108217537129505,
      "1": 16.108217541784082,
      "2": 16.108217739791353,
      "3": 16.108217865111808,
      "4": 16.108217689065697
    },
    "mlp_ang": {
      "0": 15.196711520219765,
      "1": 16.59751922924463,
      "2": 14.016348827600657,
      "3": 26.7535782795688,
      "4": 48.69934240894916
    },
    "vn_pos": {
      "0": 0.3396441936880039,
      "1": 0.33964419253115236,
      "2": 0.33964420033228854,
      "3": 0.3396441730014345,
      "4": 0.33964418451713757
    },
    "vn_ratio_ci": [
      0.999999987889426,
      1.0000000343966657
    ],
    "mlp_ratio_ci": [
      1.4728274156695023,
      2.1004548404070578
    ],
    "vn_diff_max": 1.8278332483134818e-06,
    "vn_diff_mean": 1.7180873085331783e-07,
    "mlp_diff_mean": 11.319985666121047
  },
  "panel_C": {
    "l2_cost_inv": 7.839729740055645e-06,
    "proc_cost_inv": 6.821915077281915e-08,
    "vn_composed_equiv": 4.231929779052734e-06,
    "mlp_composed_equiv": 5.145212173461914
  },
  "checks": {
    "ok_cured": true,
    "ok_vn_flat": true,
    "ok_mlp_degrades": true,
    "ok_separated": true,
    "ok_equiv": true,
    "ok_cost_inv": true
  },
  "passed": true
}