{
  "mode": "SMOKE",
  "group": "SO(3)",
  "config": {
    "seeds": [
      0,
      1
    ],
    "hvals": [
      1,
      4,
      16
    ],
    "tau": 0.05,
    "n_data": 512,
    "steps": 400,
    "batch": 128,
    "coverage_deg": 90,
    "n_test": 400,
    "n_state": 6
  },
  "params": {
    "VN": 3488,
    "MLP": 76050
  },
  "models": {
    "VN": {
      "seen": {
        "1": [
          1.3729480576670445e-05,
          2.6768244381758536e-06
        ],
        "4": [
          0.00024203607367424802,
          3.0991554268389176e-05
        ],
        "16": [
          0.02865987275184887,
          0.000420213523476996
        ]
      },
      "ood": {
        "1": [
          1.3729486608565793e-05,
          2.6768213293193718e-06
        ],
        "4": [
          0.0002420360814870754,
          3.099151304410249e-05
        ],
        "16": [
          0.028659871780541028,
          0.0004202148971137235
        ]
      },
      "ratio": {
        "1": [
          1.0000003961055717,
          3.0366489321211793e-07
        ],
        "4": [
          1.0000000393752875,
          1.7536471831717272e-07
        ],
        "16": [
          0.9999999657191905,
          4.8431547404556215e-08
        ]
      },
      "eq": {
        "1": [
          6.929310419321106e-08,
          1.7151731470622436e-09
        ],
        "4": [
          1.0124529671738669e-07,
          5.358063423676894e-09
        ],
        "16": [
          1.702153961739359e-07,
          2.465760534517154e-08
        ]
      }
    },
    "MLP": {
      "seen": {
        "1": [
          1.7887414408693904e-05,
          1.8430711860753972e-06
        ],
        "4": [
          0.00029070528197611644,
          3.7927785824845555e-05
        ],
        "16": [
          0.017488399404680756,
          0.002854126342606618
        ]
      },
      "ood": {
        "1": [
          0.0005741628139832246,
          0.00010036306821330817
        ],
        "4": [
          0.008630187216091764,
          0.0014692621811745684
        ],
        "16": [
          0.08748135849561305,
          0.015176437719120242
        ]
      },
      "ratio": {
        "1": [
          31.979397576825143,
          2.315748868407198
        ],
        "4": [
          29.609369997331022,
          1.1910493471686796
        ],
        "16": [
          4.997997577165179,
          0.052121475082103866
        ]
      },
      "eq": {
        "1": [
          0.04309275285730736,
          0.007207878026160085
        ],
        "4": [
          0.1672567085079122,
          0.025938058725501475
        ],
        "16": [
          0.4885950555881047,
          0.02132546255106421
        ]
      }
    }
  },
  "derived": {
    "vn_ratio_max": 1.0000003961055717,
    "vn_eq_max": 1.702153961739359e-07,
    "vn_ratio_H1": 1.0000003961055717,
    "vn_ratio_Hm": 0.9999999657191905,
    "mlp_ratio_H1": 31.979397576825143,
    "mlp_ratio_Hm": 4.997997577165179,
    "mlp_ratio_min": 4.997997577165179,
    "mlp_ratio_max": 31.979397576825143,
    "mlp_eq_min": 0.04309275285730736,
    "mlp_eq_H1": 0.04309275285730736,
    "mlp_eq_Hm": 0.4885950555881047,
    "vn_seen_H1": 1.3729480576670445e-05,
    "vn_seen_Hm": 0.02865987275184887,
    "mlp_seen_H1": 1.7887414408693904e-05,
    "mlp_seen_Hm": 0.017488399404680756,
    "vn_rollout_flat": true,
    "vn_rollout_exact": true,
    "mlp_gap_persists": true,
    "mlp_exactness_compounds": true,
    "rollout_accumulates": true
  }
}