{
  "mode": "SMOKE",
  "config": {
    "SEEDS": [
      0
    ],
    "N_DATA": 64,
    "N_STEPS": 600,
    "LR": 0.03,
    "THETA_MAX": 1.2,
    "K_LADDER": [
      1,
      2,
      3,
      4,
      5
    ],
    "BREAK_BETA": 0.3,
    "C_INT": 0.8,
    "TRUE_DIM": 3,
    "BROKEN_DIM": 1
  },
  "resid_mean": {
    "TRUE": {
      "1": 8.416149179478472e-14,
      "2": 1.0577030516625147e-13,
      "3": 1.0283932722326278e-13,
      "4": 0.003943888936191797,
      "5": 0.04661263898015022
    },
    "BROKEN": {
      "1": 1.8502596677016925e-10,
      "2": 0.0057524424046278,
      "3": 0.02263624407351017,
      "4": 0.013365757651627064,
      "5": 0.01600331999361515
    }
  },
  "resid_std": {
    "TRUE": {
      "1": 0.0,
      "2": 0.0,
      "3": 0.0,
      "4": 0.0,
      "5": 0.0
    },
    "BROKEN": {
      "1": 0.0,
      "2": 0.0,
      "3": 0.0,
      "4": 0.0,
      "5": 0.0
    }
  },
  "resid_per_seed": {
    "TRUE": {
      "1": [
        8.416149179478472e-14
      ],
      "2": [
        1.0577030516625147e-13
      ],
      "3": [
        1.0283932722326278e-13
      ],
      "4": [
        0.003943888936191797
      ],
      "5": [
        0.04661263898015022
      ]
    },
    "BROKEN": {
      "1": [
        1.8502596677016925e-10
      ],
      "2": [
        0.0057524424046278
      ],
      "3": [
        0.02263624407351017
      ],
      "4": [
        0.013365757651627064
      ],
      "5": [
        0.01600331999361515
      ]
    }
  },
  "dim_true": 3,
  "dim_broken": 1,
  "true_jump_K4_over_K3": 3943888936.1917973,
  "broken_jump_K2_over_K1": 31089919.458565615,
  "recover": {
    "frac_in_so3": 0.9999998211860657,
    "antisym_frac": 1.744919018165092e-07,
    "closure_resid": 5.523165935955436e-07,
    "struct_const_norm": 1.732050721536981
  },
  "reject": {
    "broken_axis_align": 1.0,
    "broken_antisym_frac": 4.5292148570297286e-05,
    "broken_vs_true_k3": 22636244073.51017
  },
  "beta_sweep": {
    "betas": [
      0.1,
      0.3
    ],
    "k1_resid": {
      "0.1": 7.781115982652409e-07,
      "0.3": 1.8502596677016925e-10
    },
    "k2_resid": {
      "0.1": 0.003561532124876976,
      "0.3": 0.0057524424046278
    },
    "axis_align": {
      "0.1": 0.9999911785125732,
      "0.3": 1.0
    },
    "dims": [
      1,
      1
    ],
    "all_dim1": true,
    "all_axis": true
  },
  "verdict": {
    "passed": true,
    "ok_recover_so3": true,
    "ok_dim_true": true,
    "ok_reject_broken": true,
    "ok_broken_axis": true,
    "ok_broken_differs": true,
    "ok_beta_sweep": true
  }
}