{
  "verdict": {
    "n_seeds": 5,
    "win_margins": [
      0.24200000000000002,
      0.035333333333333335,
      0.32866666666666666,
      0.0,
      0.0
    ],
    "n_win_strict": 2,
    "note": "5-seed update 2026-06-10: wins occur exactly on the seeds where the dense lambda1 inflates (2/5 at N=24 \u2014 near the ring's own phase-transition edge); on the other 3 the dense cert is incidentally faithful (iv_mlp ~ iv_conv) and the schedules coincide.",
    "eps": 0.2,
    "N": 24,
    "L": 1500
  },
  "per_seed": {
    "0": {
      "iv_conv": 165,
      "iv_mlp": 104,
      "lambda1_conv": 0.37651868853458226,
      "lambda1_mlp": 0.7733112402638115,
      "knee_budget": 10,
      "conv_arm_viol_at_knee": 0.013333333333333334,
      "mlp_iso_viol_at_knee": 0.25533333333333336,
      "win_margin": 0.24200000000000002,
      "pareto_frac": 0.625,
      "frontier": {
        "budgets": [
          2,
          5,
          7,
          10,
          12,
          15,
          17,
          20
        ],
        "conv_arm": [
          0.7233333333333334,
          0.438,
          0.236,
          0.013333333333333334,
          0.013333333333333334,
          0.013333333333333334,
          0.013333333333333334,
          0.013333333333333334
        ],
        "mlp_iso": [
          0.7913333333333333,
          0.6046666666666667,
          0.514,
          0.25533333333333336,
          0.098,
          0.0,
          0.0,
          0.0
        ]
      }
    },
    "1": {
      "iv_conv": 160,
      "iv_mlp": 139,
      "lambda1_conv": 0.4214329251731803,
      "lambda1_mlp": 0.5797898342594874,
      "knee_budget": 10,
      "conv_arm_viol_at_knee": 0.0,
      "mlp_iso_viol_at_knee": 0.035333333333333335,
      "win_margin": 0.035333333333333335,
      "pareto_frac": 0.6666666666666666,
      "frontier": {
        "budgets": [
          2,
          4,
          6,
          8,
          9,
          10,
          11,
          13,
          15
        ],
        "conv_arm": [
          0.7673333333333333,
          0.568,
          0.35,
          0.05266666666666667,
          0.03,
          0.0,
          0.0,
          0.0,
          0.0
        ],
        "mlp_iso": [
          0.788,
          0.5986666666666667,
          0.4246666666666667,
          0.20666666666666667,
          0.054,
          0.035333333333333335,
          0.0,
          0.0,
          0.0
        ]
      }
    },
    "2": {
      "iv_conv": 198,
      "iv_mlp": 112,
      "lambda1_conv": 0.3380318214776427,
      "lambda1_mlp": 0.7212827497537664,
      "knee_budget": 8,
      "conv_arm_viol_at_knee": 0.034,
      "mlp_iso_viol_at_knee": 0.3626666666666667,
      "win_margin": 0.32866666666666666,
      "pareto_frac": 0.5555555555555556,
      "frontier": {
        "budgets": [
          2,
          4,
          7,
          8,
          9,
          12,
          14,
          17,
          19
        ],
        "conv_arm": [
          0.706,
          0.406,
          0.10466666666666667,
          0.034,
          0.034,
          0.034,
          0.034,
          0.034,
          0.034
        ],
        "mlp_iso": [
          0.7153333333333334,
          0.656,
          0.39866666666666667,
          0.3626666666666667,
          0.25266666666666665,
          0.03266666666666666,
          0.0,
          0.0,
          0.0
        ]
      }
    },
    "3": {
      "iv_conv": 150,
      "iv_mlp": 155,
      "lambda1_conv": 0.44697768138101673,
      "lambda1_mlp": 0.5183568931461375,
      "knee_budget": 10,
      "conv_arm_viol_at_knee": 0.0,
      "mlp_iso_viol_at_knee": 0.0,
      "win_margin": 0.0,
      "pareto_frac": 0.125,
      "frontier": {
        "budgets": [
          2,
          4,
          5,
          7,
          8,
          10,
          11,
          13
        ],
        "conv_arm": [
          0.7586666666666667,
          0.532,
          0.38133333333333336,
          0.22866666666666666,
          0.086,
          0.0,
          0.0,
          0.0
        ],
        "mlp_iso": [
          0.752,
          0.5213333333333333,
          0.37466666666666665,
          0.216,
          0.09666666666666666,
          0.0,
          0.0,
          0.0
        ]
      }
    },
    "4": {
      "iv_conv": 167,
      "iv_mlp": 180,
      "lambda1_conv": 0.4053484018989216,
      "lambda1_mlp": 0.4469595846263841,
      "knee_budget": 9,
      "conv_arm_viol_at_knee": 0.0,
      "mlp_iso_viol_at_knee": 0.0,
      "win_margin": 0.0,
      "pareto_frac": 0.0,
      "frontier": {
        "budgets": [
          2,
          3,
          5,
          6,
          8,
          9,
          11,
          12
        ],
        "conv_arm": [
          0.7513333333333333,
          0.5513333333333333,
          0.4033333333333333,
          0.224,
          0.09,
          0.0,
          0.0,
          0.0
        ],
        "mlp_iso": [
          0.7413333333333333,
          0.542,
          0.36333333333333334,
          0.224,
          0.0,
          0.0,
          0.0,
          0.0
        ]
      }
    }
  }
}