{
  "cadences": {
    "1": {
      "returns": [
        993.5834231046862,
        993.4690173523043,
        996.3041750621567,
        994.3970711226103,
        977.0455438914631,
        976.7168805552741,
        977.4194077159619,
        978.0485902841173,
        978.4441908524095,
        995.3715407466522
      ],
      "mean": 986.0799840687636
    },
    "2": {
      "returns": [
        990.5501587346087,
        804.1473213892978,
        948.1782185757648,
        988.9375892089353,
        794.8521489896648,
        975.5943157653363,
        784.4396506578805,
        977.9749050846206,
        717.8934973658216,
        944.6197678427332
      ],
      "mean": 892.7187573614663
    },
    "4": {
      "returns": [
        644.4306110798104,
        585.3169093924644,
        746.5638694882291,
        661.4509720540384,
        536.6467012606817,
        558.9540710921123,
        828.6533777837645,
        602.9881938081523,
        592.0143946569175,
        745.9214646583303
      ],
      "mean": 650.2940565274502
    },
    "6": {
      "returns": [
        560.6320998737777,
        597.3999623012315,
        558.5652418905253,
        564.5041284728225,
        538.5469816654063,
        695.1837715068087,
        484.0707611059341,
        393.543684051136,
        603.7496907777067,
        688.3487048635735
      ],
      "mean": 568.4545026508922
    },
    "8": {
      "returns": [
        213.32788521641348,
        566.7662719114487,
        432.1721531003951,
        527.4182017835301,
        684.926996655242,
        581.0895612136068,
        409.657083765617,
        420.70885272314604,
        549.4622145935441,
        478.710054297381
      ],
      "mean": 486.42392752603246
    },
    "12": {
      "returns": [
        342.3304364564804,
        294.2396928026309,
        418.87722247416696,
        249.68829441053037,
        407.7502791675718,
        419.5386219021573,
        369.67707490539885,
        253.85035798403345,
        400.8488156540323,
        310.9855626618434
      ],
      "mean": 346.7786358418846
    },
    "24": {
      "returns": [
        351.39378612683856,
        177.50838349920477,
        186.22437862255336,
        260.4153966595112,
        163.37068956930304,
        219.17919323549245,
        160.14247831655672,
        52.28435493290634,
        151.487634241772,
        187.69086595470569
      ],
      "mean": 190.9697161158844
    }
  },
  "official_band": [
    977.4,
    983.1
  ],
  "T1_eps02_band": [
    5.4,
    6.4
  ],
  "convention": "replan every k steps; between replans act tanh(mu_pi) on the imagined latent (the certified prior loop)"
}