{
  "verdict": {
    "G1_pass": true,
    "n_win": 2,
    "n_seeds": 3,
    "win_margins": [
      0.24200000000000002,
      0.035333333333333335,
      0.32866666666666666
    ],
    "eps": 0.2,
    "N": 24,
    "L": 1500,
    "smoke": false
  },
  "per_seed": {
    "0": {
      "iv_conv": 165,
      "iv_mlp": 104,
      "lambda1_conv": 0.37651868853458226,
      "lambda1_mlp": 0.7733112402638115,
      "knee_budget": 10,
      "conv_arm_viol_at_knee": 0.013333333333333334,
      "mlp_iso_viol_at_knee": 0.25533333333333336,
      "win_margin": 0.24200000000000002,
      "pareto_frac": 0.625,
      "frontier": {
        "budgets": [
          2,
          5,
          7,
          10,
          12,
          15,
          17,
          20
        ],
        "conv_arm": [
          0.7233333333333334,
          0.438,
          0.236,
          0.013333333333333334,
          0.013333333333333334,
          0.013333333333333334,
          0.013333333333333334,
          0.013333333333333334
        ],
        "mlp_iso": [
          0.7913333333333333,
          0.6046666666666667,
          0.514,
          0.25533333333333336,
          0.098,
          0.0,
          0.0,
          0.0
        ]
      }
    },
    "1": {
      "iv_conv": 160,
      "iv_mlp": 139,
      "lambda1_conv": 0.4214329251731803,
      "lambda1_mlp": 0.5797898342594874,
      "knee_budget": 10,
      "conv_arm_viol_at_knee": 0.0,
      "mlp_iso_viol_at_knee": 0.035333333333333335,
      "win_margin": 0.035333333333333335,
      "pareto_frac": 0.6666666666666666,
      "frontier": {
        "budgets": [
          2,
          4,
          6,
          8,
          9,
          10,
          11,
          13,
          15
        ],
        "conv_arm": [
          0.7673333333333333,
          0.568,
          0.35,
          0.05266666666666667,
          0.03,
          0.0,
          0.0,
          0.0,
          0.0
        ],
        "mlp_iso": [
          0.788,
          0.5986666666666667,
          0.4246666666666667,
          0.20666666666666667,
          0.054,
          0.035333333333333335,
          0.0,
          0.0,
          0.0
        ]
      }
    },
    "2": {
      "iv_conv": 198,
      "iv_mlp": 112,
      "lambda1_conv": 0.3380318214776427,
      "lambda1_mlp": 0.7212827497537664,
      "knee_budget": 8,
      "conv_arm_viol_at_knee": 0.034,
      "mlp_iso_viol_at_knee": 0.3626666666666667,
      "win_margin": 0.32866666666666666,
      "pareto_frac": 0.5555555555555556,
      "frontier": {
        "budgets": [
          2,
          4,
          7,
          8,
          9,
          12,
          14,
          17,
          19
        ],
        "conv_arm": [
          0.706,
          0.406,
          0.10466666666666667,
          0.034,
          0.034,
          0.034,
          0.034,
          0.034,
          0.034
        ],
        "mlp_iso": [
          0.7153333333333334,
          0.656,
          0.39866666666666667,
          0.3626666666666667,
          0.25266666666666665,
          0.03266666666666666,
          0.0,
          0.0,
          0.0
        ]
      }
    }
  }
}