{
  "verdict": {
    "G1_pass": true,
    "n_win": 1,
    "n_seeds": 1,
    "win_margins": [
      0.542
    ],
    "eps": 0.2,
    "N": 40,
    "L": 1500,
    "smoke": false
  },
  "per_seed": {
    "16": {
      "iv_conv": 92,
      "iv_mlp": 25,
      "lambda1_conv": 1.525569626538585,
      "lambda1_mlp": 6.507370905500469,
      "knee_budget": 17,
      "cover_mlp_budget": 60,
      "conv_arm_viol_at_knee": 0.14866666666666667,
      "mlp_iso_viol_at_knee": 0.6906666666666667,
      "win_margin": 0.542,
      "pareto_frac_conv_below_mlp": 0.6,
      "frontier": {
        "budgets": [
          2,
          13,
          17,
          24,
          35,
          45,
          56,
          60,
          67,
          78
        ],
        "conv_arm": [
          0.9226666666666666,
          0.334,
          0.14866666666666667,
          0.14866666666666667,
          0.14866666666666667,
          0.14866666666666667,
          0.14866666666666667,
          0.14866666666666667,
          0.14866666666666667,
          0.14866666666666667
        ],
        "mlp_iso": [
          0.9566666666666667,
          0.748,
          0.6906666666666667,
          0.5693333333333334,
          0.38266666666666665,
          0.22066666666666668,
          0.022,
          0.0,
          0.0,
          0.0
        ],
        "mlp_pkg": [
          0.9546666666666667,
          0.7646666666666667,
          0.6873333333333334,
          0.5733333333333334,
          0.40066666666666667,
          0.22333333333333333,
          0.042,
          0.0,
          0.0,
          0.0
        ],
        "adaptive": [
          0.9693333333333334,
          0.8666666666666667,
          0.8473333333333334,
          0.7673333333333333,
          0.558,
          0.29333333333333333,
          0.002,
          0.002,
          0.002,
          0.002
        ]
      }
    }
  }
}