{
  "mode": "FULL",
  "config": {
    "BUDGET_RUNGS": [
      "B16-nout16",
      "B24-nout24",
      "B32-nout32",
      "B48-nout48"
    ],
    "ORACLES": [
      "ORACLE-unit"
    ],
    "labels": {
      "B16-nout16": "nout16 D48 [a,r]",
      "B24-nout24": "nout24 D72 [a,r]",
      "B32-nout32": "nout32 D96 [a,r]",
      "B48-nout48": "nout48 D144 [a,r]",
      "ORACLE-unit": "points [a,r_hat]",
      "MLP-MP": "MLP [a,r]"
    },
    "n_out_vec": {
      "B16-nout16": 16,
      "B24-nout24": 24,
      "B32-nout32": 32,
      "B48-nout48": 48
    },
    "LMAX_FIXED": 2,
    "MUL_FIXED": 8,
    "HIDDEN_DIM": 72,
    "SEEDS": [
      0,
      1,
      2,
      3,
      4
    ],
    "N_TRAIN": 1500,
    "N_TEST": 400,
    "EPOCHS": 120,
    "K_OOD": 6,
    "VAR_COEF": 0.1,
    "C_INT": 0.8,
    "AUG": 6,
    "D_OBJ_ORACLE": 72
  },
  "params": {
    "B16-nout16": 65304,
    "B24-nout24": 67928,
    "B32-nout32": 70552,
    "B48-nout48": 75800,
    "ORACLE-unit": 65408,
    "MLP-MP": 62304
  },
  "indist_per_seed": {
    "B16-nout16": [
      0.2653316557407379,
      0.2711222171783447,
      0.2461925894021988,
      0.25394368171691895,
      0.2286541759967804
    ],
    "B24-nout24": [
      0.29566529393196106,
      0.2780326306819916,
      0.24167929589748383,
      0.2010669857263565,
      0.2181951105594635
    ],
    "B32-nout32": [
      0.26859036087989807,
      0.2692089378833771,
      0.25962895154953003,
      0.20667392015457153,
      0.17873124778270721
    ],
    "B48-nout48": [
      0.24656179547309875,
      0.2227516919374466,
      0.2704318165779114,
      0.22131888568401337,
      0.1743829846382141
    ],
    "ORACLE-unit": [
      0.002881566761061549,
      0.002915323479101062,
      0.0020661407615989447,
      0.0018495408585295081,
      0.003194004064425826
    ],
    "MLP-MP": [
      0.1521764099597931,
      0.13315600156784058,
      0.1336400806903839,
      0.129267156124115,
      0.10783861577510834
    ]
  },
  "ood_ratio_per_seed": {
    "B16-nout16": [
      1.0000000374403404,
      0.9999998167965067,
      1.0000000403509606,
      0.9999996479260025,
      0.9999999239695143
    ],
    "B24-nout24": [
      0.9999997984050005,
      1.0000004108950649,
      1.00000064739593,
      0.999999962944784,
      1.0000000796749662
    ],
    "B32-nout32": [
      1.0000000184930453,
      1.0000003136593982,
      0.9999997704237358,
      0.9999999519334252,
      1.0000001806390861
    ],
    "B48-nout48": [
      0.9999995568040787,
      1.000000055746532,
      0.9999997244931942,
      1.0000000224429728,
      0.9999998006148582
    ],
    "ORACLE-unit": [
      1.0000007945335019,
      1.0000006256046903,
      0.9999997934041145,
      0.9999997062668288,
      0.9999996233698201
    ],
    "MLP-MP": [
      6.915920595506933,
      9.39226190662703,
      9.078285164760462,
      9.507321368491642,
      6.227106477652739
    ]
  },
  "se3_per_seed": {
    "B16-nout16": [
      6.449222564697266e-05,
      6.747245788574219e-05,
      7.605552673339844e-05,
      8.288025856018066e-05,
      7.843971252441406e-05
    ],
    "B24-nout24": [
      0.00022745132446289062,
      6.42240047454834e-05,
      0.0003573298454284668,
      6.439536809921265e-05,
      7.450580596923828e-05
    ],
    "B32-nout32": [
      8.094310760498047e-05,
      7.826089859008789e-05,
      5.900859832763672e-05,
      4.6953558921813965e-05,
      4.857778549194336e-05
    ],
    "B48-nout48": [
      9.834766387939453e-05,
      8.678436279296875e-05,
      0.0001248866319656372,
      0.0001741647720336914,
      3.8743019104003906e-05
    ],
    "ORACLE-unit": [
      1.5497207641601562e-06,
      1.6689300537109375e-06,
      1.9073486328125e-06,
      1.9073486328125e-06,
      1.9073486328125e-06
    ],
    "MLP-MP": [
      14.888120651245117,
      16.489978790283203,
      20.436145782470703,
      24.309017181396484,
      18.561046600341797
    ]
  },
  "perm_per_seed": {
    "B16-nout16": [
      0.0,
      0.0,
      0.0,
      0.0,
      0.0
    ],
    "B24-nout24": [
      0.0,
      0.0,
      0.0,
      0.0,
      0.0
    ],
    "B32-nout32": [
      0.0,
      0.0,
      0.0,
      0.0,
      0.0
    ],
    "B48-nout48": [
      0.0,
      0.0,
      0.0,
      0.0,
      0.0
    ],
    "ORACLE-unit": [
      0.0,
      0.0,
      0.0,
      0.0,
      0.0
    ],
    "MLP-MP": [
      0.0,
      0.0,
      0.0,
      0.0,
      0.0
    ]
  },
  "indist_mean": {
    "B16-nout16": 0.25304886400699617,
    "B24-nout24": 0.2469278633594513,
    "B32-nout32": 0.2365666836500168,
    "B48-nout48": 0.22708943486213684,
    "ORACLE-unit": 0.002581315184943378,
    "MLP-MP": 0.1312156528234482
  },
  "indist_std": {
    "B16-nout16": 0.01496945604180002,
    "B24-nout24": 0.03549417509999438,
    "B32-nout32": 0.03704434050373732,
    "B48-nout48": 0.03189927907418578,
    "ORACLE-unit": 0.0005249759163686983,
    "MLP-MP": 0.014137033946393703
  },
  "ood_ratio_mean": {
    "B16-nout16": 0.9999998932966649,
    "B24-nout24": 1.000000179863149,
    "B32-nout32": 1.0000000470297379,
    "B48-nout48": 0.9999998320203272,
    "ORACLE-unit": 1.0000001086357913,
    "MLP-MP": 8.22417910260776
  },
  "se3_mean": {
    "B16-nout16": 7.38680362701416e-05,
    "B24-nout24": 0.00015758126974105836,
    "B32-nout32": 6.274878978729248e-05,
    "B48-nout48": 0.00010458528995513917,
    "ORACLE-unit": 1.7881393432617188e-06,
    "MLP-MP": 18.93686180114746
  },
  "perm_mean": {
    "B16-nout16": 0.0,
    "B24-nout24": 0.0,
    "B32-nout32": 0.0,
    "B48-nout48": 0.0,
    "ORACLE-unit": 0.0,
    "MLP-MP": 0.0
  },
  "conv_per_seed": {
    "B16-nout16": [
      0.05766648790775418,
      0.03258468193776116,
      0.028453125327100412,
      0.01680039974046141,
      0.03002746140122703
    ],
    "B24-nout24": [
      0.029784294932953877,
      0.07694311597117552,
      0.025566833421325715,
      0.019510158351366054,
      0.028941566321701626
    ],
    "B32-nout32": [
      0.0118948218641414,
      0.005373146451516367,
      0.00959809863929513,
      0.024084466880258327,
      0.044586316536602444
    ],
    "B48-nout48": [
      0.054216687782847724,
      0.044479858293485275,
      0.07212317673627149,
      0.033339022681778435,
      0.0266728037581976
    ],
    "ORACLE-unit": [
      0.06685015477337214,
      0.04674093666856501,
      0.05941980917453186,
      0.01813503201340284,
      0.13800202709485573
    ],
    "MLP-MP": [
      0.7004177605916141,
      0.636712011055276,
      0.9899083835838546,
      0.9380353814331729,
      0.7346117468452744
    ]
  },
  "conv_mean": {
    "B16-nout16": 0.03310643126286084,
    "B24-nout24": 0.03614919379970456,
    "B32-nout32": 0.019107370074362733,
    "B48-nout48": 0.046166309850516105,
    "ORACLE-unit": 0.0658295919449455,
    "MLP-MP": 0.7999370567018383
  },
  "ok_converged": false,
  "cap": 0.25304886400699617,
  "mlp": 0.1312156528234482,
  "gap": 0.12183321118354798,
  "oracle_unit": 0.002581315184943378,
  "widest": 0.22708943486213684,
  "best_budget": 0.22708943486213684,
  "best_budget_variant": "B48-nout48",
  "widest_gap_closed_frac": 0.21307350346163095,
  "best_budget_gap_closed_frac": 0.21307350346163095,
  "oracle_gap_closed_frac": 2.0558232553249427,
  "saturation_residual_ratio": 3.241043358698492,
  "reading": "budget_not_cap",
  "verdict": {
    "passed": false,
    "ok_equiv": true,
    "ok_global_flat": true,
    "ok_mlp_degrades": true,
    "ok_converged": false,
    "ok_conclusive": true
  }
}