{
  "mode": "SMOKE",
  "config": {
    "N_TRAIN": 200,
    "EPOCHS": 3,
    "K_HEAD": 3,
    "K_SWEEP": [
      3,
      4
    ],
    "K_TASKS": 6,
    "K_SWEEP_TASKS": 4,
    "SWEEP_SEEDS": [
      4000
    ],
    "N_OOD": 1,
    "BETA": 10.0,
    "EPS0_HEAD": 0.15,
    "T_MAX": 18,
    "REPLAN": 4,
    "W_T": 2.0,
    "DELTA_FRAC": 0.6,
    "cem": {
      "H": 8,
      "n_samples": 64,
      "n_iters": 3,
      "n_elite": 8,
      "sigma0": 0.6,
      "w_run": 0.3
    }
  },
  "params": {
    "VN": 16856,
    "MLP": 124512
  },
  "equivariance": {
    "VN": {
      "enc": 7.0855021476745605e-06,
      "pred": 1.1920928955078125e-07
    },
    "MLP": {
      "enc": 0.6126671433448792,
      "pred": 0.9376019835472107
    }
  },
  "hedge_floor": 0.7946778315002359,
  "task_win": {
    "K": 3,
    "eps0": 0.15,
    "reward_pos": 0.8216581104558807,
    "reward_pos_ci": [
      0.5193981774715458,
      1.1164621983681953
    ],
    "efe_pos": 0.3411282575582147,
    "efe_pos_ci": [
      0.2149671086017657,
      0.4578177530607172
    ],
    "oracle_pos": 0.1991081857256777,
    "oracle_pos_ci": [
      0.14732891458450195,
      0.262959481612046
    ],
    "reward_ang": 36.81339177239374,
    "efe_ang": 15.587455171206594,
    "oracle_ang": 9.519148628498264,
    "efe_n_sense": 6.333333333333333,
    "efe_p_true": 0.9953968654164979,
    "drop_mean": 0.48052985289766587,
    "drop_ci": [
      0.16003155532941343,
      0.7847005900902979
    ],
    "ratio_mean": 0.41517055964913,
    "ratio_ci": [
      0.2378565405141451,
      0.6945957900063995
    ],
    "oracle_gap_mean": 0.14202007183253698,
    "oracle_gap_ci": [
      0.027568816939334273,
      0.2564713267257397
    ],
    "reward_oracle_gap": 0.622549924730203
  },
  "k_sweep": [
    {
      "K": 3,
      "n_tasks": 4,
      "efe_pos": 0.6540157399915112,
      "efe_pos_ci": [
        0.37533877800192716,
        0.8925738137734549
      ],
      "reward_pos": 0.6457738880321211,
      "oracle_pos": 0.1948593570383187,
      "ratio": 1.0127627519664903,
      "ratio_ci": [
        0.7515117486754075,
        1.2974394944378067
      ],
      "drop_lo": -0.15157357880392267,
      "won": false
    },
    {
      "K": 4,
      "n_tasks": 4,
      "efe_pos": 0.3376191837844972,
      "efe_pos_ci": [
        0.2949292200554007,
        0.3803091475135936
      ],
      "reward_pos": 0.7516894620955402,
      "oracle_pos": 0.22191918593013416,
      "ratio": 0.44914715558641893,
      "ratio_ci": [
        0.33065467391749376,
        0.5458624334276467
      ],
      "drop_lo": 0.30010160206956366,
      "won": true
    }
  ],
  "no_free_lunch": {
    "eps0": 0.6666666666666666,
    "efe_pos": 0.8995354176954987,
    "reward_pos": 0.8995354176954987,
    "ratio": 1.0,
    "ratio_ci": [
      1.0,
      1.0
    ],
    "drop_lo": 0.0,
    "won": false
  },
  "affordance_collapse": {
    "efe_pos": 0.6285976542482309,
    "reward_pos": 0.890564447749776,
    "ratio": 0.7058418465238908,
    "ratio_ci": [
      0.27691848813115855,
      1.1467788868569597
    ],
    "drop_lo": -0.15213630485943225,
    "efe_n_sense": 11.666666666666666,
    "reward_n_sense": 0.16666666666666666,
    "won": false
  },
  "invariance": {
    "ig_field": {
      "VN": 4.8363047788768654e-08,
      "MLP": 1.2110614733273906e-09
    },
    "outcome": {
      "VN": {
        "pos": 2.6940314090673212e-08,
        "ang": 7.181391126209746e-07
      },
      "MLP": {
        "pos": 0.12118816024138646,
        "ang": 5.731078785186046
      }
    },
    "plan_equiv": 4.923988683458447e-08
  },
  "verdict": {
    "passed": false,
    "ok_task_win": true,
    "ok_near_oracle": true,
    "ok_k_sweep": false,
    "ok_no_free_lunch": true,
    "ok_affordance": true,
    "ok_vn_inv": true,
    "ok_mlp_breaks": true,
    "ok_equiv": true
  }
}