{
 "n_seeds": 20,
 "win_margins": [
  0.45000000000000007,
  0.5006666666666667,
  0.5653333333333334,
  0.5413333333333333,
  0.5153333333333334,
  0.4733333333333334,
  0.5473333333333332,
  0.5399999999999999,
  0.45266666666666666,
  0.542,
  0.5386666666666666,
  0.49533333333333335,
  0.5686666666666667,
  0.46066666666666667,
  0.5306666666666666,
  0.526,
  0.45133333333333336,
  0.608,
  0.41066666666666674,
  0.6133333333333333
 ],
 "all_win": true,
 "median": 0.5283333333333333,
 "ci95_median": [
  0.4843333333333334,
  0.5416666666666667
 ],
 "ci95_mean": [
  0.4933658333333332,
  0.5398
 ],
 "per_seed_keys": [
  "0",
  "1",
  "10",
  "11",
  "12",
  "13",
  "14",
  "15",
  "16",
  "17",
  "18",
  "19",
  "2",
  "3",
  "4",
  "5",
  "6",
  "7",
  "8",
  "9"
 ]
}