{
  "verdict": {
    "G1_pass": true,
    "n_win": 1,
    "n_seeds": 1,
    "win_margins": [
      0.5686666666666667
    ],
    "eps": 0.2,
    "N": 40,
    "L": 1500,
    "smoke": false
  },
  "per_seed": {
    "19": {
      "iv_conv": 81,
      "iv_mlp": 27,
      "lambda1_conv": 1.6371227497852279,
      "lambda1_mlp": 5.87406891445858,
      "knee_budget": 19,
      "cover_mlp_budget": 56,
      "conv_arm_viol_at_knee": 0.04466666666666667,
      "mlp_iso_viol_at_knee": 0.6133333333333333,
      "win_margin": 0.5686666666666667,
      "pareto_frac_conv_below_mlp": 0.6,
      "frontier": {
        "budgets": [
          2,
          12,
          19,
          22,
          32,
          43,
          53,
          56,
          63,
          73
        ],
        "conv_arm": [
          0.906,
          0.39066666666666666,
          0.04466666666666667,
          0.04466666666666667,
          0.04466666666666667,
          0.04466666666666667,
          0.04466666666666667,
          0.04466666666666667,
          0.04466666666666667,
          0.04466666666666667
        ],
        "mlp_iso": [
          0.9226666666666666,
          0.7613333333333333,
          0.6133333333333333,
          0.5633333333333334,
          0.392,
          0.178,
          0.0,
          0.0,
          0.0,
          0.0
        ],
        "mlp_pkg": [
          0.944,
          0.77,
          0.6413333333333333,
          0.584,
          0.4053333333333333,
          0.21133333333333335,
          0.015333333333333332,
          0.0,
          0.0,
          0.0
        ],
        "adaptive": [
          0.9553333333333334,
          0.896,
          0.838,
          0.786,
          0.6126666666666667,
          0.33266666666666667,
          0.024666666666666667,
          0.0,
          0.0,
          0.0
        ]
      }
    }
  }
}