{
  "verdict": {
    "G1_pass": true,
    "n_win": 1,
    "n_seeds": 1,
    "win_margins": [
      0.5306666666666666
    ],
    "eps": 0.2,
    "N": 40,
    "L": 1500,
    "smoke": false
  },
  "per_seed": {
    "4": {
      "iv_conv": 89,
      "iv_mlp": 28,
      "lambda1_conv": 1.55923101175616,
      "lambda1_mlp": 5.830376766472991,
      "knee_budget": 17,
      "cover_mlp_budget": 54,
      "conv_arm_viol_at_knee": 0.14066666666666666,
      "mlp_iso_viol_at_knee": 0.6713333333333333,
      "win_margin": 0.5306666666666666,
      "pareto_frac_conv_below_mlp": 0.6,
      "frontier": {
        "budgets": [
          2,
          12,
          17,
          22,
          32,
          41,
          51,
          54,
          61,
          71
        ],
        "conv_arm": [
          0.904,
          0.39266666666666666,
          0.14066666666666666,
          0.14066666666666666,
          0.14066666666666666,
          0.14066666666666666,
          0.14066666666666666,
          0.14066666666666666,
          0.14066666666666666,
          0.14066666666666666
        ],
        "mlp_iso": [
          0.944,
          0.7466666666666667,
          0.6713333333333333,
          0.5446666666666666,
          0.3486666666666667,
          0.18733333333333332,
          0.018,
          0.0,
          0.0,
          0.0
        ],
        "mlp_pkg": [
          0.9393333333333334,
          0.7513333333333333,
          0.66,
          0.5566666666666666,
          0.364,
          0.222,
          0.023333333333333334,
          0.0,
          0.0,
          0.0
        ],
        "adaptive": [
          0.9486666666666667,
          0.9206666666666666,
          0.876,
          0.7953333333333333,
          0.6226666666666667,
          0.4053333333333333,
          0.07466666666666667,
          0.0,
          0.0,
          0.0
        ]
      }
    }
  }
}