{
  "cadences": {
    "1": {
      "returns": [
        993.467117021098,
        993.5704310442383,
        996.3197910767396
      ],
      "mean": 994.452446380692
    },
    "2": {
      "returns": [
        954.2171217470828,
        782.1627839091096,
        945.0966378096763
      ],
      "mean": 893.825514488623
    },
    "4": {
      "returns": [
        690.2077103216634,
        138.021419419094,
        700.228670935503
      ],
      "mean": 509.48593355875346
    },
    "6": {
      "returns": [
        594.2263813605142,
        582.1388653021562,
        556.4257808768978
      ],
      "mean": 577.5970091798561
    },
    "8": {
      "returns": [
        347.7092866802136,
        354.4810989827916,
        638.7028854366467
      ],
      "mean": 446.964423699884
    },
    "12": {
      "returns": [
        311.9598497237956,
        156.30915270727562,
        468.5303583751773
      ],
      "mean": 312.2664536020829
    },
    "24": {
      "returns": [
        267.06862706917,
        173.28204003724102,
        134.8088427262197
      ],
      "mean": 191.7198366108769
    }
  },
  "official_band": [
    977.4,
    983.1
  ],
  "T1_eps02_band": [
    5.4,
    6.4
  ],
  "convention": "replan every k steps; between replans act tanh(mu_pi) on the imagined latent (the certified prior loop)"
}