{
  "arm_A_composition": {
    "eq_worst_from_7_generators": 8.764202734852794e-32,
    "mlp_worst_vs_Ktrain": {
      "7": 0.5322353358647052,
      "12": 0.1498438145207686,
      "20": 0.005259519821849344,
      "32": 0.0004532685995976479,
      "44": 0.00021038759465625406,
      "56": 0.00016005194078180503
    },
    "mlp_words_needed_to_match_cert": null,
    "n_total_words": 64,
    "n_generators": 7,
    "mlp_approx_floor": 0.00016005194078180503,
    "exactness_ratio_floor_over_cert": 1.8262008037002956e+27
  },
  "arm_B_single_orbit": {
    "bin_centers_deg": [
      10,
      30,
      50,
      70,
      90,
      110,
      130,
      150,
      170
    ],
    "horizon": 10,
    "eq_curve": [
      0.13286557793617249,
      0.1328655630350113,
      0.13286557793617249,
      0.13286557793617249,
      0.1328655630350113,
      0.1328655630350113,
      0.1328655630350113,
      0.13286560773849487,
      0.1328655630350113
    ],
    "mlp_curve": [
      0.06336645036935806,
      0.14943930506706238,
      0.2421056032180786,
      0.30275532603263855,
      0.31524771451950073,
      0.2952488958835602,
      0.2761581540107727,
      0.27416321635246277,
      0.2872089147567749
    ],
    "aug_mlp_curve": [
      0.08717694133520126,
      0.09045204520225525,
      0.09970060735940933,
      0.10626409947872162,
      0.1023617684841156,
      0.09711770713329315,
      0.09475533664226532,
      0.09436120837926865,
      0.09334855526685715
    ],
    "eq_ratio": 1.0000000373840539,
    "mlp_ratio": 1.8410845743601376,
    "aug_mlp_ratio": 1.0185177006152293
  },
  "arm_A_certificate_exact_augmentation_only_approximate": true,
  "arm_B_augmentation_flattens_single_orbit": true,
  "smoke": false,
  "seed": 2
}