{
  "verdict": {
    "G1_pass": true,
    "n_win": 1,
    "n_seeds": 1,
    "win_margins": [
      0.5386666666666666
    ],
    "eps": 0.2,
    "N": 40,
    "L": 1500,
    "smoke": false
  },
  "per_seed": {
    "17": {
      "iv_conv": 117,
      "iv_mlp": 27,
      "lambda1_conv": 1.1601538053553035,
      "lambda1_mlp": 5.986037019282806,
      "knee_budget": 13,
      "cover_mlp_budget": 56,
      "conv_arm_viol_at_knee": 0.16,
      "mlp_iso_viol_at_knee": 0.6986666666666667,
      "win_margin": 0.5386666666666666,
      "pareto_frac_conv_below_mlp": 0.6,
      "frontier": {
        "budgets": [
          2,
          12,
          13,
          22,
          32,
          43,
          53,
          56,
          63,
          73
        ],
        "conv_arm": [
          0.8693333333333333,
          0.222,
          0.16,
          0.16,
          0.16,
          0.16,
          0.16,
          0.16,
          0.16,
          0.16
        ],
        "mlp_iso": [
          0.9253333333333333,
          0.7526666666666667,
          0.6986666666666667,
          0.5246666666666666,
          0.322,
          0.17133333333333334,
          0.0026666666666666666,
          0.0,
          0.0,
          0.0
        ],
        "mlp_pkg": [
          0.9273333333333333,
          0.7573333333333333,
          0.7513333333333333,
          0.568,
          0.39466666666666667,
          0.17933333333333334,
          0.021333333333333333,
          0.0,
          0.0,
          0.0
        ],
        "adaptive": [
          0.9313333333333333,
          0.898,
          0.89,
          0.772,
          0.5893333333333334,
          0.29733333333333334,
          0.032,
          0.0,
          0.0,
          0.0
        ]
      }
    }
  }
}