{
  "verdict": {
    "G1_pass": true,
    "n_win": 1,
    "n_seeds": 1,
    "win_margins": [
      0.5473333333333332
    ],
    "eps": 0.2,
    "N": 40,
    "L": 1500,
    "smoke": false
  },
  "per_seed": {
    "13": {
      "iv_conv": 92,
      "iv_mlp": 27,
      "lambda1_conv": 1.5046250427100936,
      "lambda1_mlp": 5.941510409784131,
      "knee_budget": 17,
      "cover_mlp_budget": 56,
      "conv_arm_viol_at_knee": 0.14066666666666666,
      "mlp_iso_viol_at_knee": 0.688,
      "win_margin": 0.5473333333333332,
      "pareto_frac_conv_below_mlp": 0.6,
      "frontier": {
        "budgets": [
          2,
          12,
          17,
          22,
          32,
          43,
          53,
          56,
          63,
          73
        ],
        "conv_arm": [
          0.87,
          0.3873333333333333,
          0.14066666666666666,
          0.14066666666666666,
          0.14066666666666666,
          0.14066666666666666,
          0.14066666666666666,
          0.14066666666666666,
          0.14066666666666666,
          0.14066666666666666
        ],
        "mlp_iso": [
          0.944,
          0.7546666666666667,
          0.688,
          0.574,
          0.3993333333333333,
          0.21333333333333335,
          0.0033333333333333335,
          0.0,
          0.0,
          0.0
        ],
        "mlp_pkg": [
          0.9466666666666667,
          0.7513333333333333,
          0.662,
          0.5766666666666667,
          0.398,
          0.204,
          0.022,
          0.0,
          0.0,
          0.0
        ],
        "adaptive": [
          0.956,
          0.8833333333333333,
          0.868,
          0.7926666666666666,
          0.622,
          0.3586666666666667,
          0.06,
          0.005333333333333333,
          0.0033333333333333335,
          0.0033333333333333335
        ]
      }
    }
  }
}