{
  "smoke": false,
  "device": "cuda",
  "env": "Acrobot-v1",
  "group": "Z_2 reflection (theta,omega -> -theta,-omega; a -> 2-a)",
  "env_equivariance": {
    "max_err": 8.881784197001252e-16,
    "commutes": true
  },
  "rk4_matches_gym": {
    "max_err": 2.8530534823545395e-08,
    "matches": true
  },
  "true_dynamics": {
    "lambda1": 0.09386524518519135,
    "lambda1_ci": [
      0.03944401310462903,
      0.15499804185639066
    ],
    "spectrum": [
      0.09386524518519135,
      0.025346872729113405,
      -0.06174199902389115,
      -0.1690924808645424
    ]
  },
  "eps_list": [
    0.01,
    0.1,
    0.3
  ],
  "seeds": [
    0,
    1,
    2
  ],
  "equivariant": {
    "kind": "equi",
    "one_step_relmse": 4.77291650895495e-05,
    "cert": {
      "lambda1": 0.014772166673015907,
      "lambda1_ci": [
        0.010727346652964646,
        0.02003678472921314
      ],
      "T1": 155.87321372430378,
      "T1_ci": [
        114.91789347005029,
        214.64628369753444
      ],
      "T1_steps": 156,
      "route": "bootstrap",
      "cone_t_guar": 0,
      "cone_lambda_cert": 1723532.7936094229,
      "L_J_net": 21.739539774710586,
      "kappa": 12.001396600891931,
      "h": 22885.105153823755,
      "beats_euclidean": false,
      "eps": 0.1,
      "n_pos_exponents": 2,
      "spectrum": [
        0.014772166673015907,
        0.010908466834806677,
        -0.018377275473512353,
        -0.021665346278402185,
        -0.025566450000248656,
        -0.26916179172790716
      ]
    },
    "G0": {
      "passed": true,
      "lambda1": 0.014772166673015907,
      "lambda1_ci": [
        0.010727346652964646,
        0.02003678472921314
      ],
      "strong": true
    },
    "triad_i": {
      "rows": [
        {
          "eps": 0.01,
          "T1_steps": 312,
          "T1": 311.74642744860756,
          "T1_ci": [
            229.83578694010058,
            429.2925673950689
          ],
          "lambda1": 0.014772166673015907,
          "lambda1_ci": [
            0.010727346652964646,
            0.02003678472921314
          ],
          "measured_median": 130.0,
          "measured_p25": 107.75,
          "measured_p75": 181.25,
          "n_censored": 6,
          "ratio_measured_over_certified": 0.4166666666666667,
          "route": "bootstrap",
          "cone_t_guar": 0,
          "L_J_net": 21.739539774710586
        },
        {
          "eps": 0.1,
          "T1_steps": 156,
          "T1": 155.87321372430378,
          "T1_ci": [
            114.91789347005029,
            214.64628369753444
          ],
          "lambda1": 0.014772166673015907,
          "lambda1_ci": [
            0.010727346652964646,
            0.02003678472921314
          ],
          "measured_median": 73.0,
          "measured_p25": 58.5,
          "measured_p75": 106.75,
          "n_censored": 1,
          "ratio_measured_over_certified": 0.46794871794871795,
          "route": "bootstrap",
          "cone_t_guar": 0,
          "L_J_net": 21.739539774710586
        },
        {
          "eps": 0.3,
          "T1_steps": 82,
          "T1": 81.50279041497785,
          "T1_ci": [
            60.08812394787939,
            112.23397949885418
          ],
          "lambda1": 0.014772166673015907,
          "lambda1_ci": [
            0.010727346652964646,
            0.02003678472921314
          ],
          "measured_median": 76.0,
          "measured_p25": 58.5,
          "measured_p75": 109.5,
          "n_censored": 1,
          "ratio_measured_over_certified": 0.926829268292683,
          "route": "bootstrap",
          "cone_t_guar": 0,
          "L_J_net": 21.739539774710586
        }
      ],
      "lambda1": 0.014772166673015907,
      "route": "bootstrap"
    },
    "calibration": {
      "eps_star": 0.3,
      "ratio_star": 0.926829268292683,
      "T1_steps": 82,
      "T1": 81.50279041497785,
      "row": {
        "eps": 0.3,
        "T1_steps": 82,
        "T1": 81.50279041497785,
        "T1_ci": [
          60.08812394787939,
          112.23397949885418
        ],
        "lambda1": 0.014772166673015907,
        "lambda1_ci": [
          0.010727346652964646,
          0.02003678472921314
        ],
        "measured_median": 76.0,
        "measured_p25": 58.5,
        "measured_p75": 109.5,
        "n_censored": 1,
        "ratio_measured_over_certified": 0.926829268292683,
        "route": "bootstrap",
        "cone_t_guar": 0,
        "L_J_net": 21.739539774710586
      },
      "ranking": [
        {
          "eps": 0.3,
          "ratio": 0.926829268292683,
          "dist_to_1": 0.07317073170731703
        },
        {
          "eps": 0.1,
          "ratio": 0.46794871794871795,
          "dist_to_1": 0.532051282051282
        },
        {
          "eps": 0.01,
          "ratio": 0.4166666666666667,
          "dist_to_1": 0.5833333333333333
        }
      ],
      "fallback_no_finite_ratio": false
    },
    "eps_star": 0.3,
    "T1_steps_calibrated": 82,
    "T1_steps_fixed_eps": 156,
    "fixed_eps": 0.1,
    "triad_ii": {
      "T1_steps": 82,
      "H_sweep": [
        1,
        41,
        82,
        164,
        328
      ],
      "per_H": {
        "1": {
          "H": 1,
          "is_cert": false,
          "returns": [
            -116.0,
            -500.0,
            -500.0
          ],
          "mean_return": -372.0,
          "median_return": -500.0,
          "success_rate": 0.3333333333333333,
          "seeds": [
            0,
            1,
            2
          ]
        },
        "41": {
          "H": 41,
          "is_cert": false,
          "returns": [
            -500.0,
            -151.0,
            -142.0
          ],
          "mean_return": -264.3333333333333,
          "median_return": -151.0,
          "success_rate": 0.6666666666666666,
          "seeds": [
            0,
            1,
            2
          ]
        },
        "82": {
          "H": 82,
          "is_cert": true,
          "returns": [
            -185.0,
            -161.0,
            -500.0
          ],
          "mean_return": -282.0,
          "median_return": -185.0,
          "success_rate": 0.6666666666666666,
          "seeds": [
            0,
            1,
            2
          ]
        },
        "164": {
          "H": 164,
          "is_cert": false,
          "returns": [
            -500.0,
            -500.0,
            -500.0
          ],
          "mean_return": -500.0,
          "median_return": -500.0,
          "success_rate": 0.0,
          "seeds": [
            0,
            1,
            2
          ]
        },
        "328": {
          "H": 328,
          "is_cert": false,
          "returns": [
            -500.0,
            -500.0,
            -500.0
          ],
          "mean_return": -500.0,
          "median_return": -500.0,
          "success_rate": 0.0,
          "seeds": [
            0,
            1,
            2
          ]
        }
      },
      "seeds": [
        0,
        1,
        2
      ]
    },
    "G_binding": {
      "passed": true,
      "H_star": 41,
      "best_return": -264.3333333333333,
      "worst_return": -500.0,
      "spread": 235.66666666666669,
      "interior": true,
      "flat": false,
      "H_sweep": [
        1,
        41,
        82,
        164,
        328
      ],
      "mean_returns": {
        "1": -372.0,
        "41": -264.3333333333333,
        "82": -282.0,
        "164": -500.0,
        "328": -500.0
      }
    },
    "G_ii": {
      "passed": false,
      "win_seed_frac": 0.0,
      "n_seeds": 3,
      "beats_shallow": false,
      "beats_deep": true,
      "cert_mean": -282.0,
      "best_blind_mean": -264.3333333333333,
      "shallow_mean": -264.3333333333333,
      "deep_mean": -500.0,
      "have_shallow": true,
      "have_deep": true
    },
    "d2_cadence": {
      "T1_steps": 82,
      "H_fixed": 164,
      "replan_cost": 1.0,