{
  "mode": "FULL",
  "config": {
    "N_TRAIN": 1500,
    "EPOCHS": 60,
    "K_TASKS": 24,
    "N_OOD": 3,
    "BETA": 12.0,
    "T_MAX": 18,
    "REPLAN": 6,
    "W_T": 2.0,
    "cem": {
      "H": 12,
      "n_samples": 256,
      "n_iters": 5,
      "n_elite": 25,
      "sigma0": 0.6,
      "w_run": 0.3
    }
  },
  "params": {
    "VN": 16856,
    "MLP": 124512
  },
  "equivariance": {
    "VN": {
      "enc": 7.62939453125e-06,
      "pred": 1.1920928955078125e-06
    },
    "MLP": {
      "enc": 4.04638147354126,
      "pred": 1.1980957984924316
    }
  },
  "hedge_floor": 0.5694614693227892,
  "cue_reorient_deg": 20.48355653187474,
  "task_win": {
    "reward_pos": 0.5916598188792662,
    "reward_pos_ci": [
      0.5075210291846259,
      0.6699663481330947
    ],
    "efe_pos": 0.2687343126068856,
    "efe_pos_ci": [
      0.230282823122576,
      0.3131304323989825
    ],
    "oracle_pos": 0.2142845898749596,
    "oracle_pos_ci": [
      0.1736577635519752,
      0.25591755919854997
    ],
    "reward_ang": 27.723416099532766,
    "efe_ang": 12.816990314983917,
    "oracle_ang": 10.505147927305432,
    "drop_mean": 0.32292550627238054,
    "drop_ci": [
      0.22403945504844536,
      0.4156439099255171
    ],
    "ratio_mean": 0.4542040950421941,
    "ratio_ci": [
      0.3644238931817591,
      0.5717115868200527
    ],
    "oracle_gap_mean": 0.05444972273192596,
    "oracle_gap_ci": [
      0.006057645158679734,
      0.10938406407112895
    ]
  },
  "seeking": {
    "efe_sense_rate": 0.9166666666666666,
    "reward_sense_rate": 0.20833333333333334
  },
  "invariance": {
    "salience": {
      "VN": 1.0854488147415964e-05,
      "MLP": 0.9151214040690742
    },
    "outcome": {
      "VN": {
        "pos": 5.103848899068453e-08,
        "ang": 3.23903459786834e-06
      },
      "MLP": {
        "pos": 1.2512870655993844,
        "ang": 57.72703941568352
      }
    },
    "plan_equiv": 1.279394573616699e-08
  },
  "verdict": {
    "passed": true,
    "ok_task_win": true,
    "ok_near_oracle": true,
    "ok_seeking": true,
    "ok_vn_inv": true,
    "ok_mlp_breaks": true,
    "ok_equiv": true
  }
}