{
  "verdict": {
    "G1_pass": true,
    "n_win": 1,
    "n_seeds": 1,
    "win_margins": [
      0.46066666666666667
    ],
    "eps": 0.2,
    "N": 40,
    "L": 1500,
    "smoke": false
  },
  "per_seed": {
    "3": {
      "iv_conv": 69,
      "iv_mlp": 29,
      "lambda1_conv": 1.9358476614053093,
      "lambda1_mlp": 5.508535884003471,
      "knee_budget": 22,
      "cover_mlp_budget": 52,
      "conv_arm_viol_at_knee": 0.07733333333333334,
      "mlp_iso_viol_at_knee": 0.538,
      "win_margin": 0.46066666666666667,
      "pareto_frac_conv_below_mlp": 0.6,
      "frontier": {
        "budgets": [
          2,
          11,
          21,
          22,
          30,
          40,
          49,
          52,
          59,
          68
        ],
        "conv_arm": [
          0.9046666666666666,
          0.5293333333333333,
          0.112,
          0.07733333333333334,
          0.07733333333333334,
          0.07733333333333334,
          0.07733333333333334,
          0.07733333333333334,
          0.07733333333333334,
          0.07733333333333334
        ],
        "mlp_iso": [
          0.9506666666666667,
          0.756,
          0.5773333333333334,
          0.538,
          0.39266666666666666,
          0.20066666666666666,
          0.04733333333333333,
          0.0,
          0.0,
          0.0
        ],
        "mlp_pkg": [
          0.94,
          0.7446666666666667,
          0.574,
          0.546,
          0.39866666666666667,
          0.20333333333333334,
          0.036,
          0.0,
          0.0,
          0.0
        ],
        "adaptive": [
          0.946,
          0.9066666666666666,
          0.818,
          0.8113333333333334,
          0.6633333333333333,
          0.42,
          0.21933333333333332,
          0.16066666666666668,
          0.04,
          0.0006666666666666666
        ]
      }
    }
  }
}