{
  "mode": "FULL",
  "group": "SO(3)",
  "config": {
    "seeds": [
      0,
      1,
      2,
      3,
      4
    ],
    "gvals": [
      0.0,
      0.2,
      0.4,
      0.8
    ],
    "betas": [
      1.0,
      0.01,
      0.0001
    ],
    "n_data": 1024,
    "steps": 2000,
    "batch": 256,
    "coverage_deg": 90,
    "n_test": 2000,
    "n_state": 6
  },
  "params": {
    "VN": 3488,
    "MLP": 76050,
    "RPP": 79538
  },
  "noneq_fraction": {
    "0.0": 1.2043512047332974e-14,
    "0.2": 0.005518477892023723,
    "0.4": 0.02220290723441977,
    "0.8": 0.08622053505629676
  },
  "models": {
    "VN": {
      "0.0": {
        "seen": [
          9.34539531158029e-05,
          1.7094289547662223e-05
        ],
        "ood": [
          9.34539551563835e-05,
          1.7094301952948247e-05
        ],
        "ratio": [
          0.9999999934055783,
          2.1767749513012577e-07
        ],
        "eq": [
          1.6890739355930365e-07,
          8.179696907111353e-09
        ],
        "rho": [
          NaN,
          NaN
        ]
      },
      "0.2": {
        "seen": [
          0.0038869363232253403,
          6.671395549291948e-05
        ],
        "ood": [
          0.00593556664498584,
          0.00013844583365187963
        ],
        "ratio": [
          1.5275898048063248,
          0.05076675434671343
        ],
        "eq": [
          1.641680272221404e-07,
          1.1692183652925332e-08
        ],
        "rho": [
          NaN,
          NaN
        ]
      },
      "0.4": {
        "seen": [
          0.01499961892843785,
          0.00013647485695879194
        ],
        "ood": [
          0.02298813659321436,
          0.0006902966242867872
        ],
        "ratio": [
          1.5325554223168398,
          0.04264299282765498
        ],
        "eq": [
          1.6065491979172993e-07,
          9.05389654309651e-09
        ],
        "rho": [
          NaN,
          NaN
        ]
      },
      "0.8": {
        "seen": [
          0.05646112738608211,
          0.0003629151889407774
        ],
        "ood": [
          0.0851588849864426,
          0.002353178405786231
        ],
        "ratio": [
          1.5083399192551474,
          0.04328408303563588
        ],
        "eq": [
          1.5781053920538855e-07,
          1.0472068789869828e-08
        ],
        "rho": [
          NaN,
          NaN
        ]
      }
    },
    "RPP-hi": {
      "0.0": {
        "seen": [
          8.142121550141755e-05,
          2.2155361449544666e-05
        ],
        "ood": [
          0.00017247559104315702,
          6.702576858547493e-05
        ],
        "ratio": [
          2.091569222225163,
          0.49650735681190916
        ],
        "eq": [
          0.014859282531933377,
          0.006117093947428941
        ],
        "rho": [
          0.002061873519312018,
          0.0008881608423261407
        ]
      },
      "0.2": {
        "seen": [
          0.0010569860856739454,
          4.014340799570335e-05
        ],
        "ood": [
          0.0020685925493841044,
          9.240542208471224e-05
        ],
        "ratio": [
          1.95790193110496,
          0.07727017293851265
        ],
        "eq": [
          0.05887255172052301,
          0.006524489467018827
        ],
        "rho": [
          0.019460812914289315,
          0.00047696069465258655
        ]
      },
      "0.4": {
        "seen": [
          0.003848178358996702,
          6.955646379731533e-05
        ],
        "ood": [
          0.006853025589632571,
          0.0002164100839703663
        ],
        "ratio": [
          1.7808089804943463,
          0.04402648201998221
        ],
        "eq": [
          0.10982659215737274,
          0.005103421870592844
        ],
        "rho": [
          0.038227684002557494,
          0.001050479005579006
        ]
      },
      "0.8": {
        "seen": [
          0.014395881847100583,
          0.00032014021045908935
        ],
        "ood": [
          0.023836793412243013,
          0.0007331291311860394
        ],
        "ratio": [
          1.656085446640168,
          0.04893525123985837
        ],
        "eq": [
          0.21029114193648493,
          0.007648574352474941
        ],
        "rho": [
          0.07474470379857441,
          0.003990711726980799
        ]
      }
    },
    "RPP-mid": {
      "0.0": {
        "seen": [
          6.753120523713381e-05,
          1.2230735924231503e-05
        ],
        "ood": [
          0.0006296109015842423,
          8.659042324461876e-05
        ],
        "ratio": [
          9.65776959450508,
          2.6279575699258126
        ],
        "eq": [
          0.04111838080736167,
          0.007098330916872375
        ],
        "rho": [
          0.009451307423833447,
          0.0031168599768662984
        ]
      },
      "0.2": {
        "seen": [
          9.52946187139458e-05,
          1.3296941175487983e-05
        ],
        "ood": [
          0.0013225641680061617,
          0.00025626105127136295
        ],
        "ratio": [
          14.007188142241777,
          2.7353554920533854
        ],
        "eq": [
          0.10929174382990803,
          0.010322416451884066
        ],
        "rho": [
          0.04350968255680991,
          0.0022335883095856513
        ]
      },
      "0.4": {
        "seen": [
          0.00010183360395789865,
          2.5139768831186538e-05
        ],
        "ood": [
          0.0021884250923425853,
          0.0005109332658171154
        ],
        "ratio": [
          22.287414598165213,
          7.2221387652271005
        ],
        "eq": [
          0.20225935616230784,
          0.012141308542379586
        ],
        "rho": [
          0.08123020555822529,
          0.0009672169671229876
        ]
      },
      "0.8": {
        "seen": [
          0.00013218041963454044,
          2.8828939324139506e-05
        ],
        "ood": [
          0.0045025243627251615,
          0.0015222965948330492
        ],
        "ratio": [
          37.58285810192645,
          23.74073449715226
        ],
        "eq": [
          0.39544536994838925,
          0.019247689609600965
        ],
        "rho": [
          0.15539813798563712,
          0.0020239077805237716
        ]
      }
    },
    "RPP-lo": {
      "0.0": {
        "seen": [
          8.26613672540952e-05,
          1.1199470717534896e-05
        ],
        "ood": [
          0.001593274368035903,
          0.00022946520580911656
        ],
        "ratio": [
          19.5719102058854,
          3.993510606561393
        ],
        "eq": [
          0.07685116036090309,
          0.0053447961172647974
        ],
        "rho": [
          0.17608909004190781,
          0.018235177149107162
        ]
      },
      "0.2": {
        "seen": [
          9.419489961232718e-05,
          2.0871754507742458e-05
        ],
        "ood": [
          0.0018196684043806249,
          0.0004576586443299459
        ],
        "ratio": [
          19.765767605304212,
          5.435947806946594
        ],
        "eq": [
          0.11355324927317183,
          0.011529776229296913
        ],
        "rho": [
          0.19080413388597975,
          0.020524826529369905
        ]
      },
      "0.4": {
        "seen": [
          0.00010967819639051079,
          1.6919782253103823e-05
        ],
        "ood": [
          0.002251178947075167,
          0.00041191697157207373
        ],
        "ratio": [
          20.625220815286617,
          2.9415791184104214
        ],
        "eq": [
          0.20368377110005847,
          0.01329857319211109
        ],
        "rho": [
          0.22887784486165796,
          0.027177975663945676
        ]
      },
      "0.8": {
        "seen": [
          0.00013112917119248408,
          2.4027059028036892e-05
        ],
        "ood": [
          0.003955258401510936,
          0.0006656878502940634
        ],