{
  "verdict": {
    "G1_pass": true,
    "n_win": 1,
    "n_seeds": 1,
    "win_margins": [
      0.526
    ],
    "eps": 0.2,
    "N": 40,
    "L": 1500,
    "smoke": false
  },
  "per_seed": {
    "5": {
      "iv_conv": 80,
      "iv_mlp": 27,
      "lambda1_conv": 1.692428613095108,
      "lambda1_mlp": 5.987287440299125,
      "knee_budget": 19,
      "cover_mlp_budget": 56,
      "conv_arm_viol_at_knee": 0.09066666666666667,
      "mlp_iso_viol_at_knee": 0.6166666666666667,
      "win_margin": 0.526,
      "pareto_frac_conv_below_mlp": 0.6,
      "frontier": {
        "budgets": [
          2,
          12,
          19,
          22,
          32,
          43,
          53,
          56,
          63,
          73
        ],
        "conv_arm": [
          0.904,
          0.4,
          0.09066666666666667,
          0.09066666666666667,
          0.09066666666666667,
          0.09066666666666667,
          0.09066666666666667,
          0.09066666666666667,
          0.09066666666666667,
          0.09066666666666667
        ],
        "mlp_iso": [
          0.9373333333333334,
          0.7373333333333333,
          0.6166666666666667,
          0.58,
          0.394,
          0.174,
          0.0,
          0.0,
          0.0,
          0.0
        ],
        "mlp_pkg": [
          0.9493333333333334,
          0.7573333333333333,
          0.622,
          0.5826666666666667,
          0.4093333333333333,
          0.20533333333333334,
          0.0033333333333333335,
          0.0,
          0.0,
          0.0
        ],
        "adaptive": [
          0.93,
          0.9226666666666666,
          0.7986666666666666,
          0.792,
          0.6126666666666667,
          0.3433333333333333,
          0.0,
          0.0,
          0.0,
          0.0
        ]
      }
    }
  }
}