{
  "mode": "FULL",
  "config": {
    "K": 5,
    "N_TRAIN": 1500,
    "EPOCHS": 60,
    "BETAS": [
      0.0,
      1.0,
      4.0,
      12.0
    ],
    "N_TASKS": 6
  },
  "params": {
    "VN": 74456,
    "MLP": 494368
  },
  "latent_std": {
    "VN": 0.7148447632789612,
    "MLP": 1.1371146440505981
  },
  "invariance_init": {
    "VN": {
      "disagree": 8.940696716308594e-08,
      "entropy": 1.52587890625e-05
    },
    "MLP": {
      "disagree": 1.032987117767334,
      "entropy": 0.33522796630859375
    }
  },
  "invariance_post": {
    "VN": {
      "disagree": 2.4080276489257812e-05,
      "entropy": 3.0517578125e-05
    },
    "MLP": {
      "disagree": 0.2049214392900467,
      "entropy": 2.8342514038085938
    }
  },
  "total_efe_invariance": {
    "VN": 2.288818359375e-05,
    "MLP": 134.4581756591797
  },
  "calibration": {
    "VN": {
      "seen": 0.21220242977142334,
      "cov": 1.222040057182312,
      "reorient": 0.21220269799232483,
      "reorient_ratio": 1.0000012639860052,
      "novel": 0.3271774351596832,
      "novel_ratio": 1.5418175725513923,
      "novel_rot_inv": 3.643566968259886e-07
    },
    "MLP": {
      "seen": 0.008876276202499866,
      "cov": 0.5315219759941101,
      "reorient": 0.056617651134729385,
      "reorient_ratio": 6.37853643161576,
      "novel": 0.015204422175884247,
      "novel_ratio": 1.7129280149712056,
      "novel_rot_inv": 7.838339532994267
    }
  },
  "beta_sweep": {
    "0.0": {
      "prag": 24.604085445404053,
      "epi": 82.33441670735677
    },
    "1.0": {
      "prag": 43.08787314097086,
      "epi": 216.73590850830078
    },
    "4.0": {
      "prag": 102.72536754608154,
      "epi": 351.06346638997394
    },
    "12.0": {
      "prag": 135.7150452931722,
      "epi": 419.3616752624512
    }
  },
  "plan_equivariance": 5.960464477539063e-08,
  "verdict": {
    "passed": true,
    "ok_vn_inv": true,
    "ok_mlp_breaks": true,
    "ok_calib": true,
    "ok_knob": true,
    "ok_plan_equiv": true
  }
}