{
  "passed": false,
  "gate": {
    "model_learned_equivariant": true,
    "enough_query": true,
    "spectrum_predicts_growth": false
  },
  "one_step_relmse": 0.0027725340332835913,
  "so2_resid": 2.384185791015625e-07,
  "n_query": 160,
  "n_fit": 160,
  "frac_expansive": 1.0,
  "lambda_r2": 0.017585263996658218,
  "lambda_slope": 0.11509319576848621,
  "lambda_intercept": 0.10160231270206334,
  "lam_jac_range": [
    0.008874734863638878,
    0.6866776943206787
  ],
  "lam_jac": [
    0.18590524792671204,
    0.040795061737298965,
    0.12403196841478348,
    0.042657848447561264,
    0.18033578991889954,
    0.26137998700141907,
    0.1259181797504425,
    0.06640063971281052,
    0.22921960055828094,
    0.4361651837825775,
    0.23246410489082336,
    0.03500843048095703,
    0.2879534959793091,
    0.07482373714447021,
    0.3543892502784729,
    0.13173708319664001,
    0.12520910799503326,
    0.13411717116832733,
    0.21180392801761627,
    0.6866776943206787,
    0.5556288361549377,
    0.6045444011688232,
    0.17124253511428833,
    0.2720034718513489,
    0.0427197590470314,
    0.15429174900054932,
    0.07475891709327698,
    0.3825805187225342,
    0.20166046917438507,
    0.10667387396097183,
    0.06670033186674118,
    0.046303387731313705,
    0.16173620522022247,
    0.12596432864665985,
    0.10132116079330444,
    0.06247248128056526,
    0.008874734863638878,
    0.10312281548976898,
    0.06248972564935684,
    0.07338548451662064,
    0.12382997572422028,
    0.15504227578639984,
    0.23416344821453094,
    0.04836291819810867,
    0.1012549102306366,
    0.494239866733551,
    0.08746501803398132,
    0.18854142725467682,
    0.11602949351072311,
    0.2564207911491394,
    0.4132553040981293,
    0.09839685261249542,
    0.18895964324474335,
    0.09031283855438232,
    0.040113888680934906,
    0.0628448873758316,
    0.12782485783100128,
    0.14409835636615753,
    0.21038222312927246,
    0.08380954712629318,
    0.014739428646862507,
    0.2595231831073761,
    0.2484031766653061,
    0.08008719980716705,
    0.3726966679096222,
    0.05422443896532059,
    0.09516150504350662,
    0.2202974557876587,
    0.29193249344825745,
    0.5208790898323059,
    0.3765825927257538,
    0.037103619426488876,
    0.2355225533246994,
    0.39096903800964355,
    0.15588711202144623,
    0.022284921258687973,
    0.042753227055072784,
    0.297271192073822,
    0.05643573775887489,
    0.038235798478126526,
    0.07126744836568832,
    0.06569281965494156,
    0.03775998577475548,
    0.29703179001808167,
    0.10654067993164062,
    0.6026563048362732,
    0.08058585971593857,
    0.1281995177268982,
    0.2976408302783966,
    0.10976041853427887,
    0.4541220963001251,
    0.36722707748413086,
    0.13563749194145203,
    0.05468311905860901,
    0.5391122698783875,
    0.03794868290424347,
    0.2148289978504181,
    0.4068076014518738,
    0.06587018817663193,
    0.042492084205150604,
    0.22279329597949982,
    0.10462365299463272,
    0.07616879791021347,
    0.11522774398326874,
    0.03573944419622421,
    0.5255804657936096,
    0.042454153299331665,
    0.2561149597167969,
    0.1491115689277649,
    0.04667356237769127,
    0.06033051013946533,
    0.03312890604138374,
    0.04669130966067314,
    0.2168351709842682,
    0.12719061970710754,
    0.17758065462112427,
    0.03826907277107239,
    0.04561604931950569,
    0.15913783013820648,
    0.596887469291687,
    0.5260391235351562,
    0.30490076541900635,
    0.10338235646486282,
    0.14448769390583038,
    0.06583178788423538,
    0.24951061606407166,
    0.36318227648735046,
    0.1022844910621643,
    0.10436689853668213,
    0.2950218617916107,
    0.21824954450130463,
    0.09638305008411407,
    0.0842069759964943,
    0.503638744354248,
    0.15288189053535461,
    0.6079686284065247,
    0.08210352808237076,
    0.3690045475959778,
    0.4453330636024475,
    0.030742527917027473,
    0.11495000123977661,
    0.0222835224121809,
    0.25885772705078125,
    0.04484127461910248,
    0.46014171838760376,
    0.03578683361411095,
    0.11500324308872223,
    0.10840784013271332,
    0.09318547695875168,
    0.03894026577472687,
    0.04651768133044243,
    0.11844805628061295,
    0.1549559086561203,
    0.497287780046463,
    0.17851446568965912,
    0.3959069848060608,
    0.06663642823696136,
    0.05631833150982857,
    0.3247957229614258,
    0.07239921391010284
  ],