{
  "passed": true,
  "gate": {
    "fa_enc_equiv": true,
    "fa_pred_equiv": true,
    "fa_flat_exact": true,
    "fa_penalty_removed_vs_cnn": true,
    "fa_latent_healthier_than_cnn": true
  },
  "absolute_accuracy_open": true,
  "steerable_unstable_this_seed": true,
  "fa_enc_resid": 2.384185791015625e-07,
  "fa_pred_resid": 4.76837158203125e-07,
  "fa_orbit_relmse": [
    1.5562891960144043,
    1.5562890768051147,
    1.5562890768051147,
    1.5562890768051147
  ],
  "cnn_orbit_relmse": [
    0.9492461681365967,
    0.9418503642082214,
    0.957497775554657,
    0.7416853904724121
  ],
  "steer_orbit_relmse": [
    19.140764236450195,
    19.140750885009766,
    19.140756607055664,
    19.140771865844727
  ],
  "fa_orbit_fvu": [
    1.624187095140683,
    1.6241872058364288,
    1.624187095140683,
    1.6241872058364288
  ],
  "cnn_orbit_fvu": [
    2.391332791357312,
    2.7415652297336823,
    2.3481514556029315,
    2.277904922273384
  ],
  "steer_orbit_fvu": [
    64.24922346568367,
    64.24923906965222,
    64.24921959495623,
    64.24922738180733
  ],
  "fa_orbit_ratio": 1.0,
  "cnn_orbit_ratio": 1.008692800345203,
  "steer_orbit_ratio": 1.0000003985940393,
  "fa_part_ratio": 4.271976470947266,
  "cnn_part_ratio": 2.2062723636627197,
  "steer_part_ratio": 1.9954819679260254,
  "fa_vs_cnn_fvu": 0.6791974337535848,
  "steer_vs_cnn_fvu": 26.867537507908317,
  "horizons": [
    1,
    2,
    3,
    4,
    5,
    6,
    7,
    8
  ],
  "fa_fvu_by_h": [
    1.7379135779081083,
    1.5830127960221783,
    1.661804523072532,
    1.624187095140683,
    1.6846882872214335,
    1.7489028081208002,
    1.6881890856392536,
    1.8049046922493845
  ],
  "cnn_fvu_by_h": [
    1.9543365328755273,
    2.0894907769762696,
    2.258281742106385,
    2.391332791357312,
    2.5654552063324987,
    2.7738389485711594,
    3.0582734686867754,
    3.192549697566077
  ],
  "steer_fvu_by_h": [
    2.2635835897869265,
    7.922185663097842,
    24.114747461995943,
    64.24922346568367,
    175.42725927735168,
    467.1204778789877,
    1168.101078117248,
    2966.2201588254025
  ],
  "fa_horizon_stability": 1.0385468617040854,
  "cnn_horizon_stability": 1.633572132466201,
  "steer_horizon_stability": 1310.408933961487,
  "fa_fvu_1step_target": 1.6728586318845704,
  "cnn_fvu_1step_target": 1.8583707407189463,
  "steer_fvu_1step_target": 2.5982868849747267,
  "params": {
    "fa": 201344,
    "cnn": 202368,
    "steer": 44984
  },
  "horizon": 4,
  "h_eval": 8,
  "latent_dim": 64,
  "n_inv": 32,
  "n_vec": 16,
  "img": 65,
  "smoke": false,
  "seed": 0,
  "epochs": 30,
  "device": "mps"
}