{
  "mode": "FULL",
  "config": {
    "ENC_RUNGS": [
      "E0-sum",
      "P1-attn4",
      "P2-attn8"
    ],
    "ATTN_RUNGS": [
      "P1-attn4",
      "P2-attn8"
    ],
    "ORACLES": [
      "ORACLE-unit"
    ],
    "labels": {
      "E0-sum": "enc sum-pool [a,r]",
      "P1-attn4": "enc attn-pool K4 [a,r]",
      "P2-attn8": "enc attn-pool K8 [a,r]",
      "ORACLE-unit": "points [a,r_hat]",
      "MLP-MP": "MLP [a,r]"
    },
    "SEEDS": [
      0,
      1,
      2,
      3,
      4
    ],
    "N_TRAIN": 1500,
    "N_TEST": 400,
    "EPOCHS": 80,
    "K_OOD": 6,
    "VAR_COEF": 0.1,
    "C_INT": 0.8,
    "AUG": 6,
    "D_OBJ": 48,
    "D_OBJ_ORACLE": 72,
    "LADDER_29": 0.29
  },
  "params": {
    "E0-sum": 65304,
    "P1-attn4": 66908,
    "P2-attn8": 67936,
    "ORACLE-unit": 65408,
    "MLP-MP": 62304
  },
  "indist_per_seed": {
    "E0-sum": [
      0.27044498920440674,
      0.2666676342487335,
      0.2504424452781677,
      0.2557118237018585,
      0.2295977920293808
    ],
    "P1-attn4": [
      0.16698916256427765,
      0.25038817524909973,
      0.24302062392234802,
      0.3177742660045624,
      0.17109555006027222
    ],
    "P2-attn8": [
      0.2324886918067932,
      0.19571223855018616,
      0.20670749247074127,
      0.19383524358272552,
      0.14056354761123657
    ],
    "ORACLE-unit": [
      0.0021154452115297318,
      0.002929291920736432,
      0.0030261666979640722,
      0.002806924283504486,
      0.003173886565491557
    ],
    "MLP-MP": [
      0.08655361831188202,
      0.09053254872560501,
      0.1019226610660553,
      0.09455209970474243,
      0.09133394062519073
    ]
  },
  "ood_ratio_per_seed": {
    "E0-sum": [
      1.000000073464903,
      0.9999999441208482,
      0.9999998016688535,
      0.9999995920871908,
      1.0000004110406293
    ],
    "P1-attn4": [
      1.000000654384874,
      1.00000005951224,
      0.9999999489029608,
      0.999999843692386,
      0.9999995209905428
    ],
    "P2-attn8": [
      1.0000001602353332,
      0.9999997588959649,
      1.0000004685729897,
      0.9999995515601874,
      0.999999505286019
    ],
    "ORACLE-unit": [
      1.0000001467496566,
      0.999999006455101,
      1.0000002436405895,
      0.9999995714318578,
      0.999999400907935
    ],
    "MLP-MP": [
      10.127831009015788,
      6.849646748617729,
      9.722464809742734,
      6.754372289194095,
      5.459553473358723
    ]
  },
  "se3_per_seed": {
    "E0-sum": [
      6.0558319091796875e-05,
      6.309151649475098e-05,
      7.867813110351562e-05,
      2.8073787689208984e-05,
      4.00543212890625e-05
    ],
    "P1-attn4": [
      5.4776668548583984e-05,
      5.811452865600586e-05,
      5.2362680435180664e-05,
      6.687641143798828e-05,
      3.4332275390625e-05
    ],
    "P2-attn8": [
      4.744529724121094e-05,
      5.8418139815330505e-05,
      4.303455352783203e-05,
      2.9981136322021484e-05,
      2.9981136322021484e-05
    ],
    "ORACLE-unit": [
      1.6689300537109375e-06,
      1.9073486328125e-06,
      1.9073486328125e-06,
      1.9073486328125e-06,
      1.6689300537109375e-06
    ],
    "MLP-MP": [
      11.464540481567383,
      10.18700885772705,
      10.487909317016602,
      11.231035232543945,
      12.07243537902832
    ]
  },
  "perm_per_seed": {
    "E0-sum": [
      0.0,
      0.0,
      0.0,
      0.0,
      0.0
    ],
    "P1-attn4": [
      1.5497207641601562e-06,
      1.9669532775878906e-06,
      2.1457672119140625e-06,
      2.0265579223632812e-06,
      1.3113021850585938e-06
    ],
    "P2-attn8": [
      1.2516975402832031e-06,
      1.1920928955078125e-06,
      1.6689300537109375e-06,
      1.430511474609375e-06,
      1.6689300537109375e-06
    ],
    "ORACLE-unit": [
      0.0,
      0.0,
      0.0,
      0.0,
      0.0
    ],
    "MLP-MP": [
      0.0,
      0.0,
      0.0,
      0.0,
      0.0
    ]
  },
  "indist_mean": {
    "E0-sum": 0.2545729368925095,
    "P1-attn4": 0.229853555560112,
    "P2-attn8": 0.19386144280433654,
    "ORACLE-unit": 0.002810342935845256,
    "MLP-MP": 0.0929789736866951
  },
  "indist_std": {
    "E0-sum": 0.014424421193276183,
    "P1-attn4": 0.05608837444094445,
    "P2-attn8": 0.03000392347955935,
    "ORACLE-unit": 0.0003676376646647862,
    "MLP-MP": 0.005146660858551119
  },
  "ood_ratio_mean": {
    "E0-sum": 0.999999964476485,
    "P1-attn4": 1.0000000054966007,
    "P2-attn8": 0.9999998889100988,
    "ORACLE-unit": 0.999999673837028,
    "MLP-MP": 7.782773665985813
  },
  "se3_mean": {
    "E0-sum": 5.409121513366699e-05,
    "P1-attn4": 5.329251289367676e-05,
    "P2-attn8": 4.177205264568329e-05,
    "ORACLE-unit": 1.811981201171875e-06,
    "MLP-MP": 11.08858585357666
  },
  "perm_mean": {
    "E0-sum": 0.0,
    "P1-attn4": 1.8000602722167968e-06,
    "P2-attn8": 1.442432403564453e-06,
    "ORACLE-unit": 0.0,
    "MLP-MP": 0.0
  },
  "conv_per_seed": {
    "E0-sum": [
      0.03545160879567865,
      0.1319646556111093,
      0.040820342204670845,
      0.05745949801963901,
      0.014191016655234359
    ],
    "P1-attn4": [
      0.14562833747938278,
      0.14760366742117081,
      0.15491382620047586,
      0.004567550014604213,
      0.0002508584144783856
    ],
    "P2-attn8": [
      0.008185761988573854,
      0.018243400310583694,
      0.044880816856376154,
      0.08972901846814048,
      0.011430502674296638
    ],
    "ORACLE-unit": [
      0.06761070085911967,
      0.02352788150602574,
      0.06844624919148982,
      0.12658770454821053,
      0.12199319863169339
    ],
    "MLP-MP": [
      0.27035556522582416,
      0.299814642976528,
      0.2657764505963991,
      0.28298207513251566,
      0.2727447512275593
    ]
  },
  "conv_mean": {
    "E0-sum": 0.05597742425726644,
    "P1-attn4": 0.09059284790602241,
    "P2-attn8": 0.034493900059594164,
    "ORACLE-unit": 0.08163314694730782,
    "MLP-MP": 0.2783346970317652
  },
  "ok_converged": false,
  "cap": 0.2545729368925095,
  "mlp": 0.0929789736866951,
  "gap": 0.16159396320581437,
  "best_attn": 0.19386144280433654,
  "best_attn_variant": "P2-attn8",
  "attn_gap_closed_frac": 0.37570397361222996,
  "oracle_unit": 0.002810342935845256,
  "oracle_unit_gap_closed_frac": 1.5579950448768092,
  "ladder_gap_closed_frac": 0.29,
  "verdict": {
    "label": "NO-HELP",
    "symmetry_clean": true,
    "ok_equiv": true,
    "ok_global_flat": true,
    "ok_mlp_degrades": true,
    "attn_closed": 0.37570397361222996
  }
}