{
 "eq-0": {
  "lambda1": -0.05996472646158198,
  "lambda1_ci": [
   -0.08451890052338884,
   -0.03660121724599533
  ],
  "band": [
   -0.05996472646158198,
   -0.07367807139193795,
   -0.06857438492515189,
   -0.08562057615378785,
   -0.09722788216928975,
   -0.11436533056091445
  ],
  "rows": [
   {
    "eps": 0.05,
    "T1": null,
    "measured_median": 1.0,
    "ratio": null,
    "censored": 0
   },
   {
    "eps": 0.1,
    "T1": null,
    "measured_median": 1.0,
    "ratio": null,
    "censored": 0
   },
   {
    "eps": 0.2,
    "T1": null,
    "measured_median": 1.0,
    "ratio": null,
    "censored": 0
   }
  ],
  "latent_scale": 0.6722322473647601,
  "enc_defect": 0.0,
  "dyn_defect": 0.0
 }
}