{
  "mode": "FULL",
  "config": {
    "VN_VARIANTS": [
      "M0-raw",
      "M1-unit",
      "M2-both"
    ],
    "messages": {
      "M0-raw": "[a, r]",
      "M1-unit": "[a, r_hat]",
      "M2-both": "[a, r, r_hat]"
    },
    "aug": {
      "M0-raw": 6,
      "M1-unit": 6,
      "M2-both": 9
    },
    "SEEDS": [
      0,
      1,
      2,
      3,
      4
    ],
    "N_TRAIN": 1500,
    "N_TEST": 400,
    "EPOCHS": 60,
    "K_OOD": 6,
    "VAR_COEF": 0.1,
    "C_INT": 0.8
  },
  "params": {
    "M0-raw": 65304,
    "M1-unit": 65304,
    "M2-both": 65496,
    "MLP-MP": 62304
  },
  "indist_per_seed": {
    "M0-raw": [
      0.2724445164203644,
      0.2769398093223572,
      0.24747750163078308,
      0.26133087277412415,
      0.23465587198734283
    ],
    "M1-unit": [
      0.2607097625732422,
      0.28177693486213684,
      0.24749323725700378,
      0.23806682229042053,
      0.23465247452259064
    ],
    "M2-both": [
      0.2582336366176605,
      0.3023553788661957,
      0.24643784761428833,
      0.25482508540153503,
      0.23612014949321747
    ],
    "MLP-MP": [
      0.07418440282344818,
      0.06781850010156631,
      0.07863381505012512,
      0.07943219691514969,
      0.07203338295221329
    ]
  },
  "ood_ratio_per_seed": {
    "M0-raw": [
      1.0000001276200254,
      0.9999999282580032,
      1.0000000200707284,
      0.9999995058241851,
      1.0000006244381776
    ],
    "M1-unit": [
      1.0000003238847393,
      1.000000105765656,
      0.999999538402596,
      0.9999999374076528,
      0.9999996507329116
    ],
    "M2-both": [
      1.0000002885209183,
      1.0000002792737268,
      0.9999996674358774,
      1.0000002339041492,
      0.9999993583980905
    ],
    "MLP-MP": [
      8.994655963562282,
      12.642146624707244,
      9.817196434759529,
      10.302766287263168,
      9.460161538543488
    ]
  },
  "se3_per_seed": {
    "M0-raw": [
      4.649162292480469e-05,
      4.464387893676758e-05,
      4.801154136657715e-05,
      2.4944543838500977e-05,
      6.349384784698486e-05
    ],
    "M1-unit": [
      3.170967102050781e-05,
      4.357099533081055e-05,
      6.163865327835083e-05,
      3.314018249511719e-05,
      9.432435035705566e-05
    ],
    "M2-both": [
      6.383657455444336e-05,
      4.1365623474121094e-05,
      9.781122207641602e-05,
      5.7816505432128906e-05,
      0.0003102421760559082
    ],
    "MLP-MP": [
      9.223350524902344,
      8.852924346923828,
      9.467052459716797,
      7.357189178466797,
      9.136688232421875
    ]
  },
  "perm_per_seed": {
    "M0-raw": [
      0.0,
      0.0,
      0.0,
      0.0,
      0.0
    ],
    "M1-unit": [
      0.0,
      0.0,
      0.0,
      0.0,
      0.0
    ],
    "M2-both": [
      0.0,
      0.0,
      0.0,
      0.0,
      0.0
    ],
    "MLP-MP": [
      0.0,
      0.0,
      0.0,
      0.0,
      0.0
    ]
  },
  "indist_mean": {
    "M0-raw": 0.25856971442699433,
    "M1-unit": 0.2525398463010788,
    "M2-both": 0.25959441959857943,
    "MLP-MP": 0.07442045956850052
  },
  "indist_std": {
    "M0-raw": 0.015700341124846275,
    "M1-unit": 0.017184002068319222,
    "M2-both": 0.022703456388172772,
    "MLP-MP": 0.0042944057099507105
  },
  "ood_ratio_mean": {
    "M0-raw": 1.0000000412422239,
    "M1-unit": 0.9999999112387112,
    "M2-both": 0.9999999655065525,
    "MLP-MP": 10.243385369767143
  },
  "se3_mean": {
    "M0-raw": 4.551708698272705e-05,
    "M1-unit": 5.287677049636841e-05,
    "M2-both": 0.00011421442031860352,
    "MLP-MP": 8.807440948486327
  },
  "perm_mean": {
    "M0-raw": 0.0,
    "M1-unit": 0.0,
    "M2-both": 0.0,
    "MLP-MP": 0.0
  },
  "msg_gain": 1.0238768979004078,
  "gap_closed_frac": 0.03274446117389448,
  "saturate_frac": -1.1699382391434152,
  "verdict": {
    "passed": false,
    "ok_equiv": true,
    "ok_recovers": false,
    "ok_global_flat": true,
    "ok_mlp_degrades": true
  }
}