{
  "mode": "SMOKE",
  "group": "SO(2)",
  "config": {
    "seeds": [
      0,
      1
    ],
    "hvals": [
      1,
      4,
      16
    ],
    "tau": 0.05,
    "n_data": 512,
    "steps": 400,
    "batch": 128,
    "coverage_deg": 180,
    "n_test": 400,
    "n_state": 6,
    "probe_angles": [
      0.37,
      1.2345,
      2.71,
      3.94,
      5.4
    ]
  },
  "params": {
    "VN": 3488,
    "MLP": 72716
  },
  "models": {
    "VN": {
      "seen": {
        "1": [
          4.2965481977426495e-05,
          4.6642039337718706e-06
        ],
        "4": [
          0.0005877266990574684,
          7.25316335665587e-05
        ],
        "16": [
          0.03232709312459324,
          0.007083320469588539
        ]
      },
      "ood": {
        "1": [
          4.2965476801479287e-05,
          4.66418698926502e-06
        ],
        "4": [
          0.0005877266986120781,
          7.253147062312661e-05
        ],
        "16": [
          0.03232709094881432,
          0.007083317392572479
        ]
      },
      "ratio": {
        "1": [
          0.9999998769388981,
          3.8101572789370083e-07
        ],
        "4": [
          1.0000000147604915,
          2.790651413093568e-07
        ],
        "16": [
          0.9999999416922962,
          8.240777779588287e-08
        ]
      },
      "eq": {
        "1": [
          6.260695334911875e-08,
          1.732781231770236e-10
        ],
        "4": [
          1.0222574341858476e-07,
          1.5784213882859949e-10
        ],
        "16": [
          2.0978053236389778e-07,
          1.4948579237386627e-08
        ]
      }
    },
    "MLP": {
      "seen": {
        "1": [
          4.7925287420705474e-05,
          4.819756217621772e-06
        ],
        "4": [
          0.0006618520295883084,
          7.021855864215434e-05
        ],
        "16": [
          0.027545891833056717,
          0.006993406274082899
        ]
      },
      "ood": {
        "1": [
          0.0013157089639114921,
          0.00018273750568843414
        ],
        "4": [
          0.02090029730178561,
          0.0038421915182639222
        ],
        "16": [
          0.31583439620933285,
          0.08598998076395345
        ]
      },
      "ratio": {
        "1": [
          27.400164771928686,
          1.057383123503046
        ],
        "4": [
          31.44754115623683,
          2.46881542990919
        ],
        "16": [
          12.257045248216453,
          6.233542153543723
        ]
      },
      "eq": {
        "1": [
          0.04092580578897079,
          0.0023794403710067974
        ],
        "4": [
          0.16187682655016578,
          0.014224051486231942
        ],
        "16": [
          0.557176521600637,
          0.10565474158362365
        ]
      }
    }
  },
  "derived": {
    "vn_ratio_max": 1.0000000147604915,
    "vn_eq_max": 2.0978053236389778e-07,
    "vn_ratio_H1": 0.9999998769388981,
    "vn_ratio_Hm": 0.9999999416922962,
    "mlp_ratio_H1": 27.400164771928686,
    "mlp_ratio_Hm": 12.257045248216453,
    "mlp_ratio_min": 12.257045248216453,
    "mlp_ratio_max": 31.44754115623683,
    "mlp_eq_min": 0.04092580578897079,
    "mlp_eq_H1": 0.04092580578897079,
    "mlp_eq_Hm": 0.557176521600637,
    "vn_seen_H1": 4.2965481977426495e-05,
    "vn_seen_Hm": 0.03232709312459324,
    "mlp_seen_H1": 4.7925287420705474e-05,
    "mlp_seen_Hm": 0.027545891833056717,
    "vn_rollout_flat": true,
    "vn_rollout_exact": true,
    "mlp_gap_persists": true,
    "mlp_exactness_compounds": true,
    "rollout_accumulates": true
  }
}