{
  "passed": true,
  "gate": {
    "exact_flat": true,
    "tight_lower_bound": true,
    "conserved_infinite_horizon": true,
    "horizon_linear_in_log_eps": true
  },
  "lambdas": [
    0.7,
    0.35,
    0.0,
    -0.4
  ],
  "eps": 0.001,
  "eps_res": 0.5,
  "t_max": 16,
  "exact_max_variation": 0.0,
  "tight_max_relerr": 1.8601577955279265e-14,
  "var_approx_by_T": [
    [
      0.0010000000000000009,
      0.0010000000000000009,
      0.0010000000000000009,
      0.0010000000000000009
    ],
    [
      0.002013752707470451,
      0.001419067548593278,
      0.0010000000000000009,
      0.0006703200460356357
    ],
    [
      0.004055199966844669,
      0.0020137527074705064,
      0.0010000000000000009,
      0.0004493289641172224
    ],
    [
      0.008166169912567689,
      0.002857651118063187,
      0.0010000000000000009,
      0.00030119421191220075
    ],
    [
      0.016444646771097027,
      0.004055199966844669,
      0.0010000000000000009,
      0.00020189651799465413
    ],
    [
      0.033115451958692255,
      0.005754602676005693,
      0.0010000000000000009,
      0.0001353352832366133
    ],
    [
      0.06668633104092514,
      0.008166169912567689,
      0.0010000000000000009,
      9.071795328941326e-05
    ],
    [
      0.13428977968493427,
      0.011588346719223486,
      0.0010000000000000009,
      6.081006262521806e-05
    ],
    [
      0.2704264074261502,
      0.016444646771097027,
      0.0010000000000000009,
      4.076220397836606e-05
    ],
    [
      0.5445719101259385,
      0.02333606458094284,
      0.0010000000000000009,
      2.732372244729263e-05
    ],
    [
      1.0966331584284603,
      0.033115451958692255,
      0.0010000000000000009,
      1.8315638888734102e-05
    ],
    [
      2.2083479918871944,
      0.04699306323157959,
      0.0010000000000000009,
      1.2277339903068356e-05
    ],
    [
      4.447066747699864,
      0.06668633104092514,
      0.0010000000000000009,
      8.229747049020089e-06
    ],
    [
      8.955292703482428,
      0.0946324083149257,
      0.0010000000000000009,
      5.516564420760786e-06
    ],
    [
      18.033744927828593,
      0.13428977968493783,
      0.0010000000000000009,
      3.6978637164829264e-06
    ],
    [
      36.315502674247,
      0.19056626845863178,
      0.0010000000000000009,
      2.4787521766663693e-06
    ],
    [
      73.13044183341663,
      0.2704264074261502,
      0.0010000000000000009,
      1.6615572731739465e-06
    ]
  ],
  "analytic_by_T": [
    [
      0.001,
      0.001,
      0.001,
      0.001
    ],
    [
      0.0020137527074704765,
      0.0014190675485932572,
      0.001,
      0.0006703200460356394
    ],
    [
      0.004055199966844675,
      0.002013752707470476,
      0.001,
      0.00044932896411722164
    ],
    [
      0.008166169912567653,
      0.002857651118063163,
      0.001,
      0.00030119421191220216
    ],
    [
      0.016444646771097055,
      0.004055199966844673,
      0.001,
      0.00020189651799465544
    ],
    [
      0.033115451958692324,
      0.005754602676005728,
      0.001,
      0.00013533528323661273
    ],
    [
      0.06668633104092517,
      0.008166169912567647,
      0.001,
      9.071795328941253e-05
    ],
    [
      0.13428977968493552,
      0.011588346719223383,
      0.001,
      6.081006262521798e-05
    ],
    [
      0.27042640742615276,
      0.016444646771097037,
      0.001,
      4.076220397836623e-05
    ],
    [
      0.5445719101259293,
      0.023336064580942693,
      0.001,
      2.732372244729257e-05
    ],
    [
      1.0966331584284592,
      0.03311545195869228,
      0.001,
      1.831563888873419e-05
    ],
    [
      2.20834799188721,
      0.04699306323157924,
      0.001,
      1.2277339903068446e-05
    ],
    [
      4.447066747699859,
      0.06668633104092507,
      0.001,
      8.229747049020033e-06
    ],
    [
      8.955292703482518,
      0.09463240831492396,
      0.001,
      5.516564420760775e-06
    ],
    [
      18.033744927828526,
      0.13428977968493533,
      0.001,
      3.697863716482933e-06
    ],
    [
      36.315502674246666,
      0.19056626845862973,
      0.001,
      2.47875217666636e-06
    ],
    [
      73.13044183341556,
      0.27042640742615226,
      0.001,
      1.6615572731739357e-06
    ]
  ],
  "horizon_fit": {
    "0": {
      "lambda": 0.7,
      "slope": 1.4285714285714288,
      "inv_lambda": 1.4285714285714286,
      "r2": 1.0,
      "Tcert": [
        2.2991970177630003,
        5.58860429346878,
        8.878011569174559,
        12.167418844880341,
        15.456826120586118,
        18.7462333962919
      ]
    },
    "1": {
      "lambda": 0.35,
      "slope": 2.8571428571428577,
      "inv_lambda": 2.857142857142857,
      "r2": 1.0,
      "Tcert": [
        4.598394035526001,
        11.17720858693756,
        17.756023138349118,
        24.334837689760683,
        30.913652241172237,
        37.4924667925838
      ]
    }
  },
  "seed": 0
}