{
  "mode": "FULL",
  "config": {
    "ENC_RUNGS": [
      "E0-base",
      "E1-mul16",
      "E2-mul32",
      "E3-lmax3"
    ],
    "ORACLES": [
      "ORACLE-raw",
      "ORACLE-unit"
    ],
    "labels": {
      "E0-base": "enc lmax2 mul8 [a,r]",
      "E1-mul16": "enc lmax2 mul16 [a,r]",
      "E2-mul32": "enc lmax2 mul32 [a,r]",
      "E3-lmax3": "enc lmax3 mul8 [a,r]",
      "ORACLE-raw": "points [a,r]",
      "ORACLE-unit": "points [a,r_hat]",
      "MLP-MP": "MLP [a,r]"
    },
    "SEEDS": [
      0,
      1,
      2
    ],
    "N_TRAIN": 1500,
    "N_TEST": 400,
    "EPOCHS": 80,
    "K_OOD": 6,
    "VAR_COEF": 0.1,
    "C_INT": 0.8,
    "AUG": 6,
    "D_OBJ": 48,
    "D_OBJ_ORACLE": 72
  },
  "params": {
    "E0-base": 65304,
    "E1-mul16": 67568,
    "E2-mul32": 73248,
    "E3-lmax3": 65888,
    "ORACLE-raw": 65408,
    "ORACLE-unit": 65408,
    "MLP-MP": 62304
  },
  "indist_per_seed": {
    "E0-base": [
      0.27044498920440674,
      0.2666676342487335,
      0.2504424452781677
    ],
    "E1-mul16": [
      0.2586139142513275,
      0.21301160752773285,
      0.21306361258029938
    ],
    "E2-mul32": [
      0.2523963451385498,
      0.17735303938388824,
      0.2515225112438202
    ],
    "E3-lmax3": [
      0.2493274211883545,
      0.21080148220062256,
      0.2826996445655823
    ],
    "ORACLE-raw": [
      0.0036523020826280117,
      0.0036042388528585434,
      0.0034773515071719885
    ],
    "ORACLE-unit": [
      0.0021154452115297318,
      0.002929291920736432,
      0.0030261666979640722
    ],
    "MLP-MP": [
      0.08655361831188202,
      0.09053254872560501,
      0.1019226610660553
    ]
  },
  "ood_ratio_per_seed": {
    "E0-base": [
      1.000000073464903,
      0.9999999441208482,
      0.9999998016688535
    ],
    "E1-mul16": [
      0.9999998079355574,
      0.9999998134541572,
      1.000000116562694
    ],
    "E2-mul32": [
      1.0000000590387361,
      0.9999999579901161,
      1.0000001382356432
    ],
    "E3-lmax3": [
      1.0000000099609054,
      1.0000001649389547,
      0.9999996310284418
    ],
    "ORACLE-raw": [
      1.0000003081202173,
      1.0000005167929278,
      0.9999997321747391
    ],
    "ORACLE-unit": [
      1.0000004219052625,
      0.9999994171203258,
      1.0000005642203127
    ],
    "MLP-MP": [
      9.297546131268778,
      12.323154890655884,
      8.117952250569232
    ]
  },
  "se3_per_seed": {
    "E0-base": [
      6.0558319091796875e-05,
      6.309151649475098e-05,
      7.867813110351562e-05
    ],
    "E1-mul16": [
      4.51207160949707e-05,
      3.806501626968384e-05,
      4.607439041137695e-05
    ],
    "E2-mul32": [
      7.517635822296143e-05,
      3.0353665351867676e-05,
      4.780292510986328e-05
    ],
    "E3-lmax3": [
      3.692507743835449e-05,
      2.7918489649891853e-05,
      3.2901763916015625e-05
    ],
    "ORACLE-raw": [
      1.6689300537109375e-06,
      1.6689300537109375e-06,
      1.9073486328125e-06
    ],
    "ORACLE-unit": [
      1.6689300537109375e-06,
      1.9073486328125e-06,
      1.9073486328125e-06
    ],
    "MLP-MP": [
      11.464540481567383,
      10.18700885772705,
      10.487909317016602
    ]
  },
  "perm_per_seed": {
    "E0-base": [
      0.0,
      0.0,
      0.0
    ],
    "E1-mul16": [
      0.0,
      0.0,
      0.0
    ],
    "E2-mul32": [
      0.0,
      0.0,
      0.0
    ],
    "E3-lmax3": [
      0.0,
      0.0,
      0.0
    ],
    "ORACLE-raw": [
      0.0,
      0.0,
      0.0
    ],
    "ORACLE-unit": [
      0.0,
      0.0,
      0.0
    ],
    "MLP-MP": [
      0.0,
      0.0,
      0.0
    ]
  },
  "indist_mean": {
    "E0-base": 0.26251835624376935,
    "E1-mul16": 0.2282297114531199,
    "E2-mul32": 0.2270906319220861,
    "E3-lmax3": 0.24760951598485312,
    "ORACLE-raw": 0.003577964147552848,
    "ORACLE-unit": 0.002690301276743412,
    "MLP-MP": 0.09300294270118077
  },
  "indist_std": {
    "E0-base": 0.008677089444897985,
    "E1-mul16": 0.021484886329593462,
    "E2-mul32": 0.035171598201207174,
    "E3-lmax3": 0.029377427123339562,
    "ORACLE-raw": 7.380016290530474e-05,
    "ORACLE-unit": 0.00040840405025778287,
    "MLP-MP": 0.006513012799558656
  },
  "ood_ratio_mean": {
    "E0-base": 0.999999939751535,
    "E1-mul16": 0.9999999126508028,
    "E2-mul32": 1.0000000517548318,
    "E3-lmax3": 0.9999999353094339,
    "ORACLE-raw": 1.0000001856959615,
    "ORACLE-unit": 1.0000001344153004,
    "MLP-MP": 9.91288442416463
  },
  "se3_mean": {
    "E0-base": 6.744265556335449e-05,
    "E1-mul16": 4.30867075920105e-05,
    "E2-mul32": 5.111098289489746e-05,
    "E3-lmax3": 3.2581777001420655e-05,
    "ORACLE-raw": 1.7484029134114583e-06,
    "ORACLE-unit": 1.8278757731119792e-06,
    "MLP-MP": 10.713152885437012
  },
  "perm_mean": {
    "E0-base": 0.0,
    "E1-mul16": 0.0,
    "E2-mul32": 0.0,
    "E3-lmax3": 0.0,
    "ORACLE-raw": 0.0,
    "ORACLE-unit": 0.0,
    "MLP-MP": 0.0
  },
  "conv_per_seed": {
    "E0-base": [
      0.03545160879567865,
      0.1319646556111093,
      0.040820342204670845
    ],
    "E1-mul16": [
      0.03766061970288382,
      0.020732800781529507,
      0.005764218525537452
    ],
    "E2-mul32": [
      0.012336455650291855,
      0.0743244253162883,
      0.006828725149499596
    ],
    "E3-lmax3": [
      0.01211782866507104,
      0.04859655238792585,
      0.052004789905224974
    ],
    "ORACLE-raw": [
      0.09895231610785134,
      0.018679611468995164,
      0.10587819509397774
    ],
    "ORACLE-unit": [
      0.06761070085911967,
      0.02352788150602574,
      0.06844624919148982
    ],
    "MLP-MP": [
      0.27035556522582416,
      0.299814642976528,
      0.2657764505963991
    ]
  },
  "conv_mean": {
    "E0-base": 0.06941220220381959,
    "E1-mul16": 0.021385879669983593,
    "E2-mul32": 0.031163202038693254,
    "E3-lmax3": 0.03757305698607396,
    "ORACLE-raw": 0.07450337422360807,
    "ORACLE-unit": 0.05319494385221174,
    "MLP-MP": 0.2786488862662504
  },
  "ok_converged": false,
  "cap": 0.26251835624376935,
  "mlp": 0.09300294270118077,
  "gap": 0.1695154135425886,
  "best_enc": 0.2270906319220861,
  "best_enc_variant": "E2-mul32",
  "enc_gap_closed_frac": 0.20899411788758956,
  "oracle_raw": 0.003577964147552848,
  "oracle_unit": 0.002690301276743412,
  "oracle_raw_gap_closed_frac": 1.527533023014223,
  "oracle_unit_gap_closed_frac": 1.5327694959240237,
  "verdict": {
    "passed": true,
    "ok_equiv": true,
    "ok_oracle_closes": true,
    "ok_global_flat": true,
    "ok_mlp_degrades": true
  }
}