{
  "passed": true,
  "gate": {
    "equivariant_flat": true,
    "baseline_degrades": true
  },
  "equivariant": {
    "ratio": 1.000003229831487,
    "by_theta": {
      "0.0": 0.035875571464809276,
      "0.5235987755982988": 0.035875571658834815,
      "1.0471975511965976": 0.035875687336859606,
      "1.5707963267948966": 0.035875594262809805,
      "2.0943951023931953": 0.03587557621843492,
      "2.6179938779914944": 0.035875630079923816,
      "3.141592653589793": 0.035875571464809276
    },
    "seen": 0.035875571464809276
  },
  "baseline": {
    "ratio": 10.288649093621283,
    "by_theta": {
      "0.0": 0.10874715354293585,
      "0.5235987755982988": 0.10393581663568814,
      "1.0471975511965976": 0.48042041435837746,
      "1.5707963267948966": 0.8116120373209318,
      "2.0943951023931953": 1.0071722666422527,
      "2.6179938779914944": 1.08134592572848,
      "3.141592653589793": 1.1188613027334213
    },
    "seen": 0.10874715354293585
  },
  "seed": 0,
  "smoke": false,
  "env": "FetchPush-v4"
}