{
  "verdict": {
    "G1_pass": true,
    "n_win": 1,
    "n_seeds": 1,
    "win_margins": [
      0.5153333333333334
    ],
    "eps": 0.2,
    "N": 40,
    "L": 1500,
    "smoke": false
  },
  "per_seed": {
    "11": {
      "iv_conv": 94,
      "iv_mlp": 30,
      "lambda1_conv": 1.4823239433684596,
      "lambda1_mlp": 5.437676990927319,
      "knee_budget": 16,
      "cover_mlp_budget": 50,
      "conv_arm_viol_at_knee": 0.11933333333333333,
      "mlp_iso_viol_at_knee": 0.6346666666666667,
      "win_margin": 0.5153333333333334,
      "pareto_frac_conv_below_mlp": 0.6,
      "frontier": {
        "budgets": [
          2,
          11,
          16,
          20,
          29,
          38,
          47,
          50,
          56,
          65
        ],
        "conv_arm": [
          0.836,
          0.4,
          0.11933333333333333,
          0.11933333333333333,
          0.11933333333333333,
          0.11933333333333333,
          0.11933333333333333,
          0.11933333333333333,
          0.11933333333333333,
          0.11933333333333333
        ],
        "mlp_iso": [
          0.89,
          0.7246666666666667,
          0.6346666666666667,
          0.564,
          0.386,
          0.16,
          0.009333333333333334,
          0.0,
          0.0,
          0.0
        ],
        "mlp_pkg": [
          0.9046666666666666,
          0.76,
          0.6566666666666666,
          0.5786666666666667,
          0.4073333333333333,
          0.19466666666666665,
          0.016,
          0.0,
          0.0,
          0.0
        ],
        "adaptive": [
          0.9246666666666666,
          0.8953333333333333,
          0.8446666666666667,
          0.8346666666666667,
          0.654,
          0.4706666666666667,
          0.19,
          0.12733333333333333,
          0.0,
          0.0
        ]
      }
    }
  }
}