{
  "verdict": {
    "G1_pass": true,
    "n_win": 1,
    "n_seeds": 1,
    "win_margins": [
      0.4733333333333334
    ],
    "eps": 0.2,
    "N": 40,
    "L": 1500,
    "smoke": false
  },
  "per_seed": {
    "12": {
      "iv_conv": 85,
      "iv_mlp": 32,
      "lambda1_conv": 1.6708928482844136,
      "lambda1_mlp": 5.107408286820256,
      "knee_budget": 18,
      "cover_mlp_budget": 47,
      "conv_arm_viol_at_knee": 0.112,
      "mlp_iso_viol_at_knee": 0.5853333333333334,
      "win_margin": 0.4733333333333334,
      "pareto_frac_conv_below_mlp": 0.6,
      "frontier": {
        "budgets": [
          2,
          11,
          18,
          19,
          28,
          36,
          45,
          47,
          53,
          62
        ],
        "conv_arm": [
          0.8726666666666667,
          0.436,
          0.112,
          0.112,
          0.112,
          0.112,
          0.112,
          0.112,
          0.112,
          0.112
        ],
        "mlp_iso": [
          0.9293333333333333,
          0.734,
          0.5853333333333334,
          0.5606666666666666,
          0.37133333333333335,
          0.216,
          0.0026666666666666666,
          0.0,
          0.0,
          0.0
        ],
        "mlp_pkg": [
          0.9213333333333333,
          0.75,
          0.5946666666666667,
          0.576,
          0.38266666666666665,
          0.214,
          0.008666666666666666,
          0.0,
          0.0,
          0.0
        ],
        "adaptive": [
          0.9306666666666666,
          0.8826666666666667,
          0.81,
          0.8253333333333334,
          0.7,
          0.5326666666666666,
          0.2833333333333333,
          0.24733333333333332,
          0.024,
          0.0
        ]
      }
    }
  }
}