{
  "mode": "FULL",
  "group": "SO(2)",
  "config": {
    "seeds": [
      0,
      1,
      2,
      3,
      4
    ],
    "gvals": [
      0.0,
      0.2,
      0.4,
      0.8
    ],
    "betas": [
      1.0,
      0.01,
      0.0001
    ],
    "n_data": 1024,
    "steps": 2000,
    "batch": 256,
    "coverage_deg": 180,
    "n_test": 2000,
    "n_state": 6,
    "probe_angles": [
      0.37,
      1.2345,
      2.71,
      3.94,
      5.4
    ]
  },
  "params": {
    "VN": 3488,
    "MLP": 72716,
    "RPP": 76204
  },
  "noneq_fraction": {
    "0.0": 4.3243285145989214e-14,
    "0.2": 0.02652771433794455,
    "0.4": 0.0913335777741017,
    "0.8": 0.2492704611005198
  },
  "models": {
    "VN": {
      "0.0": {
        "seen": [
          0.002607597601720831,
          0.002888292825582256
        ],
        "ood": [
          0.0026075976424877307,
          0.002888292686465357
        ],
        "ratio": [
          0.9999996498502599,
          1.6751780597748058e-06
        ],
        "eq": [
          2.1005640515986317e-07,
          1.3761419671715652e-08
        ],
        "rho": [
          NaN,
          NaN
        ]
      },
      "0.2": {
        "seen": [
          0.01708878096665139,
          0.0014305915161060268
        ],
        "ood": [
          0.01714316172648369,
          0.0014984380935733853
        ],
        "ratio": [
          1.0029376251202267,
          0.0043334215682445535
        ],
        "eq": [
          2.090642132390942e-07,
          1.8868414180742405e-08
        ],
        "rho": [
          NaN,
          NaN
        ]
      },
      "0.4": {
        "seen": [
          0.050901380748444046,
          0.0006344907380570217
        ],
        "ood": [
          0.05102115816928138,
          0.00045398367165927364
        ],
        "ratio": [
          1.0023925628592258,
          0.004778086160298397
        ],
        "eq": [
          2.0306756927742833e-07,
          2.1667059620306222e-08
        ],
        "rho": [
          NaN,
          NaN
        ]
      },
      "0.8": {
        "seen": [
          0.1423830512052797,
          0.0014228001411936164
        ],
        "ood": [
          0.14289394241268805,
          0.0008401688281493044
        ],
        "ratio": [
          1.0036243054811014,
          0.004974616992828599
        ],
        "eq": [
          1.9787867876052223e-07,
          2.2352241253494976e-08
        ],
        "rho": [
          NaN,
          NaN
        ]
      }
    },
    "RPP-hi": {
      "0.0": {
        "seen": [
          0.0009225089204126725,
          0.0002869153314116755
        ],
        "ood": [
          0.0012556857036317213,
          0.00047157313295308044
        ],
        "ratio": [
          1.3332798737078861,
          0.14548352268063167
        ],
        "eq": [
          0.015332233685511181,
          0.005243300258467156
        ],
        "rho": [
          0.009863377307835075,
          0.0032733494901773007
        ]
      },
      "0.2": {
        "seen": [
          0.004871258746572633,
          0.0005429657004869211
        ],
        "ood": [
          0.008061930728740046,
          0.0010671480119605699
        ],
        "ratio": [
          1.6533067692038723,
          0.08611464166191986
        ],
        "eq": [
          0.11344535677579981,
          0.0026015862570510314
        ],
        "rho": [
          0.06014497688064985,
          0.0030965738273626125
        ]
      },
      "0.4": {
        "seen": [
          0.01408619989963139,
          0.001037585878666008
        ],
        "ood": [
          0.020904311324232802,
          0.0023452416061336095
        ],
        "ratio": [
          1.4849411489908928,
          0.14764161947672302
        ],
        "eq": [
          0.21154233886339885,
          0.005641742813985402
        ],
        "rho": [
          0.11106798033691845,
          0.008148111892052615
        ]
      },
      "0.8": {
        "seen": [
          0.03616220521642383,
          0.0006065951233089515
        ],
        "ood": [
          0.051579124337292295,
          0.003620724313821768
        ],
        "ratio": [
          1.425708464829994,
          0.0846872233182902
        ],
        "eq": [
          0.3656788351045661,
          0.004954652267951134
        ],
        "rho": [
          0.1897861638965606,
          0.008903586190626268
        ]
      }
    },
    "RPP-mid": {
      "0.0": {
        "seen": [
          0.0010498021112875348,
          0.0008838321793804015
        ],
        "ood": [
          0.005236544715693621,
          0.005552085527876688
        ],
        "ratio": [
          4.552501882051991,
          1.5044996609760781
        ],
        "eq": [
          0.06616519141945384,
          0.037041133939101245
        ],
        "rho": [
          0.07243085750709191,
          0.04150518403243818
        ]
      },
      "0.2": {
        "seen": [
          0.0009832311066520713,
          0.0008033356574934605
        ],
        "ood": [
          0.006903149508277609,
          0.006921648235598255
        ],
        "ratio": [
          6.474620558809084,
          1.0568613156692104
        ],
        "eq": [
          0.22517090839814152,
          0.004343800736642546
        ],
        "rho": [
          0.14472077628511448,
          0.03723520472412687
        ]
      },
      "0.4": {
        "seen": [
          0.0008843678690958961,
          0.000635912649679047
        ],
        "ood": [
          0.010090984397484003,
          0.006786613884881768
        ],
        "ratio": [
          11.783860963464337,
          4.036218078951033
        ],
        "eq": [
          0.4162677210940512,
          0.0024900109648993535
        ],
        "rho": [
          0.23386670318049002,
          0.020065267458126597
        ]
      },
      "0.8": {
        "seen": [
          0.0011990554552799443,
          0.0010328869425824721
        ],
        "ood": [
          0.015024848513572586,
          0.005966701470805965
        ],
        "ratio": [
          22.053709099502512,
          15.094385210655384
        ],
        "eq": [
          0.6865855241325173,
          0.0049914833558872855
        ],
        "rho": [
          0.3668050940543798,
          0.008720064050045447
        ]
      }
    },
    "RPP-lo": {
      "0.0": {
        "seen": [
          0.001534760384729638,
          0.0007495835809565095
        ],
        "ood": [
          0.013289047876594707,
          0.004963962127372953
        ],
        "ratio": [
          9.3116132302784,
          3.0072621812257734
        ],
        "eq": [
          0.11599278748097386,
          0.026151585068976822
        ],
        "rho": [
          0.29082268531490085,
          0.03888006106283522
        ]
      },
      "0.2": {
        "seen": [
          0.0010027883705861966,
          0.00041937605757983815
        ],
        "ood": [
          0.011854688205099915,
          0.004082217396352205
        ],
        "ratio": [
          12.47134372081801,
          3.5679825679388846
        ],
        "eq": [
          0.22819426282570426,
          0.002842660048346977
        ],
        "rho": [
          0.3467187692837718,
          0.06670350420963995
        ]
      },
      "0.4": {
        "seen": [
          0.0011571597334956527,
          0.0008601587006376032
        ],
        "ood": [
          0.01735411077874708,
          0.004197671717002335
        ],
        "ratio": [
          22.10577689810002,
          13.44617461126631
        ],
        "eq": [
          0.4228646501897747,
          0.003157542067723754
        ],
        "rho": [
          0.4615525174713245,
          0.07151864115006143
        ]
      },
      "0.8": {
        "seen": [
          0.0006341422361725458,
          0.0004972744491123813
        ],
        "ood": [
          0.020678030531325393,
          0.006333203909064114
        ],