{
  "seeds": [
    0,
    1,
    2
  ],
  "runs": [
    {
      "passed": true,
      "gate": {
        "fa_enc_equiv": true,
        "fa_pred_equiv": true,
        "fa_flat_exact": true,
        "fa_penalty_removed_vs_cnn": true,
        "fa_latent_healthier_than_cnn": true
      },
      "absolute_accuracy_open": true,
      "steerable_unstable_this_seed": true,
      "fa_enc_resid": 2.384185791015625e-07,
      "fa_pred_resid": 4.76837158203125e-07,
      "fa_orbit_relmse": [
        1.5562891960144043,
        1.5562890768051147,
        1.5562890768051147,
        1.5562890768051147
      ],
      "cnn_orbit_relmse": [
        0.9492461681365967,
        0.9418503642082214,
        0.957497775554657,
        0.7416853904724121
      ],
      "steer_orbit_relmse": [
        19.140764236450195,
        19.140750885009766,
        19.140756607055664,
        19.140771865844727
      ],
      "fa_orbit_fvu": [
        1.624187095140683,
        1.6241872058364288,
        1.624187095140683,
        1.6241872058364288
      ],
      "cnn_orbit_fvu": [
        2.391332791357312,
        2.7415652297336823,
        2.3481514556029315,
        2.277904922273384
      ],
      "steer_orbit_fvu": [
        64.24922346568367,
        64.24923906965222,
        64.24921959495623,
        64.24922738180733
      ],
      "fa_orbit_ratio": 1.0,
      "cnn_orbit_ratio": 1.008692800345203,
      "steer_orbit_ratio": 1.0000003985940393,
      "fa_part_ratio": 4.271976470947266,
      "cnn_part_ratio": 2.2062723636627197,
      "steer_part_ratio": 1.9954819679260254,
      "fa_vs_cnn_fvu": 0.6791974337535848,
      "steer_vs_cnn_fvu": 26.867537507908317,
      "horizons": [
        1,
        2,
        3,
        4,
        5,
        6,
        7,
        8
      ],
      "fa_fvu_by_h": [
        1.7379135779081083,
        1.5830127960221783,
        1.661804523072532,
        1.624187095140683,
        1.6846882872214335,
        1.7489028081208002,
        1.6881890856392536,
        1.8049046922493845
      ],
      "cnn_fvu_by_h": [
        1.9543365328755273,
        2.0894907769762696,
        2.258281742106385,
        2.391332791357312,
        2.5654552063324987,
        2.7738389485711594,
        3.0582734686867754,
        3.192549697566077
      ],
      "steer_fvu_by_h": [
        2.2635835897869265,
        7.922185663097842,
        24.114747461995943,
        64.24922346568367,
        175.42725927735168,
        467.1204778789877,
        1168.101078117248,
        2966.2201588254025
      ],
      "fa_horizon_stability": 1.0385468617040854,
      "cnn_horizon_stability": 1.633572132466201,
      "steer_horizon_stability": 1310.408933961487,
      "fa_fvu_1step_target": 1.6728586318845704,
      "cnn_fvu_1step_target": 1.8583707407189463,
      "steer_fvu_1step_target": 2.5982868849747267,
      "params": {
        "fa": 201344,
        "cnn": 202368,
        "steer": 44984
      },
      "horizon": 4,
      "h_eval": 8,
      "latent_dim": 64,
      "n_inv": 32,
      "n_vec": 16,
      "img": 65,
      "smoke": false,
      "seed": 0,
      "epochs": 30,
      "device": "mps",
      "_seed": 0
    },
    {
      "passed": true,
      "gate": {
        "fa_enc_equiv": true,
        "fa_pred_equiv": true,
        "fa_flat_exact": true,
        "fa_penalty_removed_vs_cnn": true,
        "fa_latent_healthier_than_cnn": true
      },
      "absolute_accuracy_open": true,
      "steerable_unstable_this_seed": true,
      "fa_enc_resid": 2.384185791015625e-07,
      "fa_pred_resid": 4.76837158203125e-07,
      "fa_orbit_relmse": [
        2.38683819770813,
        2.38683819770813,
        2.38683819770813,
        2.386838436126709
      ],
      "cnn_orbit_relmse": [
        0.5748963952064514,
        0.5383260846138,
        0.4851861298084259,
        0.5030975937843323
      ],
      "steer_orbit_relmse": [
        25.859224319458008,
        25.85924530029297,
        25.859224319458008,
        25.8592472076416
      ],
      "fa_orbit_fvu": [
        2.081127414175879,
        2.0811271763889994,
        2.081127661608305,
        2.0811271763889994
      ],
      "cnn_orbit_fvu": [
        2.65864780496508,
        2.448333790120467,
        2.506032669382856,
        2.4703275553258686
      ],
      "steer_orbit_fvu": [
        52.08465158579193,
        52.08466179012917,
        52.0846719944704,
        52.0846719944704
      ],
      "fa_orbit_ratio": 1.0000000998888736,
      "cnn_orbit_ratio": 1.0,
      "steer_orbit_ratio": 1.0000008851071212,
      "fa_part_ratio": 2.813444137573242,
      "cnn_part_ratio": 2.5819833278656006,
      "steer_part_ratio": 1.0265132188796997,
      "fa_vs_cnn_fvu": 0.7827766469441082,
      "steer_vs_cnn_fvu": 19.590654876709415,
      "horizons": [
        1,
        2,
        3,
        4,
        5,
        6,
        7,
        8
      ],
      "fa_fvu_by_h": [
        2.034339061128237,
        2.0702753872152146,
        2.1396877827775915,
        2.081127414175879,
        2.151445746671928,
        2.1453813555010632,
        2.1495064351734934,
        2.1616346493224836
      ],
      "cnn_fvu_by_h": [
        2.2893792632474024,
        2.354372155632262,
        2.4756175095021313,
        2.65864780496508,
        2.907681296342503,
        3.025432507576006,
        3.0516186095259696,
        3.0318425210978055
      ],
      "steer_fvu_by_h": [
        1.656261597430526,
        4.988081787301839,
        16.657880571072894,
        52.08465158579193,
        146.11270877680747,
        391.91264387383666,
        1067.5767386213329,
        2663.9872160442333
      ],
      "fa_horizon_stability": 1.0625734375486302,
      "cnn_horizon_stability": 1.3243076714153712,
      "steer_horizon_stability": 1608.4338489626653,
      "fa_fvu_1step_target": 1.9981690150937927,
      "cnn_fvu_1step_target": 2.214178881790541,
      "steer_fvu_1step_target": 6.416512818238156,
      "params": {
        "fa": 201344,
        "cnn": 202368,
        "steer": 44984
      },
      "horizon": 4,
      "h_eval": 8,
      "latent_dim": 64,
      "n_inv": 32,
      "n_vec": 16,
      "img": 65,
      "smoke": false,
      "seed": 1,
      "epochs": 30,
      "device": "mps",
      "_seed": 1
    },
    {
      "passed": true,
      "gate": {
        "fa_enc_equiv": true,
        "fa_pred_equiv": true,
        "fa_flat_exact": true,
        "fa_penalty_removed_vs_cnn": true,
        "fa_latent_healthier_than_cnn": true
      },
      "absolute_accuracy_open": true,
      "steerable_unstable_this_seed": true,
      "fa_enc_resid": 2.384185791015625e-07,
      "fa_pred_resid": 4.76837158203125e-07,
      "fa_orbit_relmse": [
        1.991123080253601,
        1.9911231994628906,
        1.991123080253601,
        1.991123080253601
      ],
      "cnn_orbit_relmse": [
        0.4497893154621124,
        0.44600245356559753,
        0.478630393743515,
        0.4679718017578125
      ],
      "steer_orbit_relmse": [
        11.561724662780762,
        11.561724662780762,
        11.561722755432129,
        11.561725616455078
      ],
      "fa_orbit_fvu": [
        2.00408344575518,
        2.00408344575518,
        2.0040833099526676,
        2.0040833099526676
      ],
      "cnn_orbit_fvu": [
        1.8745350298208414,
        1.8723432907082895,
        1.8218346490820356,
        2.184097634261635
      ],
      "steer_orbit_fvu": [
        16.843394163866993,
        16.843398401226576,
        16.843391190054284,
        16.84340144949516
      ],
      "fa_orbit_ratio": 1.000000059870377,
      "cnn_orbit_ratio": 1.0641213058868937,
      "steer_orbit_ratio": 1.000000082485472,
      "fa_part_ratio": 3.5464365482330322,
      "cnn_part_ratio": 2.1804332733154297,
      "steer_part_ratio": 1.0587739944458008,
      "fa_vs_cnn_fvu": 1.0691096265865567,
      "steer_vs_cnn_fvu": 8.985371783357284,