{
  "results": {
    "equivariant": {
      "0": 0.0,
      "1": 7.116496544977961e-34,
      "2": 1.4232993089955922e-33,
      "3": 2.134948963493388e-33,
      "4": 2.8465986179911844e-33,
      "5": 3.5582482724889806e-33,
      "6": 4.269897926986777e-33
    },
    "mlp": {
      "0": 1.7118495551047762e-05,
      "1": 1.650597136269326e-05,
      "2": 0.031679401154466415,
      "3": 0.09805171035705455,
      "4": 0.20711565964583284,
      "5": 0.36778806586360313,
      "6": 0.5899552182369197
    }
  },
  "equiv_residual": 0.0,
  "eq_worst_unseen": 4.269897926986777e-33,
  "mlp_worst_unseen": 0.5899552182369197,
  "passed": true,
  "K": 6,
  "D": 8,
  "n_train_actions": 7
}