{
  "passed": true,
  "n_pass": 3,
  "systems": {
    "Henon": {
      "name": "Henon",
      "one_step": 2.318440465387539e-06,
      "slope": 2.140785284158533,
      "r2": 0.9956304428186913,
      "lam_staircase_time": 0.467118308127321,
      "lam_ref_time": 0.419,
      "lam_relerr": 0.11484083085279485,
      "gate": {
        "model_learned": true,
        "staircase_linear": true,
        "recovers_lambda": true
      },
      "passed": true,
      "xs": [
        4.605170185988092,
        5.809142990314028,
        6.907755278982137,
        8.111728083308073,
        9.210340371976184,
        10.41431317630212,
        11.512925464970229
      ],
      "ys": [
        9.0,
        12.0,
        15.0,
        17.0,
        19.0,
        22.0,
        24.0
      ],
      "eps0s": [
        0.01,
        0.003,
        0.001,
        0.0003,
        0.0001,
        3e-05,
        1e-05
      ],
      "Tcross": [
        9.0,
        12.0,
        15.0,
        17.0,
        19.0,
        22.0,
        24.0
      ]
    },
    "Rossler": {
      "name": "Rossler",
      "one_step": 1.4050639762785977e-08,
      "slope": 151.68068248365412,
      "r2": 0.9879582038284961,
      "lam_staircase_time": 0.06592797339949766,
      "lam_ref_time": 0.0714,
      "lam_relerr": 0.07663902801824014,
      "gate": {
        "model_learned": true,
        "staircase_linear": true,
        "recovers_lambda": true
      },
      "passed": true,
      "xs": [
        4.605170185988092,
        5.809142990314028,
        6.907755278982137,
        8.111728083308073,
        9.210340371976184
      ],
      "ys": [
        426.0,
        660.0,
        743.0,
        978.0,
        1139.0
      ],
      "eps0s": [
        0.01,
        0.003,
        0.001,
        0.0003,
        0.0001
      ],
      "Tcross": [
        426.0,
        660.0,
        743.0,
        978.0,
        1139.0
      ]
    },
    "Lorenz": {
      "name": "Lorenz",
      "one_step": 6.613062453197927e-08,
      "slope": 52.823469695534094,
      "r2": 0.9976610317857934,
      "lam_staircase_time": 0.9465489542468883,
      "lam_ref_time": 0.9056,
      "lam_relerr": 0.04521748481326014,
      "gate": {
        "model_learned": true,
        "staircase_linear": true,
        "recovers_lambda": true
      },
      "passed": true,
      "xs": [
        4.605170185988092,
        5.809142990314028,
        6.907755278982137,
        8.111728083308073,
        9.210340371976184,
        10.41431317630212,
        11.512925464970229
      ],
      "ys": [
        174.0,
        234.0,
        290.0,
        342.0,
        413.0,
        484.0,
        534.0
      ],
      "eps0s": [
        0.01,
        0.003,
        0.001,
        0.0003,
        0.0001,
        3e-05,
        1e-05
      ],
      "Tcross": [
        174.0,
        234.0,
        290.0,
        342.0,
        413.0,
        484.0,
        534.0
      ]
    }
  },
  "seed": 0,
  "smoke": false
}