{
  "mode": "FULL",
  "group": "SO(3)",
  "config": {
    "seeds": [
      0,
      1,
      2,
      3,
      4
    ],
    "hvals": [
      1,
      2,
      4,
      8,
      16
    ],
    "tau": 0.05,
    "n_data": 1024,
    "steps": 2000,
    "batch": 256,
    "coverage_deg": 90,
    "n_test": 2000,
    "n_state": 6
  },
  "params": {
    "VN": 3488,
    "MLP": 76050
  },
  "models": {
    "VN": {
      "seen": {
        "1": [
          1.7263018141353782e-06,
          7.054641525405073e-07
        ],
        "2": [
          7.011666489836094e-06,
          2.7820767310616166e-06
        ],
        "4": [
          4.019252230502668e-05,
          1.8759569316575553e-05
        ],
        "8": [
          0.0008390373055919694,
          0.0005160437837745252
        ],
        "16": [
          0.021507263073142175,
          0.006966825290476019
        ]
      },
      "ood": {
        "1": [
          1.7263022264637579e-06,
          7.054636080748492e-07
        ],
        "2": [
          7.0116674802353065e-06,
          2.7820759898694523e-06
        ],
        "4": [
          4.0192524526726114e-05,
          1.8759577880259196e-05
        ],
        "8": [
          0.0008390372590223582,
          0.0005160437068195367
        ],
        "16": [
          0.021507262442239196,
          0.0069668256217169005
        ]
      },
      "ratio": {
        "1": [
          0.9999996824784798,
          3.585200141499341e-07
        ],
        "2": [
          1.0000000269426708,
          1.6908298545394905e-07
        ],
        "4": [
          0.9999999789028051,
          1.4852649079751013e-07
        ],
        "8": [
          0.9999999561588435,
          8.34657032986739e-08
        ],
        "16": [
          0.9999999591566724,
          5.790848299886506e-08
        ]
      },
      "eq": {
        "1": [
          6.767582377071432e-08,
          1.6721587704545027e-09
        ],
        "2": [
          7.932591668878753e-08,
          3.0970202154661886e-09
        ],
        "4": [
          9.854530970391275e-08,
          5.11446834054939e-09
        ],
        "8": [
          1.2651465574337667e-07,
          7.676683558411405e-09
        ],
        "16": [
          1.6286989177862247e-07,
          8.19287751538124e-09
        ]
      }
    },
    "MLP": {
      "seen": {
        "1": [
          5.3475551199225e-06,
          5.999223982749221e-07
        ],
        "2": [
          2.114636376606516e-05,
          2.2794564064030233e-06
        ],
        "4": [
          8.838876957995226e-05,
          8.142823336827866e-06
        ],
        "8": [
          0.000597934967190008,
          5.551467044016444e-05
        ],
        "16": [
          0.009150557231713173,
          0.0010806981541557712
        ]
      },
      "ood": {
        "1": [
          0.0003563861883813935,
          8.120538322288464e-05
        ],
        "2": [
          0.0014047678971542009,
          0.00032156674613315186
        ],
        "4": [
          0.005360068188082467,
          0.001228966076561465
        ],
        "8": [
          0.018882979812148138,
          0.004150369226504082
        ],
        "16": [
          0.059309330529977444,
          0.010432706663096864
        ]
      },
      "ratio": {
        "1": [
          66.19145361960749,
          11.0949524232388
        ],
        "2": [
          65.96459051769943,
          11.150496949295395
        ],
        "4": [
          60.21304722281019,
          10.497021691664683
        ],
        "8": [
          31.380042470998642,
          5.190191645500706
        ],
        "16": [
          6.45761843597505,
          0.575855781982974
        ]
      },
      "eq": {
        "1": [
          0.03868059328390522,
          0.009858567152099729
        ],
        "2": [
          0.0768766917100389,
          0.019810321662686134
        ],
        "4": [
          0.14990061209987382,
          0.039437491546547715
        ],
        "8": [
          0.2759117820602732,
          0.07443624687706421
        ],
        "16": [
          0.4473984538311876,
          0.11875919902730676
        ]
      }
    }
  },
  "derived": {
    "vn_ratio_max": 1.0000000269426708,
    "vn_eq_max": 1.6286989177862247e-07,
    "vn_ratio_H1": 0.9999996824784798,
    "vn_ratio_Hm": 0.9999999591566724,
    "mlp_ratio_H1": 66.19145361960749,
    "mlp_ratio_Hm": 6.45761843597505,
    "mlp_ratio_min": 6.45761843597505,
    "mlp_ratio_max": 66.19145361960749,
    "mlp_eq_min": 0.03868059328390522,
    "mlp_eq_H1": 0.03868059328390522,
    "mlp_eq_Hm": 0.4473984538311876,
    "vn_seen_H1": 1.7263018141353782e-06,
    "vn_seen_Hm": 0.021507263073142175,
    "mlp_seen_H1": 5.3475551199225e-06,
    "mlp_seen_Hm": 0.009150557231713173,
    "vn_rollout_flat": true,
    "vn_rollout_exact": true,
    "mlp_gap_persists": true,
    "mlp_exactness_compounds": true,
    "rollout_accumulates": true
  }
}