{
  "verdict": {
    "G1_pass": true,
    "n_win": 1,
    "n_seeds": 1,
    "win_margins": [
      0.608
    ],
    "eps": 0.2,
    "N": 40,
    "L": 1500,
    "smoke": false
  },
  "per_seed": {
    "7": {
      "iv_conv": 93,
      "iv_mlp": 25,
      "lambda1_conv": 1.4659327610063788,
      "lambda1_mlp": 6.518611685829229,
      "knee_budget": 17,
      "cover_mlp_budget": 60,
      "conv_arm_viol_at_knee": 0.09066666666666667,
      "mlp_iso_viol_at_knee": 0.6986666666666667,
      "win_margin": 0.608,
      "pareto_frac_conv_below_mlp": 0.6,
      "frontier": {
        "budgets": [
          2,
          13,
          17,
          24,
          35,
          45,
          56,
          60,
          67,
          78
        ],
        "conv_arm": [
          0.8633333333333333,
          0.27,
          0.09066666666666667,
          0.09066666666666667,
          0.09066666666666667,
          0.09066666666666667,
          0.09066666666666667,
          0.09066666666666667,
          0.09066666666666667,
          0.09066666666666667
        ],
        "mlp_iso": [
          0.8913333333333333,
          0.732,
          0.6986666666666667,
          0.574,
          0.37266666666666665,
          0.19466666666666665,
          0.014,
          0.0,
          0.0,
          0.0
        ],
        "mlp_pkg": [
          0.946,
          0.7433333333333333,
          0.6826666666666666,
          0.58,
          0.388,
          0.21466666666666667,
          0.04933333333333333,
          0.0,
          0.0,
          0.0
        ],
        "adaptive": [
          0.9253333333333333,
          0.8693333333333333,
          0.8586666666666667,
          0.762,
          0.566,
          0.2633333333333333,
          0.0,
          0.0,
          0.0,
          0.0
        ]
      }
    }
  }
}