{
  "mode": "FULL",
  "config": {
    "N_TRAIN": 1500,
    "EPOCHS": 60,
    "K_TASKS": 24,
    "K_SWEEP": 16,
    "N_OOD": 3,
    "BETA": 12.0,
    "EPS0_HEAD": 0.15,
    "EPS0_LADDER": [
      0.0,
      0.05,
      0.15,
      0.25,
      0.35,
      0.45
    ],
    "T_MAX": 24,
    "REPLAN": 4,
    "W_T": 2.0,
    "DELTA_FRAC": 0.45,
    "cem": {
      "H": 12,
      "n_samples": 256,
      "n_iters": 5,
      "n_elite": 25,
      "sigma0": 0.6,
      "w_run": 0.3
    }
  },
  "params": {
    "VN": 16856,
    "MLP": 124512
  },
  "equivariance": {
    "VN": {
      "enc": 7.62939453125e-06,
      "pred": 1.1920928955078125e-06
    },
    "MLP": {
      "enc": 4.04638147354126,
      "pred": 1.1980957984924316
    }
  },
  "hedge_floor": 0.5694614693227892,
  "task_win": {
    "eps0": 0.15,
    "reward_pos": 0.6203768951292273,
    "reward_pos_ci": [
      0.5390494116105885,
      0.7025203498666107
    ],
    "efe_pos": 0.38097244165838556,
    "efe_pos_ci": [
      0.3133312122835538,
      0.4511145374356504
    ],
    "oracle_pos": 0.3187152454859684,
    "oracle_pos_ci": [
      0.2620200226258041,
      0.3795701375840011
    ],
    "reward_ang": 29.04027567568849,
    "efe_ang": 18.22043943028584,
    "oracle_ang": 14.651539718505516,
    "efe_n_sense": 8.291666666666666,
    "drop_mean": 0.23940445347084172,
    "drop_ci": [
      0.1452079585481011,
      0.335926167973375
    ],
    "ratio_mean": 0.6140983725369515,
    "ratio_ci": [
      0.4990333010445227,
      0.7492942579225474
    ],
    "oracle_gap_mean": 0.0622571961724172,
    "oracle_gap_ci": [
      -0.014774773912250698,
      0.13733030192370405
    ]
  },
  "noise_sweep": [
    {
      "eps0": 0.0,
      "efe_pos": 0.33297042637148977,
      "efe_pos_ci": [
        0.25746806057508786,
        0.415473575224111
      ],
      "reward_pos": 0.6201017397694707,
      "oracle_pos": 0.2691819372008551,
      "n_sense": 5.5625,
      "ratio": 0.5369609614307403,
      "ratio_hi": 0.7239648954895351,
      "won": true
    },
    {
      "eps0": 0.05,
      "efe_pos": 0.3367482459107309,
      "efe_pos_ci": [
        0.2610852708858758,
        0.42349427033270287
      ],
      "reward_pos": 0.6238020460618832,
      "oracle_pos": 0.2691819372008551,
      "n_sense": 5.5625,
      "ratio": 0.5398319034646519,
      "ratio_hi": 0.7112465320181519,
      "won": true
    },
    {
      "eps0": 0.15,
      "efe_pos": 0.5081053572735518,
      "efe_pos_ci": [
        0.3790821024209098,
        0.6938108711360783
      ],
      "reward_pos": 0.6705579048755054,
      "oracle_pos": 0.2691819372008551,
      "n_sense": 7.875,
      "ratio": 0.7577352434132973,
      "ratio_hi": 1.0787267333885906,
      "won": false
    },
    {
      "eps0": 0.25,
      "efe_pos": 0.545806119678049,
      "efe_pos_ci": [
        0.4163045956606325,
        0.7361203536095101
      ],
      "reward_pos": 0.6518136094652603,
      "oracle_pos": 0.2691819372008551,
      "n_sense": 11.125,
      "ratio": 0.8373653322854389,
      "ratio_hi": 1.146843402496357,
      "won": false
    },
    {
      "eps0": 0.35,
      "efe_pos": 0.608468100328835,
      "efe_pos_ci": [
        0.477521650947506,
        0.7736751693465076
      ],
      "reward_pos": 0.6641615466799252,
      "oracle_pos": 0.2691819372008551,
      "n_sense": 13.75,
      "ratio": 0.9161447292010566,
      "ratio_hi": 1.1855493946849254,
      "won": false
    },
    {
      "eps0": 0.45,
      "efe_pos": 0.7229626907826201,
      "efe_pos_ci": [
        0.610741639278823,
        0.8641904802728029
      ],
      "reward_pos": 0.662907608523561,
      "oracle_pos": 0.2691819372008551,
      "n_sense": 15.6875,
      "ratio": 1.0905934424147201,
      "ratio_hi": 1.3478502483244543,
      "won": false
    }
  ],
  "invariance": {
    "ig_field": {
      "VN": 6.929339617656183e-07,
      "MLP": 0.16900871508407234
    },
    "outcome": {
      "VN": {
        "pos": 9.745832096896834e-08,
        "ang": 1.9445792993622035e-06
      },
      "MLP": {
        "pos": 0.8986364255344381,
        "ang": 34.42926356591433
      }
    },
    "plan_equiv": 8.26341883808368e-09
  },
  "verdict": {
    "passed": true,
    "ok_task_win": true,
    "ok_accumulate": true,
    "ok_recover_step25": true,
    "ok_no_free_lunch": true,
    "ok_vn_inv": true,
    "ok_mlp_breaks": true,
    "ok_equiv": true
  }
}