{
  "seeds": [
    0,
    1,
    2
  ],
  "runs": [
    {
      "beta": [
        0.0,
        0.05,
        0.1,
        0.2,
        0.4,
        0.8,
        1.5
      ],
      "eps_world": [
        1.1980894870263798e-16,
        0.007668477882760409,
        0.015333192147631148,
        0.030645963033823408,
        0.061167646004459224,
        0.12150584507054221,
        0.22325296160225813
      ],
      "eq_cv": [
        0.09353139636424633,
        0.4756923758364681,
        0.5636664549394693,
        0.5529834042302887,
        0.5471136042818511,
        0.5341802939717322,
        0.5379528240764477
      ],
      "eq_far": [
        1.067639161185818e-05,
        3.3608390550250927e-05,
        0.00010127650149479427,
        0.0003803330298925111,
        0.001323867124255967,
        0.004224664081595311,
        0.012276320643827296
      ],
      "mlp_far": [
        0.0034134800809574495,
        0.004232182542919527,
        0.003524431627669843,
        0.003429465186309526,
        0.003244505469226411,
        0.003549070692896113,
        0.0036200655917306888
      ],
      "passed": true,
      "corr_eps_far": 0.9762463847993296,
      "corr_eps_cv": 0.37301136403538493,
      "n_equiv_wins": 5,
      "eps_threshold": 0.061167646004459224,
      "theta_max_deg": 50.0,
      "smoke": false,
      "seed": 0
    },
    {
      "beta": [
        0.0,
        0.05,
        0.1,
        0.2,
        0.4,
        0.8,
        1.5
      ],
      "eps_world": [
        1.1980894870263798e-16,
        0.007668477882760409,
        0.015333192147631148,
        0.030645963033823408,
        0.061167646004459224,
        0.12150584507054221,
        0.22325296160225813
      ],
      "eq_cv": [
        0.09967405712295835,
        0.2876460835694511,
        0.4353597703996647,
        0.5258953987084947,
        0.5296063822849109,
        0.5137610866097664,
        0.5231810933923666
      ],
      "eq_far": [
        2.7863195630412627e-05,
        5.384024731311192e-05,
        0.000137880608234152,
        0.0003986791855359355,
        0.0013356249159567253,
        0.004295974870406446,
        0.012371746709648182
      ],
      "mlp_far": [
        0.0031829974173679734,
        0.002847492204989215,
        0.003316127801805626,
        0.003292351773784971,
        0.0031153295998928633,
        0.0020413846344366085,
        0.0016017316823214243
      ],
      "passed": true,
      "corr_eps_far": 0.9763987555033643,
      "corr_eps_cv": 0.5644669228680107,
      "n_equiv_wins": 5,
      "eps_threshold": 0.061167646004459224,
      "theta_max_deg": 50.0,
      "smoke": false,
      "seed": 1
    },
    {
      "beta": [
        0.0,
        0.05,
        0.1,
        0.2,
        0.4,
        0.8,
        1.5
      ],
      "eps_world": [
        1.1980894870263798e-16,
        0.007668477882760409,
        0.015333192147631148,
        0.030645963033823408,
        0.061167646004459224,
        0.12150584507054221,
        0.22325296160225813
      ],
      "eq_cv": [
        0.05450599739473017,
        0.053356478867658215,
        0.1811990048532296,
        0.07370798604553667,
        0.30301066451210407,
        0.5169649995870103,
        0.5135477551147699
      ],
      "eq_far": [
        3.521449696169876e-05,
        0.0007379273957243441,
        0.006298394911996521,
        0.0021536163173651595,
        0.002481761481977488,
        0.005086507592511781,
        0.015077532715974444
      ],
      "mlp_far": [
        0.0023857050802687393,
        0.0016182910313349262,
        0.0017964388289806212,
        0.001383880309591497,
        0.001540987956724863,
        0.0020113899761222253,
        0.002850587943732797
      ],
      "passed": true,
      "corr_eps_far": 0.8832786051519096,
      "corr_eps_cv": 0.8971420910624965,
      "n_equiv_wins": 2,
      "eps_threshold": 0.007668477882760409,
      "theta_max_deg": 50.0,
      "smoke": false,
      "seed": 2
    }
  ]
}