{
  "seed": 0,
  "smoke": false,
  "N": 40,
  "N_ctrl": 12,
  "hidden": 96,
  "hidden_noise": 0.05,
  "branch": "STRUCTURE_STILL_WINS",
  "positive_control_pass": true,
  "positive_control": {
    "tag": "ctrl",
    "N": 12,
    "hidden": 96,
    "one_step_relmse": 0.002559436971914237,
    "lambda1": 1.2392296907968259,
    "lambda1_relerr": 0.324181845490035,
    "sum_topN": -11.621017704038364,
    "n_positive": 4,
    "ky": 8.157939126920349,
    "spectrum_r2": 0.9753884044937935,
    "spurious_lyap_max": -99.01631340210034,
    "lambda_learned": [
      1.2392296907968259,
      0.7730571685378916,
      0.36094435487130366,
      0.1774003094491681,
      -0.224108178186036,
      -0.25726159892304884,
      -0.7628812057074521,
      -1.04030870228168,
      -1.684648027028519,
      -2.3160628280286257,
      -3.4305309609051657,
      -4.455847726633027
    ]
  },
  "gru_test": {
    "tag": "test",
    "N": 40,
    "hidden": 96,
    "one_step_relmse": 0.004174272210199509,
    "lambda1": 0.45213488143607594,
    "lambda1_relerr": 0.7111804665696945,
    "sum_topN": 3.218431033503372,
    "n_positive": 24,
    "ky": 40.0,
    "spectrum_r2": -0.22505711504721337,
    "spurious_lyap_max": -0.32413233275182907,
    "lambda_learned": [
      0.45213488143607594,
      0.3936654421366418,
      0.3675436291272014,
      0.3473263827635536,
      0.33280887577736656,
      0.306209076177893,
      0.23546683059534007,
      0.23135447650457358,
      0.22326345780687976,
      0.20197136601585672,
      0.18293614319953203,
      0.15060784648257075,
      0.14302704241323722,
      0.13379429432186865,
      0.12856320113213252,
      0.12766508345817512,
      0.12676503525807367,
      0.12069337725251565,
      0.10248662930572613,
      0.06633281272510248,
      0.042107106414403975,
      0.04184674427455626,
      0.032820941582551645,
      0.026939232070720274,
      -0.0017958533837937624,
      -0.00664584253135012,
      -0.008691269531120444,
      -0.01876657335736571,
      -0.019909575407759023,
      -0.027383659277337467,
      -0.03952164551130086,
      -0.04531380778544762,
      -0.07548050580203541,
      -0.08724287554887042,
      -0.09735270812065779,
      -0.11598408678127231,
      -0.15577776090411555,
      -0.1566783415049525,
      -0.18075786563992335,
      -0.26259650364187437
    ]
  },
  "conv_r2": 0.9815615826669084,
  "mlp_r2": -1.1316569030285928,
  "gru_r2": -0.22505711504721337,
  "conv_minus_gru": 1.2066186977141218,
  "lambda_true": [
    1.5654581117352981,
    1.3863105653618797,
    1.3812477720454737,
    1.111712948373079,
    1.0685436071454522,
    0.981987416463852,
    0.7388646103676595,
    0.5281032544859433,
    0.490795636566256,
    0.41202176400931334,
    0.2441085404921515,
    0.12645531540599703,
    0.07137770940922261,
    0.01306627708097472,
    -0.08855800484507814,
    -0.3103900432370075,
    -0.4112015409958396,
    -0.47262492201270456,
    -0.6385284811704605,
    -0.6408302195518761,
    -0.8909973113561235,
    -0.9331469972690815,
    -1.1131078505623417,
    -1.2075265613464394,
    -1.2803363839867772,
    -1.3019650232375524,
    -1.4193876297664714,
    -1.6843583153562198,
    -1.707380178027697,
    -2.0150213624226505,
    -2.1439847955452933,
    -2.3225284885889472,
    -2.4389028464896207,
    -2.958436653872375,
    -3.35769583042688,
    -3.5425232124367803,
    -4.045597867234294,
    -4.1331875278492385,
    -4.355647900791657,
    -4.706162945291129
  ]
}