{
  "mode": "FULL",
  "group": "SO(2)",
  "config": {
    "seeds": [
      0,
      1,
      2,
      3,
      4
    ],
    "hvals": [
      1,
      2,
      4,
      8,
      16
    ],
    "tau": 0.05,
    "n_data": 1024,
    "steps": 2000,
    "batch": 256,
    "coverage_deg": 180,
    "n_test": 2000,
    "n_state": 6,
    "probe_angles": [
      0.37,
      1.2345,
      2.71,
      3.94,
      5.4
    ]
  },
  "params": {
    "VN": 3488,
    "MLP": 72716
  },
  "models": {
    "VN": {
      "seen": {
        "1": [
          1.1797064134889308e-05,
          5.471557252408613e-06
        ],
        "2": [
          4.10139029744255e-05,
          1.9390477811367416e-05
        ],
        "4": [
          0.00015247397133511326,
          6.846002838534662e-05
        ],
        "8": [
          0.001002100232417659,
          0.00040673264217896976
        ],
        "16": [
          0.022863341973647693,
          0.005616103513410982
        ]
      },
      "ood": {
        "1": [
          1.179706563055171e-05,
          5.4715592253218e-06
        ],
        "2": [
          4.101390586760539e-05,
          1.9390476689366134e-05
        ],
        "4": [
          0.0001524739689010612,
          6.846002205173395e-05
        ],
        "8": [
          0.001002100211381409,
          0.0004067325287670763
        ],
        "16": [
          0.02286334124373117,
          0.005616102435653478
        ]
      },
      "ratio": {
        "1": [
          1.00000002224663,
          5.546497691821485e-07
        ],
        "2": [
          1.0000000770114321,
          3.1201763393921597e-07
        ],
        "4": [
          0.9999999969299636,
          1.0352608687966266e-07
        ],
        "8": [
          1.0000000223975225,
          1.3960623605281017e-07
        ],
        "16": [
          0.999999975208653,
          5.532508835349105e-08
        ]
      },
      "eq": {
        "1": [
          6.202392529202081e-08,
          1.530232734149665e-09
        ],
        "2": [
          7.563283274444532e-08,
          1.994327625613357e-09
        ],
        "4": [
          9.866960318095936e-08,
          2.4611729696357513e-09
        ],
        "8": [
          1.3594702629455042e-07,
          8.30715905093506e-09
        ],
        "16": [
          2.3301561556023358e-07,
          4.927954413345318e-08
        ]
      }
    },
    "MLP": {
      "seen": {
        "1": [
          1.1700475445196862e-05,
          1.757291652323015e-06
        ],
        "2": [
          4.17274851603757e-05,
          6.2770115421209766e-06
        ],
        "4": [
          0.00015825878343561818,
          1.961904851852383e-05
        ],
        "8": [
          0.0009288234907028382,
          0.00011376434592240962
        ],
        "16": [
          0.015149016810010574,
          0.0037747412362029234
        ]
      },
      "ood": {
        "1": [
          0.000489464648816141,
          9.925787624724271e-05
        ],
        "2": [
          0.0019558047432696245,
          0.00037306154509729667
        ],
        "4": [
          0.007876344293342028,
          0.001315501962223048
        ],
        "8": [
          0.03283288100077428,
          0.004250326817217393
        ],
        "16": [
          0.15215784850531994,
          0.016069512603516252
        ]
      },
      "ratio": {
        "1": [
          42.997040406878114,
          12.38130715690781
        ],
        "2": [
          48.17395633788465,
          13.503520341222622
        ],
        "4": [
          50.60497377036701,
          11.545478444673059
        ],
        "8": [
          35.67906843300382,
          5.37241505686458
        ],
        "16": [
          10.534901098773243,
          2.7839219048262356
        ]
      },
      "eq": {
        "1": [
          0.022798490930733113,
          0.0022443906257261573
        ],
        "2": [
          0.04584714791689269,
          0.004352127141696495
        ],
        "4": [
          0.09258339548819314,
          0.008469236304726731
        ],
        "8": [
          0.18789038849517473,
          0.016892580563095286
        ],
        "16": [
          0.3708443883640464,
          0.016068798596980075
        ]
      }
    }
  },
  "derived": {
    "vn_ratio_max": 1.0000000770114321,
    "vn_eq_max": 2.3301561556023358e-07,
    "vn_ratio_H1": 1.00000002224663,
    "vn_ratio_Hm": 0.999999975208653,
    "mlp_ratio_H1": 42.997040406878114,
    "mlp_ratio_Hm": 10.534901098773243,
    "mlp_ratio_min": 10.534901098773243,
    "mlp_ratio_max": 50.60497377036701,
    "mlp_eq_min": 0.022798490930733113,
    "mlp_eq_H1": 0.022798490930733113,
    "mlp_eq_Hm": 0.3708443883640464,
    "vn_seen_H1": 1.1797064134889308e-05,
    "vn_seen_Hm": 0.022863341973647693,
    "mlp_seen_H1": 1.1700475445196862e-05,
    "mlp_seen_Hm": 0.015149016810010574,
    "vn_rollout_flat": true,
    "vn_rollout_exact": true,
    "mlp_gap_persists": true,
    "mlp_exactness_compounds": true,
    "rollout_accumulates": true
  }
}