{
  "N_grid": [
    16,
    32,
    64,
    128,
    256,
    512
  ],
  "seeds": [
    0,
    1,
    2
  ],
  "updates": 600,
  "n_ood_rotations": 8,
  "curves": {
    "VN": {
      "seen": [
        0.9385068217913309,
        0.7681013345718384,
        0.6768445571263632,
        0.6465629736582438,
        0.5407741467157999,
        0.4330296715100606
      ],
      "seen_std": [
        0.14658723899492845,
        0.11619576081926432,
        0.11837024400064164,
        0.10190878665288536,
        0.11082488671509254,
        0.08000303342383404
      ],
      "ood": [
        0.9385068565607071,
        0.7681011880437533,
        0.6768446092804273,
        0.646562822163105,
        0.540774098287026,
        0.433029701312383
      ],
      "ood_std": [
        0.1465870915487963,
        0.11619585188528886,
        0.11837027423637059,
        0.1019086930988556,
        0.11082500375640741,
        0.08000308341836145
      ],
      "ratio": [
        1.0000000370475477,
        0.9999998092333934,
        1.0000000770547146,
        0.9999997656915955,
        0.9999999104454712,
        1.0000000688228183
      ]
    },
    "MLP": {
      "seen": [
        0.8999078273773193,
        0.7266899347305298,
        0.5645095904668173,
        0.3268027901649475,
        0.2129995028177897,
        0.21703739960988364
      ],
      "seen_std": [
        0.14067732670913316,
        0.08673340998705822,
        0.02117069994459377,
        0.03195386261046856,
        0.03638581441803189,
        0.041577179784179526
      ],
      "ood": [
        2.0331699500481286,
        1.8456308494011562,
        2.066890930136045,
        1.6565909708539646,
        2.0195648819208145,
        3.1504234423240027
      ],
      "ood_std": [
        0.1314225780085734,
        0.07819764698924063,
        0.2179959493453191,
        0.19654313717069666,
        0.14900076578856844,
        0.5938448458185437
      ],
      "ratio": [
        2.259309107215541,
        2.5397776426964693,
        3.661392056115192,
        5.069084538775914,
        9.481547398955433,
        14.515578642145398
      ]
    }
  },
  "params": {
    "VN": 16856,
    "MLP": 124512
  },
  "frontier": {
    "tau_in": 0.6495445072650909,
    "n_vn_in": 119.55574988696335,
    "n_mlp_in": 44.498253303175,
    "mult_in": 0.37219668100653347,
    "tau_grp": 0.6495445519685745,
    "n_vn_grp": 119.55526783989241,
    "n_mlp_grp": null
  },
  "guards": {
    "vn_flat": true,
    "mlp_wall": true,
    "vn_fits": true,
    "vn_descends": true,
    "smaller": true,
    "group_frontier": true,
    "passed": true
  }
}