{
  "verdict": {
    "G1_pass": true,
    "n_win": 1,
    "n_seeds": 1,
    "win_margins": [
      0.41066666666666674
    ],
    "eps": 0.2,
    "N": 40,
    "L": 1500,
    "smoke": false
  },
  "per_seed": {
    "8": {
      "iv_conv": 82,
      "iv_mlp": 32,
      "lambda1_conv": 1.64404488826917,
      "lambda1_mlp": 5.022965748413687,
      "knee_budget": 19,
      "cover_mlp_budget": 47,
      "conv_arm_viol_at_knee": 0.14333333333333334,
      "mlp_iso_viol_at_knee": 0.554,
      "win_margin": 0.41066666666666674,
      "pareto_frac_conv_below_mlp": 0.5555555555555556,
      "frontier": {
        "budgets": [
          2,
          11,
          19,
          28,
          36,
          45,
          47,
          53,
          62
        ],
        "conv_arm": [
          0.888,
          0.49533333333333335,
          0.14333333333333334,
          0.14333333333333334,
          0.14333333333333334,
          0.14333333333333334,
          0.14333333333333334,
          0.14333333333333334,
          0.14333333333333334
        ],
        "mlp_iso": [
          0.9386666666666666,
          0.7493333333333333,
          0.554,
          0.37133333333333335,
          0.18933333333333333,
          0.0,
          0.0,
          0.0,
          0.0
        ],
        "mlp_pkg": [
          0.9286666666666666,
          0.742,
          0.5786666666666667,
          0.38666666666666666,
          0.20666666666666667,
          0.016,
          0.0,
          0.0,
          0.0
        ],
        "adaptive": [
          0.9573333333333334,
          0.926,
          0.812,
          0.68,
          0.5326666666666666,
          0.29933333333333334,
          0.23,
          0.013333333333333334,
          0.0
        ]
      }
    }
  }
}