{
  "mode": "SMOKE",
  "config": {
    "N_TRAIN": 200,
    "EPOCHS": 3,
    "K": 4,
    "N_OOD": 1,
    "H_GOAL": 5,
    "T_MAX": 12,
    "REPLAN": 6,
    "W_T": 0.5,
    "T_SCALE": 0.5,
    "VAR_COEF": 0.1,
    "cem": {
      "H": 8,
      "n_samples": 64,
      "n_iters": 3,
      "n_elite": 8,
      "sigma0": 0.6,
      "w_run": 0.3
    }
  },
  "goal_reorient_deg": 26.70392983087456,
  "model_equiv": {
    "vn_composed": 6.377696990966797e-06,
    "mlp_composed": 0.6772708296775818,
    "vn_latent_std": 0.13523294031620026,
    "mlp_latent_std": 0.030972251668572426
  },
  "params": {
    "vn": 16856,
    "mlp": 124512
  },
  "exact": {
    "gids": [
      0,
      1
    ],
    "vn_ang_by_gid": {
      "0": 13.411010823671027,
      "1": 13.411010923279246
    },
    "mlp_ang_by_gid": {
      "0": 26.490670000747805,
      "1": 30.352484284217677
    },
    "vn_pos_by_gid": {
      "0": 0.2959550439082799,
      "1": 0.2959550434335842
    },
    "vn_diff_max": 4.2564040114712043e-07,
    "vn_diff_mean": 9.960821956145338e-08,
    "mlp_diff_mean": 3.861814283469874,
    "vn_ci": [
      -2.3057702647211187e-07,
      3.900601086570532e-07
    ],
    "mlp_ci": [
      -5.724789256308902,
      11.493925887339408
    ],
    "vn_ratio_ci": [
      0.999999965919644,
      1.000000021542803
    ],
    "mlp_ratio_ci": [
      0.7605557745235377,
      1.4791025908799624
    ],
    "n_boot": 4000,
    "mlp_degrades_sign": [
      3,
      4,
      0.625
    ],
    "mlp_degrades_perm_p": 0.4977251137443128,
    "sep_sign": [
      3,
      4,
      0.625
    ],
    "sep_perm_p": 0.4977251137443128
  },
  "verdict": {
    "passed": false,
    "ok_vn_flat": true,
    "ok_mlp_degrades": false,
    "ok_separated": false,
    "ok_equiv": true
  }
}