{
  "mode": "FULL",
  "group": "SO(3)",
  "config": {
    "seeds": [
      0,
      1,
      2,
      3,
      4
    ],
    "sizes": [
      64,
      256,
      1024
    ],
    "datas": [
      256,
      1024,
      4096
    ],
    "steps": 2000,
    "batch": 256,
    "coverage_deg": 90,
    "n_test": 2000,
    "n_state": 6
  },
  "params": {
    "VN": 3488,
    "MLP": {
      "64": 6738,
      "256": 76050,
      "1024": 1090578
    }
  },
  "grid": {
    "64x256": {
      "ratio": [
        102.34875692332247,
        13.721989076512457
      ],
      "eq": [
        0.7156644096095885,
        0.05553740700081417
      ],
      "seen": [
        0.0015159363954099481,
        0.00011461468899207984
      ],
      "ood": [
        0.15434890580643706,
        0.016945385635172134
      ]
    },
    "64x1024": {
      "ratio": [
        104.27769980001283,
        32.17725879075072
      ],
      "eq": [
        0.7313915772206292,
        0.08140927789056741
      ],
      "seen": [
        0.00151038695722883,
        0.00022167095357602997
      ],
      "ood": [
        0.1525971746581119,
        0.03213060670949623
      ]
    },
    "64x4096": {
      "ratio": [
        106.04954153497411,
        21.654168080690084
      ],
      "eq": [
        0.7338021589907915,
        0.03751180757595874
      ],
      "seen": [
        0.0015260397808471466,
        0.00020427165089239782
      ],
      "ood": [
        0.15911052697186423,
        0.021029829590016768
      ]
    },
    "256x256": {
      "ratio": [
        60.08818406909929,
        18.500380792653722
      ],
      "eq": [
        0.3904593589859038,
        0.044261282625143714
      ],
      "seen": [
        0.0006494740247757176,
        0.00012232924444398354
      ],
      "ood": [
        0.03758340732224179,
        0.006525393945145937
      ]
    },
    "256x1024": {
      "ratio": [
        66.86109523499286,
        13.204785582803217
      ],
      "eq": [
        0.3995348205908268,
        0.06348802359126465
      ],
      "seen": [
        0.0005700781885269667,
        9.095406905317789e-05
      ],
      "ood": [
        0.037685359444236066,
        0.006540447492051949
      ]
    },
    "256x4096": {
      "ratio": [
        59.16301914645826,
        16.529627604844343
      ],
      "eq": [
        0.4055296721770185,
        0.05374428108371673
      ],
      "seen": [
        0.0006675090243312813,
        0.00016753623985370632
      ],
      "ood": [
        0.03786449531343069,
        0.006651911953923264
      ]
    },
    "1024x256": {
      "ratio": [
        86.39559555702483,
        43.15435674141079
      ],
      "eq": [
        0.4100516155925414,
        0.021870795752693212
      ],
      "seen": [
        0.0005767018133963387,
        0.0004814191333878889
      ],
      "ood": [
        0.03424463911647339,
        0.0025202920621301204
      ]
    },
    "1024x1024": {
      "ratio": [
        41.067053633374385,
        18.501162500105057
      ],
      "eq": [
        0.38453778745262424,
        0.031009055810781713
      ],
      "seen": [
        0.0008933187853014023,
        0.00034546644792762186
      ],
      "ood": [
        0.03221565980684098,
        0.0028332086173621573
      ]
    },
    "1024x4096": {
      "ratio": [
        75.78012064655739,
        20.0955250454136
      ],
      "eq": [
        0.3555140190718216,
        0.03237078023563225
      ],
      "seen": [
        0.0003949197627661274,
        8.669326200967271e-05
      ],
      "ood": [
        0.02859921899288224,
        0.0013275742175466539
      ]
    }
  },
  "vn_ref": {
    "256": {
      "ratio": [
        0.9999999287949753,
        1.0073810233312851e-07
      ],
      "eq": [
        1.6242050858939386e-07,
        2.6332696174868043e-09
      ],
      "seen": [
        9.140275527883454e-05,
        1.3498526082529885e-05
      ]
    },
    "1024": {
      "ratio": [
        1.000000159934468,
        2.0214050075046245e-07
      ],
      "eq": [
        1.6501619756975764e-07,
        2.65437541087147e-09
      ],
      "seen": [
        8.50477000858495e-05,
        1.1342528829968623e-05
      ]
    },
    "4096": {
      "ratio": [
        1.0000000940953246,
        2.3076959392069808e-07
      ],
      "eq": [
        1.6214539346444137e-07,
        3.792828423275614e-09
      ],
      "seen": [
        8.183608705546919e-05,
        1.0337169777389534e-05
      ]
    }
  },
  "derived": {
    "best_mlp_eq": 0.3555140190718216,
    "vn_floor": 1.6501619756975764e-07,
    "eq_factor_best_vs_vn": 2154418.9255817416,
    "ratio_small": 102.34875692332247,
    "ratio_big": 75.78012064655739,
    "partial_gap": true,
    "exact_plateau": true,
    "task_helps": true,
    "task_closes": false
  }
}