{
  "mode": "SMOKE",
  "group": "SO(3)",
  "config": {
    "seeds": [
      0,
      1
    ],
    "gvals": [
      0.0,
      0.6
    ],
    "betas": [
      1.0,
      0.001
    ],
    "n_data": 512,
    "steps": 400,
    "batch": 128,
    "coverage_deg": 90,
    "n_test": 400,
    "n_state": 6
  },
  "params": {
    "VN": 3488,
    "MLP": 76050,
    "RPP": 79538
  },
  "noneq_fraction": {
    "0.0": 1.2305186838450053e-14,
    "0.6": 0.04982271906755917
  },
  "models": {
    "VN": {
      "0.0": {
        "seen": [
          0.0015151120660196232,
          3.609122082253011e-05
        ],
        "ood": [
          0.0015151123022543681,
          3.609107687065643e-05
        ],
        "ratio": [
          1.0000001564349739,
          9.87371205846431e-08
        ],
        "eq": [
          1.6176531726399693e-07,
          2.6771880784399256e-08
        ],
        "rho": [
          NaN,
          NaN
        ]
      },
      "0.6": {
        "seen": [
          0.03485220753743226,
          0.0012811506034963176
        ],
        "ood": [
          0.05160815233939961,
          0.002143680118838362
        ],
        "ratio": [
          1.4806412756531637,
          0.007080058119751819
        ],
        "eq": [
          1.6086755085928072e-07,
          1.6477991992376453e-08
        ],
        "rho": [
          NaN,
          NaN
        ]
      }
    },
    "RPP-hi": {
      "0.0": {
        "seen": [
          0.0007149200738749553,
          0.00013374236313009032
        ],
        "ood": [
          0.0011941553080733604,
          0.0003102212166629199
        ],
        "ratio": [
          1.6587716938996546,
          0.12361265760082937
        ],
        "eq": [
          0.03367393146221487,
          0.006928792600307276
        ],
        "rho": [
          0.008912559139472032,
          0.0030834190963438166
        ]
      },
      "0.6": {
        "seen": [
          0.00974701274175817,
          0.0005054049861066718
        ],
        "ood": [
          0.01805597557298877,
          0.0013036014887173382
        ],
        "ratio": [
          1.8584282981602522,
          0.2301074673977074
        ],
        "eq": [
          0.15234118340213526,
          0.016448629265241363
        ],
        "rho": [
          0.05866474831687437,
          0.0012187006230921092
        ]
      }
    },
    "RPP-mid": {
      "0.0": {
        "seen": [
          0.0006278689189208019,
          5.739409061336199e-05
        ],
        "ood": [
          0.006221730569055679,
          0.0007909673574031415
        ],
        "ratio": [
          10.008676822942071,
          2.1746677030472608
        ],
        "eq": [
          0.14244297864718453,
          0.004916082433193165
        ],
        "rho": [
          0.26049265428438184,
          0.011024097551173562
        ]
      },
      "0.6": {
        "seen": [
          0.0007201632118228646,
          4.881205569523938e-05
        ],
        "ood": [
          0.009079169029220362,
          0.0024869555649874244
        ],
        "ratio": [
          12.51882334506972,
          2.604806839932855
        ],
        "eq": [
          0.3057269145264907,
          0.025166458033158333
        ],
        "rho": [
          0.3252856528695316,
          0.02666291942576049
        ]
      }
    },
    "MLP": {
      "0.0": {
        "seen": [
          0.0016406019032782024,
          0.00014523296986196363
        ],
        "ood": [
          0.06548324557079249,
          0.01473896469726318
        ],
        "ratio": [
          40.47037816317861,
          12.566484200448878
        ],
        "eq": [
          0.5423460841082357,
          0.06623549723685283
        ],
        "rho": [
          NaN,
          NaN
        ]
      },
      "0.6": {
        "seen": [
          0.0015937258384152901,
          8.715679091614927e-05
        ],
        "ood": [
          0.04703453577806571,
          0.006003804293489471
        ],
        "ratio": [
          29.659672715932686,
          5.389161657932665
        ],
        "eq": [
          0.5189353550586777,
          0.10575694209150178
        ],
        "rho": [
          NaN,
          NaN
        ]
      }
    }
  },
  "derived": {
    "vn_floor": 1.6176531726399693e-07,
    "vn_seen0": 0.0015151120660196232,
    "vn_seenG": 0.03485220753743226,
    "soft_seenG": 0.0007201632118228646,
    "rpp_eq0_softest": 0.14244297864718453,
    "rho_hi_gmax": 0.05866474831687437,
    "rho_lo_gmax": 0.3252856528695316,
    "vn_exact_all_g": true,
    "vn_capacity_floor": true,
    "soft_recovers_capacity": true,
    "soft_breaks_exactness": true,
    "dial_monotone": true
  }
}