{
  "mode": "FULL",
  "config": {
    "N_TRAIN": 1500,
    "N_TEST": 400,
    "ENC_EPOCHS": 60,
    "PRED_EPOCHS": 80,
    "DISC_STEPS": 1500,
    "K_TRUE": 3,
    "K_BROKEN": 1,
    "THETA_MAX": 1.2,
    "DISTILL_THETA_MAX": 4.442882938158366,
    "N_THETA": 4,
    "LAMBDA_LADDER": [
      0.0,
      0.1,
      0.3,
      1.0,
      3.0,
      10.0
    ],
    "TIE_REL": 0.05,
    "BREAK_BETA": 0.3
  },
  "discovery": {
    "true_residual": 2.335923880540658e-13,
    "frac_in_so3": 1.0,
    "antisym_frac": 1.5132965813791088e-07,
    "closure_resid": 3.100107830408683e-07,
    "struct_const_norm": 1.7320506527114607,
    "broken_residual": 1.4444796270565718e-12,
    "broken_axis_align": 1.0
  },
  "vn_composed_resid": 1.1786818504333496e-05,
  "arms": {
    "VN": {
      "bins": {
        "z 45 (seen wedge)": 0.3001619577407837,
        "z 180 (OOD angle, on-axis)": 0.30016225576400757,
        "x 90  (OOD axis)": 0.3001621961593628,
        "y 90  (OOD axis)": 0.3001621961593628,
        "random SO(3) x8": 0.3001622259616852
      },
      "seen": 0.3001619577407837,
      "ood": 0.30016225576400757,
      "offaxis": 0.3001622259616852,
      "ratio": 1.0000009928747338,
      "zood": 0.30016225576400757,
      "equiv": 2.9206275939941406e-06
    },
    "free": {
      "bins": {
        "z 45 (seen wedge)": 0.4532943069934845,
        "z 180 (OOD angle, on-axis)": 1.0220191478729248,
        "x 90  (OOD axis)": 0.8573241829872131,
        "y 90  (OOD axis)": 0.83378666639328,
        "random SO(3) x8": 0.5859600640833378
      },
      "seen": 0.4532943069934845,
      "ood": 1.0220191478729248,
      "offaxis": 0.8573241829872131,
      "ratio": 2.2546480997115523,
      "zood": 1.0220191478729248,
      "equiv": 3.688307762145996
    },
    "disc_so3_lam0.0": {
      "bins": {
        "z 45 (seen wedge)": 0.4532943069934845,
        "z 180 (OOD angle, on-axis)": 1.0220191478729248,
        "x 90  (OOD axis)": 0.8573241829872131,
        "y 90  (OOD axis)": 0.83378666639328,
        "random SO(3) x8": 0.5859600640833378
      },
      "seen": 0.4532943069934845,
      "ood": 1.0220191478729248,
      "offaxis": 0.8573241829872131,
      "ratio": 2.2546480997115523,
      "zood": 1.0220191478729248,
      "equiv": 3.0517168045043945
    },
    "disc_so3_lam0.1": {
      "bins": {
        "z 45 (seen wedge)": 0.3950722813606262,
        "z 180 (OOD angle, on-axis)": 0.865857720375061,
        "x 90  (OOD axis)": 0.6213698387145996,
        "y 90  (OOD axis)": 0.6797118782997131,
        "random SO(3) x8": 0.48149845376610756
      },
      "seen": 0.3950722813606262,
      "ood": 0.865857720375061,
      "offaxis": 0.6797118782997131,
      "ratio": 2.191643811084526,
      "zood": 0.865857720375061,
      "equiv": 2.6878914833068848
    },
    "disc_so3_lam0.3": {
      "bins": {
        "z 45 (seen wedge)": 0.3860347270965576,
        "z 180 (OOD angle, on-axis)": 0.7829580903053284,
        "x 90  (OOD axis)": 0.5291793942451477,
        "y 90  (OOD axis)": 0.6229183673858643,
        "random SO(3) x8": 0.45857056975364685
      },
      "seen": 0.3860347270965576,
      "ood": 0.7829580903053284,
      "offaxis": 0.6229183673858643,
      "ratio": 2.0282063642152317,
      "zood": 0.7829580903053284,
      "equiv": 2.588132858276367
    },
    "disc_so3_lam1.0": {
      "bins": {
        "z 45 (seen wedge)": 0.4275309145450592,
        "z 180 (OOD angle, on-axis)": 0.6951788067817688,
        "x 90  (OOD axis)": 0.5140015482902527,
        "y 90  (OOD axis)": 0.5892737507820129,
        "random SO(3) x8": 0.4653586260974407
      },
      "seen": 0.4275309145450592,
      "ood": 0.6951788067817688,
      "offaxis": 0.5892737507820129,
      "ratio": 1.6260316695963775,
      "zood": 0.6951788067817688,
      "equiv": 1.2796071767807007
    },
    "disc_so3_lam3.0": {
      "bins": {
        "z 45 (seen wedge)": 0.49508535861968994,
        "z 180 (OOD angle, on-axis)": 0.6323643922805786,
        "x 90  (OOD axis)": 0.5442485213279724,
        "y 90  (OOD axis)": 0.58176589012146,
        "random SO(3) x8": 0.5160737037658691
      },
      "seen": 0.49508535861968994,
      "ood": 0.6323643922805786,
      "offaxis": 0.58176589012146,
      "ratio": 1.2772835658958406,
      "zood": 0.6323643922805786,
      "equiv": 1.0060631036758423
    },
    "disc_so3_lam10.0": {
      "bins": {
        "z 45 (seen wedge)": 0.582123875617981,
        "z 180 (OOD angle, on-axis)": 0.632540225982666,
        "x 90  (OOD axis)": 0.6013738512992859,
        "y 90  (OOD axis)": 0.6132679581642151,
        "random SO(3) x8": 0.5900118052959442
      },
      "seen": 0.582123875617981,
      "ood": 0.632540225982666,
      "offaxis": 0.6132679581642151,
      "ratio": 1.0866075975859317,
      "zood": 0.632540225982666,
      "equiv": 0.4592846632003784
    },
    "oracle_so3": {
      "bins": {
        "z 45 (seen wedge)": 0.5806155204772949,
        "z 180 (OOD angle, on-axis)": 0.6144797801971436,
        "x 90  (OOD axis)": 0.6020742654800415,
        "y 90  (OOD axis)": 0.6019471883773804,
        "random SO(3) x8": 0.5872052609920502
      },
      "seen": 0.5806155204772949,
      "ood": 0.6144797801971436,
      "offaxis": 0.6020742654800415,
      "ratio": 1.0583247579947752,
      "zood": 0.6144797801971436,
      "equiv": 0.3585851192474365
    },
    "disc_so2z": {
      "bins": {
        "z 45 (seen wedge)": 0.5300147533416748,
        "z 180 (OOD angle, on-axis)": 0.5515961050987244,
        "x 90  (OOD axis)": 0.7142753005027771,
        "y 90  (OOD axis)": 0.677128791809082,
        "random SO(3) x8": 0.6058186143636703
      },
      "seen": 0.5300147533416748,
      "ood": 0.7142753005027771,
      "offaxis": 0.7142753005027771,
      "ratio": 1.3476517323326629,
      "zood": 0.5515961050987244,
      "equiv": 0.8090306520462036
    }
  },
  "dial": [
    {
      "lambda": 0.0,
      "seen": 0.4532943069934845,
      "ood": 1.0220191478729248,
      "ratio": 2.2546480997115523,
      "equiv": 3.0517168045043945
    },
    {
      "lambda": 0.1,
      "seen": 0.3950722813606262,
      "ood": 0.865857720375061,
      "ratio": 2.191643811084526,
      "equiv": 2.6878914833068848
    },
    {
      "lambda": 0.3,
      "seen": 0.3860347270965576,
      "ood": 0.7829580903053284,
      "ratio": 2.0282063642152317,
      "equiv": 2.588132858276367
    },
    {
      "lambda": 1.0,
      "seen": 0.4275309145450592,
      "ood": 0.6951788067817688,
      "ratio": 1.6260316695963775,
      "equiv": 1.2796071767807007
    },
    {
      "lambda": 3.0,
      "seen": 0.49508535861968994,
      "ood": 0.6323643922805786,
      "ratio": 1.2772835658958406,
      "equiv": 1.0060631036758423
    },
    {
      "lambda": 10.0,
      "seen": 0.582123875617981,
      "ood": 0.632540225982666,
      "ratio": 1.0866075975859317,
      "equiv": 0.4592846632003784
    }
  ],
  "lambda_star": 10.0,
  "gap_closed": 0.5395514348451941,
  "resid_drop": 8.030548497842714,
  "broken": {
    "z_help": 0.46028789553822685,
    "offaxis_help": 0.16685506524032065
  },
  "verdict": {
    "passed": true,
    "ok_discovery": true,
    "ok_vn": true,
    "ok_free": true,
    "ok_method": true,
    "ok_oracle": true,
    "ok_partial": true,
    "soft_not_hard": true
  }
}