{
  "passed": false,
  "gate": {
    "equiv": true,
    "flat": true,
    "compete": false,
    "degrade": true
  },
  "eq_resid": 1.5139579772949219e-05,
  "mlp_resid": 4.245941162109375,
  "eq_in": {
    "1": 0.07368248701095581,
    "3": 0.2884574234485626,
    "5": 0.560134768486023
  },
  "eq_far": {
    "1": 0.07368245099981625,
    "3": 0.2884574234485626,
    "5": 0.5601348876953125
  },
  "mlp_in": {
    "1": 0.011929638683795929,
    "3": 0.08641611784696579,
    "5": 0.19236412644386292
  },
  "mlp_far": {
    "1": 0.21768459305167198,
    "3": 0.6769599765539169,
    "5": 1.0885026454925537
  },
  "eq_orbit_ratio": {
    "1": 0.99999951126596,
    "3": 1.0,
    "5": 1.0000002128225138
  },
  "mlp_orbit_ratio": {
    "1": 18.247375198995233,
    "3": 7.8337235393140965,
    "5": 5.658553211636414
  },
  "floor_penalty": {
    "1": 2.9543614537498875,
    "3": 2.346828063777085,
    "5": 1.9432866429213544
  },
  "eq_curves": {
    "1": {
      "identity": 0.07368248701095581,
      "z 180": 0.07368248701095581,
      "x 90": 0.07368254661560059,
      "y 90": 0.07368247210979462,
      "rand0": 0.07368241250514984,
      "rand1": 0.07368253171443939,
      "rand2": 0.0736822560429573
    },
    "3": {
      "identity": 0.2884574234485626,
      "z 180": 0.2884574234485626,
      "x 90": 0.28845736384391785,
      "y 90": 0.2884575128555298,
      "rand0": 0.2884574830532074,
      "rand1": 0.2884574830532074,
      "rand2": 0.2884572744369507
    },
    "5": {
      "identity": 0.560134768486023,
      "z 180": 0.560134768486023,
      "x 90": 0.560134768486023,
      "y 90": 0.5601349472999573,
      "rand0": 0.5601351261138916,
      "rand1": 0.5601348876953125,
      "rand2": 0.5601348280906677
    }
  },
  "mlp_curves": {
    "1": {
      "identity": 0.011929638683795929,
      "z 180": 0.3978539705276489,
      "x 90": 0.2675541043281555,
      "y 90": 0.0734560415148735,
      "rand0": 0.09280465543270111,
      "rand1": 0.12812384963035583,
      "rand2": 0.346314936876297
    },
    "3": {
      "identity": 0.08641611784696579,
      "z 180": 1.0833683013916016,
      "x 90": 0.7431483864784241,
      "y 90": 0.3718712329864502,
      "rand0": 0.24355146288871765,
      "rand1": 0.3121691942214966,
      "rand2": 1.3076512813568115
    },
    "5": {
      "identity": 0.19236412644386292,
      "z 180": 1.7025394439697266,
      "x 90": 1.0493550300598145,
      "y 90": 0.7203814387321472,
      "rand0": 0.3987618386745453,
      "rand1": 0.4332570731639862,
      "rand2": 2.2267210483551025
    }
  },
  "horizons": [
    1,
    3,
    5
  ],
  "headline_H": 5,
  "smoke": false,
  "seed": 0,
  "params": {
    "eq": 16856,
    "mlp": 124512,
    "mul": 8,
    "pred_hid": 64
  }
}