{
  "mode": "SMOKE",
  "group": "SO(2)",
  "config": {
    "seeds": [
      0,
      1
    ],
    "gvals": [
      0.0,
      0.6
    ],
    "betas": [
      1.0,
      0.001
    ],
    "n_data": 512,
    "steps": 400,
    "batch": 128,
    "coverage_deg": 180,
    "n_test": 400,
    "n_state": 6,
    "probe_angles": [
      0.37,
      1.2345,
      2.71,
      3.94,
      5.4
    ]
  },
  "params": {
    "VN": 3488,
    "MLP": 72716,
    "RPP": 76204
  },
  "noneq_fraction": {
    "0.0": 4.940971489207925e-14,
    "0.6": 0.16993974062900744
  },
  "models": {
    "VN": {
      "0.0": {
        "seen": [
          0.006764653579341239,
          0.00046549441603551707
        ],
        "ood": [
          0.006764651546244726,
          0.00046549154080285514
        ],
        "ratio": [
          0.999999713250245,
          4.0530564049832715e-07
        ],
        "eq": [
          2.365319965870084e-07,
          1.5211494576919123e-09
        ],
        "rho": [
          NaN,
          NaN
        ]
      },
      "0.6": {
        "seen": [
          0.10553024995714541,
          0.006342017135082639
        ],
        "ood": [
          0.10482848976474521,
          0.008024973110839287
        ],
        "ratio": [
          0.9928580549898642,
          0.016376823840313005
        ],
        "eq": [
          3.5249875398525034e-07,
          2.4930977267752653e-07
        ],
        "rho": [
          NaN,
          NaN
        ]
      }
    },
    "RPP-hi": {
      "0.0": {
        "seen": [
          0.005297528355129379,
          0.0012506086825175122
        ],
        "ood": [
          0.006494249727946968,
          0.0009975370799012965
        ],
        "ratio": [
          1.2381775839744902,
          0.10399917094890232
        ],
        "eq": [
          0.03297556608172046,
          0.003002621840084296
        ],
        "rho": [
          0.01783481444054482,
          0.004390187652472679
        ]
      },
      "0.6": {
        "seen": [
          0.03226166090024822,
          0.0063168051096352176
        ],
        "ood": [
          0.049789116242725556,
          0.003929738190590601
        ],
        "ratio": [
          1.5612934522802926,
          0.18389159456399914
        ],
        "eq": [
          0.292942303296704,
          0.001727166421303632
        ],
        "rho": [
          0.15864704644048133,
          0.0006972811658099567
        ]
      }
    },
    "RPP-mid": {
      "0.0": {
        "seen": [
          0.00507242014423078,
          0.0038979108155504827
        ],
        "ood": [
          0.03181448991434131,
          0.001953338201747592
        ],
        "ratio": [
          9.109752799164239,
          7.3854966844227645
        ],
        "eq": [
          0.18238763569643984,
          0.014735498452500757
        ],
        "rho": [
          0.4005324490966788,
          0.004137560466159707
        ]
      },
      "0.6": {
        "seen": [
          0.007578155782254509,
          0.006544726002507391
        ],
        "ood": [
          0.030373625752523045,
          0.01211715349311115
        ],
        "ratio": [
          5.290619607349605,
          2.970182042209057
        ],
        "eq": [
          0.5662876437791531,
          0.00011846293663798925
        ],
        "rho": [
          0.5563698606340738,
          0.029105169755461877
        ]
      }
    },
    "MLP": {
      "0.0": {
        "seen": [
          0.015014213495039383,
          3.0078179650513367e-05
        ],
        "ood": [
          0.16526210925039334,
          0.02502052049876208
        ],
        "ratio": [
          11.005396911995721,
          1.6444083601069581
        ],
        "eq": [
          0.41562977479174446,
          0.030500305066146555
        ],
        "rho": [
          NaN,
          NaN
        ]
      },
      "0.6": {
        "seen": [
          0.01157813703271092,
          0.0003713635165027031
        ],
        "ood": [
          0.15421371201524314,
          0.058506401503469196
        ],
        "ratio": [
          13.40732487576377,
          5.483213113766303
        ],
        "eq": [
          0.5897993712188908,
          0.022353733691321986
        ],
        "rho": [
          NaN,
          NaN
        ]
      }
    }
  },
  "derived": {
    "vn_floor": 3.5249875398525034e-07,
    "vn_seen0": 0.006764653579341239,
    "vn_seenG": 0.10553024995714541,
    "soft_seenG": 0.007578155782254509,
    "rpp_eq0_softest": 0.18238763569643984,
    "rho_hi_gmax": 0.15864704644048133,
    "rho_lo_gmax": 0.5563698606340738,
    "vn_exact_all_g": true,
    "vn_capacity_floor": true,
    "soft_recovers_capacity": true,
    "soft_breaks_exactness": true,
    "dial_monotone": true
  }
}