{
  "passed": true,
  "gate": {
    "equivariant_flat": true,
    "baseline_degrades": true
  },
  "equivariant": {
    "ratio": 1.000000677788435,
    "by_theta": {
      "0.0": 0.05713803165902694,
      "0.5235987755982988": 0.05713794667584201,
      "1.0471975511965976": 0.05713803848872582,
      "1.5707963267948966": 0.057138029020279646,
      "2.0943951023931953": 0.05713797314092517,
      "2.6179938779914944": 0.057138070386524,
      "3.141592653589793": 0.05713803165902694
    },
    "seen": 0.05713803165902694
  },
  "baseline": {
    "ratio": 4.0502954936240725,
    "by_theta": {
      "0.0": 0.18342859546343485,
      "0.5235987755982988": 0.27332907170057297,
      "1.0471975511965976": 0.47946948806444806,
      "1.5707963267948966": 0.6104790046811104,
      "2.0943951023931953": 0.6868926535050074,
      "2.6179938779914944": 0.6931275750199953,
      "3.141592653589793": 0.7429400136073431
    },
    "seen": 0.18342859546343485
  },
  "seed": 2,
  "smoke": false,
  "env": "FetchPush-v4"
}