{
  "mode": "SMOKE",
  "config": {
    "seeds": [
      0,
      1
    ],
    "thetas_deg": [
      90,
      360
    ],
    "epochs": 250,
    "n_base": 128,
    "n_test": 400,
    "n_state": 6,
    "probe_angles": [
      0.37,
      1.2345,
      2.71,
      3.94,
      5.4
    ]
  },
  "params": {
    "VN": 3488,
    "MLP": 19980
  },
  "vn": {
    "ratio": [
      1.0000000858032223,
      1.214077016105212e-07
    ],
    "eq": [
      3.07739236573703e-07,
      6.007551029877676e-08
    ],
    "seen": [
      0.018540434189932897,
      0.005215918601599936
    ],
    "worst": [
      0.01854043546513555,
      0.005215916798191054
    ]
  },
  "mlp_noaug": {
    "ratio": [
      37.09136371120398,
      0.47070899393893223
    ],
    "eq": [
      1.1491069045130011,
      0.10745756216104299
    ],
    "seen": [
      0.03296753387038652,
      0.006128680000218993
    ],
    "worst": [
      1.2213683770864958,
      0.21180298425645647
    ]
  },
  "mlp_aug": {
    "90": {
      "ratio": [
        54.25608397580694,
        7.031111044782176
      ],
      "eq": [
        1.1043642806394351,
        0.11157360827343067
      ],
      "seen": [
        0.02059286099057464,
        0.0013220045527369175
      ],
      "worst": [
        1.1219355756669929,
        0.21651748239121776
      ]
    },
    "360": {
      "ratio": [
        1.0784771215882398,
        0.05311732155182825
      ],
      "eq": [
        0.08578802216342929,
        0.009496982043103125
      ],
      "seen": [
        0.029972403764300458,
        0.0011870960036109602
      ],
      "worst": [
        0.03229302405981341,
        0.00031179792745944144
      ]
    }
  },
  "derived": {
    "eq_factor_full_vs_vn": 278768.55456773454,
    "task_closed": true,
    "coverage_helps": true,
    "aug_never_exact": true
  }
}