{
  "mode": "FULL",
  "config": {
    "TRAIN_OBJ": 3,
    "MAX_OBJ": 6,
    "P": 24,
    "D_OBJ": 48,
    "A_OBJ": 3,
    "A_OBJ_AUG": 6,
    "C_INT": 0.8,
    "N_TRAIN": 1500,
    "N_TEST": 400,
    "EPOCHS": 60,
    "K_OOD": 6,
    "VAR_COEF": 0.1,
    "COUNTS_C": [
      1,
      2,
      3,
      4,
      5,
      6
    ],
    "COUNTS_G": [
      2,
      4,
      6
    ],
    "UNSEEN_CHK": 5
  },
  "params": {
    "VN-MP": 16920,
    "VN-Set": 16856,
    "MLP-MP": 62304
  },
  "latent_std": {
    "VN-MP": 0.6438891887664795,
    "VN-Set": 0.5530350208282471,
    "MLP-MP": 1.101362705230713
  },
  "equiv_posttrain_unseen": {
    "VN-MP": {
      "se3_comp": 1.8402934074401855e-05,
      "perm_comp": 7.152557373046875e-07
    },
    "VN-Set": {
      "se3_comp": 1.1205673217773438e-05,
      "perm_comp": NaN
    },
    "MLP-MP": {
      "se3_comp": 10.885019302368164,
      "perm_comp": 9.5367431640625e-07
    }
  },
  "indist": {
    "VN-MP": 0.202718123793602,
    "VN-Set": 0.7022659182548523,
    "MLP-MP": 0.4404803216457367
  },
  "channel_factor": 3.464248312449193,
  "count_ood": {
    "VN-MP": {
      "1": 0.4998549222946167,
      "2": 0.2101522982120514,
      "3": 0.202718123793602,
      "4": 0.2097400575876236,
      "5": 0.22194403409957886,
      "6": 0.2123299241065979
    },
    "VN-Set": {
      "1": 1.5526008605957031,
      "2": 0.7556599378585815,
      "3": 0.7022659182548523,
      "4": 0.7722573280334473,
      "5": 0.7727833986282349,
      "6": 0.7900194525718689
    },
    "MLP-MP": {
      "1": 1.278929352760315,
      "2": 0.4607059359550476,
      "3": 0.4404803216457367,
      "4": 0.43805602192878723,
      "5": 0.4434414207935333,
      "6": 0.43768423795700073
    }
  },
  "count_ratio": {
    "VN-MP": 1.0948406089509382,
    "VN-Set": 1.1249577005460927,
    "MLP-MP": 1.0459171802130531
  },
  "count_orient_ood": {
    "VN-MP": {
      "2": {
        "seen": 0.2101522982120514,
        "ood": 0.2101522758603096,
        "ratio": 0.9999998936402695
      },
      "4": {
        "seen": 0.2097400575876236,
        "ood": 0.2097401296099027,
        "ratio": 1.0000003433882871
      },
      "6": {
        "seen": 0.2123299241065979,
        "ood": 0.21232989678780237,
        "ratio": 0.9999998713379866
      }
    },
    "MLP-MP": {
      "2": {
        "seen": 0.4607059359550476,
        "ood": 1.039290264248848,
        "ratio": 2.2558647135604835
      },
      "4": {
        "seen": 0.43805602192878723,
        "ood": 1.2669978241125743,
        "ratio": 2.8923191571112437
      },
      "6": {
        "seen": 0.43768423795700073,
        "ood": 1.4600356221199036,
        "ratio": 3.3358195143946245
      }
    }
  },
  "vn_g_ratio": 1.0000003433882871,
  "mlp_g_ratio": 2.8280011283554507,
  "interacting_family": [
    2,
    3,
    4,
    5,
    6
  ],
  "count_ratio_basis": "interacting family O>=2 (O=1 is the no-interaction limit, reported separately)",
  "verdict": {
    "passed": true,
    "ok_vnmp_equiv": true,
    "ok_vnmp_fits": true,
    "ok_channel": true,
    "ok_count_vn": true,
    "ok_count_o1": true,
    "ok_countorient_vn": true,
    "ok_countorient_mlp": true,
    "ok_mlp_no_equiv": true
  }
}