{
  "passed": true,
  "structure_helps": true,
  "N": 40,
  "F": 8.0,
  "dt_map": 0.01,
  "seed": 2,
  "smoke": false,
  "lambda1_true": 1.80277950482996,
  "n_positive_true": 14,
  "ky_true": 27.83921648117958,
  "sum_true": -39.999980612890425,
  "liouville_target": -40,
  "lambda_true": [
    1.80277950482996,
    1.5767394730579145,
    1.4204771902365505,
    1.2294741528086812,
    1.017647869124383,
    1.0030725428508631,
    0.7913900270106958,
    0.640452726025385,
    0.3514642054786146,
    0.3251760536344232,
    0.2724024436987047,
    0.13423217366550635,
    0.12767125188401043,
    0.0839278297702765,
    -0.02343992052127633,
    -0.1127275430249913,
    -0.25590587613094545,
    -0.4235129532252998,
    -0.45089480403149496,
    -0.5427835450023392,
    -0.7466906038301364,
    -0.8342865379437303,
    -0.9392118238064984,
    -1.124552418233243,
    -1.2684294303832186,
    -1.3011939175498564,
    -1.4280902019199042,
    -1.579077506450283,
    -1.7183858234798144,
    -1.9169126524468671,
    -2.1139900007309915,
    -2.2523538127641616,
    -2.5211245632265085,
    -2.917723747098047,
    -3.1967075296871177,
    -3.5269096538112263,
    -4.420175641078188,
    -4.684774967426849,
    -5.201103762380223,
    -5.275928820783188
  ],
  "equivariant": {
    "kind": "conv",
    "one_step_relmse": 1.2513547656541097e-05,
    "lambda1": 1.7723073282193307,
    "lambda1_relerr": 0.016902886087283013,
    "sum": -38.906793182165266,
    "n_positive": 13,
    "ky": 27.206110807069454,
    "spectrum_r2": 0.9846271931371511,
    "lambda_learned": [
      1.7723073282193307,
      1.5861636010687128,
      1.4255999881198522,
      1.2502303241742951,
      1.0469142334398878,
      0.9288852767358213,
      0.76850362718381,
      0.618729513334551,
      0.5293733845522123,
      0.4254922451496476,
      0.2995599758306902,
      0.18673084584021915,
      0.08921184495735107,
      -0.03232957425098973,
      -0.15446283143807377,
      -0.16670594470455302,
      -0.317931504872646,
      -0.47685692920523826,
      -0.5942632959676576,
      -0.794496176318063,
      -0.8118129015065959,
      -0.931596805287294,
      -0.9448988234199455,
      -1.0933327197313103,
      -1.3082392959693903,
      -1.4142343420956154,
      -1.542820938787721,
      -1.6676471745388048,
      -1.698925462677336,
      -1.9784690589199498,
      -2.1292388851412625,
      -2.184743047627096,
      -2.5280646570940393,
      -3.2224486628065008,
      -3.37472670369149,
      -3.4263811149549452,
      -3.958306702860193,
      -4.138968292016773,
      -4.364961532933414,
      -4.577631991954746
    ]
  },
  "mlp": {
    "kind": "mlp",
    "one_step_relmse": 1.1876407003764344e-05,
    "lambda1": 7.056798989591462,
    "lambda1_relerr": 2.9143993875485434,
    "sum": -54.82583780361203,
    "n_positive": 19,
    "ky": 35.508556716465094,
    "spectrum_r2": -2.7643501281314906,
    "lambda_learned": [
      7.056798989591462,
      6.118528709604546,
      6.108677943476243,
      5.122488302468862,
      5.077382821231795,
      4.493436067372349,
      4.275826473138668,
      3.764532279149048,
      2.217784915572642,
      2.0350339362097887,
      1.9966677008076443,
      1.8646689555672937,
      1.2198773026184626,
      1.112411235972029,
      1.0062731302757606,
      0.5422886380237746,
      0.4313042502752317,
      0.42271395467342854,
      0.2501515660616888,
      -0.2334314349026556,
      -0.457438473504776,
      -0.5401687646309459,
      -0.8068183382677296,
      -1.3110321706896886,
      -1.9953686956057868,
      -2.038114618260548,
      -2.8748650350869998,
      -3.0017434266072174,
      -3.566438960780244,
      -4.286722822166425,
      -4.307714930215699,
      -4.620835599950331,
      -4.827872417247108,
      -7.653122360541241,
      -7.724864104792443,
      -9.576699827491389,
      -9.72717817986121,
      -11.601996405164462,
      -14.30747210668917,
      -14.482786303246687
    ]
  },
  "gate": {
    "equivariant_recovers": true,
    "structure_helps": true
  }
}