{
  "task": "walker-walk",
  "theta": 0.2,
  "k_list": [
    2,
    3,
    4,
    6,
    8,
    12
  ],
  "per_seed": {
    "1": {
      "T1_published": 6.362960517512799,
      "ratio_bench": 0.9429572890616214,
      "teacher_forced_diag": {
        "lambda1_tf": 0.16265709746270082,
        "lambda1_tf_ci": [
          0.1347849388087287,
          0.20815825332131027
        ]
      },
      "insitu": {
        "median": 3.0,
        "q25": 1.0,
        "q75": 4.0,
        "n_windows": 1600,
        "ratio_insitu": 0.4714786445308107
      },
      "invalid_by_k": {
        "2": 0.3984749999999999,
        "3": 0.49524999999999997,
        "4": 0.5571500000000001,
        "6": 0.6384,
        "8": 0.70825,
        "12": 0.782125
      },
      "k_star_25pct": null,
      "k_op": 2,
      "fault_recall": 0.9,
      "median_delay": 1.0,
      "prefault_flag_rate": 0.5088304017162332,
      "G1a_replicates_bench": false,
      "G1b_calibrated_cell": null,
      "G2_detection": false
    },
    "2": {
      "T1_published": 6.340408805792916,
      "ratio_bench": 0.9463112212130704,
      "teacher_forced_diag": {
        "lambda1_tf": 0.15659582979319975,
        "lambda1_tf_ci": [
          0.09721728625932251,
          0.2183862794303143
        ]
      },
      "insitu": {
        "median": 4.0,
        "q25": 1.0,
        "q75": 6.0,
        "n_windows": 1600,
        "ratio_insitu": 0.6308741474753803
      },
      "invalid_by_k": {
        "2": 0.364725,
        "3": 0.4048,
        "4": 0.4462500000000001,
        "6": 0.5177499999999999,
        "8": 0.58575,
        "12": 0.6841750000000001
      },
      "k_star_25pct": null,
      "k_op": 2,
      "fault_recall": 1.0,
      "median_delay": 2.0,
      "prefault_flag_rate": 0.38726168589323123,
      "G1a_replicates_bench": false,
      "G1b_calibrated_cell": null,
      "G2_detection": true
    },
    "3": {
      "T1_published": 5.382854712642654,
      "ratio_bench": 1.021762669366165,
      "teacher_forced_diag": {
        "lambda1_tf": 0.13502495567367784,
        "lambda1_tf_ci": [
          0.1223029268773299,
          0.16257875432457747
        ]
      },
      "insitu": {
        "median": 2.0,
        "q25": 1.0,
        "q75": 5.0,
        "n_windows": 1600,
        "ratio_insitu": 0.3715500615876964
      },
      "invalid_by_k": {
        "2": 0.48047500000000004,
        "3": 0.534275,
        "4": 0.575925,
        "6": 0.646325,
        "8": 0.7011750000000001,
        "12": 0.77715
      },
      "k_star_25pct": null,
      "k_op": 2,
      "fault_recall": 1.0,
      "median_delay": 1.0,
      "prefault_flag_rate": 0.5115754454343338,
      "G1a_replicates_bench": false,
      "G1b_calibrated_cell": null,
      "G2_detection": true
    }
  },
  "verdict": {
    "G1a_pass": false,
    "G1b_pass": null,
    "G2_pass": true,
    "n_g1a": 0,
    "n_g2": 2,
    "n_seeds": 3
  }
}