{
  "smoke": true,
  "device": "cpu",
  "env": "Acrobot-v1",
  "group": "Z_2 reflection (theta,omega -> -theta,-omega; a -> 2-a)",
  "env_equivariance": {
    "max_err": 8.881784197001252e-16,
    "commutes": true
  },
  "rk4_matches_gym": {
    "max_err": 2.8530534823545395e-08,
    "matches": true
  },
  "true_dynamics": {
    "lambda1": 0.07967183988972244,
    "lambda1_ci": [
      0.05768319302210247,
      0.10003161395359095
    ],
    "spectrum": [
      0.07967183988972244,
      0.05246025928381948,
      -0.057344362466630945,
      -0.10096018973348399
    ]
  },
  "eps_list": [
    0.1,
    0.3
  ],
  "seeds": [
    0
  ],
  "equivariant": {
    "kind": "equi",
    "one_step_relmse": 0.08713418990373611,
    "cert": {
      "lambda1": 0.0019887209223461862,
      "lambda1_ci": [
        0.0007826228199989703,
        0.008743639483039979
      ],
      "T1": 605.4005822524126,
      "T1_ci": [
        137.69698609615367,
        1538.3819300432874
      ],
      "T1_steps": 605,
      "route": "bootstrap",
      "cone_t_guar": 0,
      "cone_lambda_cert": 1.5149858570622743,
      "L_J_net": 1.0362189454704842,
      "kappa": 9.981702385133355,
      "h": 0.1533006770616359,
      "beats_euclidean": false,
      "eps": 0.3,
      "n_pos_exponents": 3,
      "spectrum": [
        0.0019887209223461862,
        0.00037652583988977785,
        0.0002846802057672673,
        -0.003952489329153087,
        -0.00930013320438036,
        -0.018077035915860202
      ]
    },
    "G0": {
      "passed": true,
      "lambda1": 0.0019887209223461862,
      "lambda1_ci": [
        0.0007826228199989703,
        0.008743639483039979
      ],
      "strong": true
    },
    "triad_i": {
      "rows": [
        {
          "eps": 0.1,
          "T1_steps": 1158,
          "T1": 1157.8221293501451,
          "T1_ci": [
            263.34401109061804,
            2942.1389642038234
          ],
          "lambda1": 0.0019887209223461862,
          "lambda1_ci": [
            0.0007826228199989703,
            0.008743639483039979
          ],
          "measured_median": 60.0,
          "measured_p25": 60.0,
          "measured_p75": 60.0,
          "n_censored": 8,
          "ratio_measured_over_certified": 0.05181347150259067,
          "route": "bootstrap",
          "cone_t_guar": 2,
          "L_J_net": 1.0362189454704842
        },
        {
          "eps": 0.3,
          "T1_steps": 605,
          "T1": 605.4005822524126,
          "T1_ci": [
            137.69698609615367,
            1538.3819300432874
          ],
          "lambda1": 0.0019887209223461862,
          "lambda1_ci": [
            0.0007826228199989703,
            0.008743639483039979
          ],
          "measured_median": 60.0,
          "measured_p25": 60.0,
          "measured_p75": 60.0,
          "n_censored": 8,
          "ratio_measured_over_certified": 0.09917355371900827,
          "route": "bootstrap",
          "cone_t_guar": 0,
          "L_J_net": 1.0362189454704842
        }
      ],
      "lambda1": 0.0019887209223461862,
      "route": "bootstrap"
    },
    "calibration": {
      "eps_star": 0.3,
      "ratio_star": 0.09917355371900827,
      "T1_steps": 605,
      "T1": 605.4005822524126,
      "row": {
        "eps": 0.3,
        "T1_steps": 605,
        "T1": 605.4005822524126,
        "T1_ci": [
          137.69698609615367,
          1538.3819300432874
        ],
        "lambda1": 0.0019887209223461862,
        "lambda1_ci": [
          0.0007826228199989703,
          0.008743639483039979
        ],
        "measured_median": 60.0,
        "measured_p25": 60.0,
        "measured_p75": 60.0,
        "n_censored": 8,
        "ratio_measured_over_certified": 0.09917355371900827,
        "route": "bootstrap",
        "cone_t_guar": 0,
        "L_J_net": 1.0362189454704842
      },
      "ranking": [
        {
          "eps": 0.3,
          "ratio": 0.09917355371900827,
          "dist_to_1": 0.9008264462809917
        },
        {
          "eps": 0.1,
          "ratio": 0.05181347150259067,
          "dist_to_1": 0.9481865284974094
        }
      ],
      "fallback_no_finite_ratio": false
    },
    "eps_star": 0.3,
    "T1_steps_calibrated": 605,
    "T1_steps_fixed_eps": 605,
    "fixed_eps": 0.3,
    "triad_ii": {
      "T1_steps": 605,
      "H_sweep": [
        1,
        302,
        605,
        1210,
        2420
      ],
      "per_H": {
        "1": {
          "H": 1,
          "is_cert": false,
          "returns": [
            -200.0
          ],
          "mean_return": -200.0,
          "median_return": -200.0,
          "success_rate": 0.0,
          "seeds": [
            0
          ]
        },
        "302": {
          "H": 302,
          "is_cert": false,
          "returns": [
            -200.0
          ],
          "mean_return": -200.0,
          "median_return": -200.0,
          "success_rate": 0.0,
          "seeds": [
            0
          ]
        },
        "605": {
          "H": 605,
          "is_cert": true,
          "returns": [
            -200.0
          ],
          "mean_return": -200.0,
          "median_return": -200.0,
          "success_rate": 0.0,
          "seeds": [
            0
          ]
        },
        "1210": {
          "H": 1210,
          "is_cert": false,
          "returns": [
            -200.0
          ],
          "mean_return": -200.0,
          "median_return": -200.0,
          "success_rate": 0.0,
          "seeds": [
            0
          ]
        },
        "2420": {
          "H": 2420,
          "is_cert": false,
          "returns": [
            -200.0
          ],
          "mean_return": -200.0,
          "median_return": -200.0,
          "success_rate": 0.0,
          "seeds": [
            0
          ]
        }
      },
      "seeds": [
        0
      ]
    },
    "G_binding": {
      "passed": false,
      "H_star": 1,
      "best_return": -200.0,
      "worst_return": -200.0,
      "spread": 0.0,
      "interior": false,
      "flat": true,
      "H_sweep": [
        1,
        302,
        605,
        1210,
        2420
      ],
      "mean_returns": {
        "1": -200.0,
        "302": -200.0,
        "605": -200.0,
        "1210": -200.0,
        "2420": -200.0
      }
    },
    "G_ii": {
      "passed": false,
      "win_seed_frac": 1.0,
      "n_seeds": 1,
      "beats_shallow": false,
      "beats_deep": false,
      "cert_mean": -200.0,
      "best_blind_mean": -200.0,
      "shallow_mean": -200.0,
      "deep_mean": -200.0,
      "have_shallow": true,
      "have_deep": true
    },
    "d2_cadence": {
      "T1_steps": 605,
      "H_fixed": 1210,
      "replan_cost": 1.0,
      "cadence_sweep": [
        1,
        302,
        605,
        1210,
        2420
      ],
      "per_cadence": {
        "1": {
          "cadence": 1,
          "is_cert": false,
          "net_returns": [
            -400.0
          ],
          "mean_net_return": -400.0,
          "mean_replans": 200.0,
          "seeds": [
            0
          ]
        },
        "302": {
          "cadence": 302,
          "is_cert": false,
          "net_returns": [
            -201.0
          ],
          "mean_net_return": -201.0,
          "mean_replans": 1.0,
          "seeds": [
            0
          ]
        },
        "605": {
          "cadence": 605,
          "is_cert": true,
          "net_returns": [
            -201.0
          ],
          "mean_net_return": -201.0,
          "mean_replans": 1.0,
          "seeds": [
            0
          ]
        },
        "1210": {
          "cadence": 1210,
          "is_cert": false,
          "net_returns": [
            -201.0
          ],
          "mean_net_return": -201.0,
          "mean_replans": 1.0,
          "seeds": [
            0
          ]
        },
        "2420": {
          "cadence": 2420,
          "is_cert": false,
          "net_returns": [
            -201.0
          ],