{
  "passed": true,
  "structure_helps": true,
  "N": 40,
  "F": 8.0,
  "dt_map": 0.01,
  "seed": 0,
  "smoke": false,
  "lambda1_true": 1.5654581117352981,
  "n_positive_true": 14,
  "ky_true": 26.58535115563038,
  "sum_true": -39.99997536472799,
  "liouville_target": -40,
  "lambda_true": [
    1.5654581117352981,
    1.3863105653618797,
    1.3812477720454737,
    1.111712948373079,
    1.0685436071454522,
    0.981987416463852,
    0.7388646103676595,
    0.5281032544859433,
    0.490795636566256,
    0.41202176400931334,
    0.2441085404921515,
    0.12645531540599703,
    0.07137770940922261,
    0.01306627708097472,
    -0.08855800484507814,
    -0.3103900432370075,
    -0.4112015409958396,
    -0.47262492201270456,
    -0.6385284811704605,
    -0.6408302195518761,
    -0.8909973113561235,
    -0.9331469972690815,
    -1.1131078505623417,
    -1.2075265613464394,
    -1.2803363839867772,
    -1.3019650232375524,
    -1.4193876297664714,
    -1.6843583153562198,
    -1.707380178027697,
    -2.0150213624226505,
    -2.1439847955452933,
    -2.3225284885889472,
    -2.4389028464896207,
    -2.958436653872375,
    -3.35769583042688,
    -3.5425232124367803,
    -4.045597867234294,
    -4.1331875278492385,
    -4.355647900791657,
    -4.706162945291129
  ],
  "equivariant": {
    "kind": "conv",
    "one_step_relmse": 1.844492852173267e-05,
    "lambda1": 1.9463120980943749,
    "lambda1_relerr": 0.2432859643474606,
    "sum": -34.573782482465916,
    "n_positive": 13,
    "ky": 27.773955339408833,
    "spectrum_r2": 0.9815615826669084,
    "lambda_learned": [
      1.9463120980943749,
      1.511172679437468,
      1.3153297088131675,
      1.0481859420979227,
      1.0338642979707708,
      0.8963149193244384,
      0.7819914836829934,
      0.5804840759803808,
      0.5435187766772224,
      0.4874521204142588,
      0.28792391427566405,
      0.20899774671737692,
      0.03953443560487616,
      -0.011833729144035134,
      -0.11636910656816093,
      -0.2509859879326901,
      -0.3007755846989651,
      -0.4002385263669241,
      -0.5948777316767464,
      -0.6132081035340728,
      -0.6980766954031639,
      -0.7476523066464782,
      -0.9768221403334936,
      -1.0054545146325073,
      -1.2470276535367566,
      -1.2574177070988541,
      -1.3615234191476286,
      -1.4197447015608802,
      -1.6791352192239664,
      -1.778273708543073,
      -2.013401769887885,
      -2.2172768756619625,
      -2.5379868134423513,
      -2.73527031909781,
      -2.739068202012671,
      -3.3692688282232184,
      -3.3767685775106497,
      -3.8012037626961006,
      -3.904460685356102,
      -4.10074201161968
    ]
  },
  "mlp": {
    "kind": "mlp",
    "one_step_relmse": 1.2142248259409414e-05,
    "lambda1": 5.808161313451856,
    "lambda1_relerr": 2.710199123126683,
    "sum": -38.73238786046406,
    "n_positive": 17,
    "ky": 35.43173427673094,
    "spectrum_r2": -1.1316569030285928,
    "lambda_learned": [
      5.808161313451856,
      5.356850602221801,
      4.6525373225770945,
      4.035941143836319,
      3.876393889105437,
      3.6882195528793384,
      3.484218056039524,
      3.4155445590054443,
      3.1656875252748513,
      2.69095172359254,
      2.2628604741399196,
      1.9957886364196602,
      1.6630260898610532,
      1.4752124925693033,
      1.3417525673978756,
      0.8158863866543351,
      0.728648790488347,
      -0.05909945070965448,
      -0.1911741275678963,
      -0.2788188595356583,
      -0.7170194744779745,
      -0.939968978750211,
      -1.4752273830258489,
      -1.596476771389337,
      -1.9003452700735892,
      -2.3529661582514705,
      -2.6583363558782374,
      -2.965510566705951,
      -3.3233672526736706,
      -3.568904031838763,
      -4.191060788362935,
      -4.695478571905887,
      -5.035980559208621,
      -5.3017269502610285,
      -6.297052759889461,
      -6.738327188280009,
      -7.493704575267742,
      -8.10490267634735,
      -9.428642463896464,
      -9.875977771680997
    ]
  },
  "gate": {
    "equivariant_recovers": true,
    "structure_helps": true
  }
}