{
  "mode": "SMOKE",
  "config": {
    "N_TRAIN": 200,
    "EPOCHS": 3,
    "K_TASKS": 6,
    "K_SWEEP": 4,
    "N_OOD": 1,
    "BETA": 12.0,
    "EPS0_HEAD": 0.15,
    "EPS0_LADDER": [
      0.0,
      0.25,
      0.45
    ],
    "T_MAX": 18,
    "REPLAN": 3,
    "W_T": 2.0,
    "DELTA_FRAC": 0.45,
    "cem": {
      "H": 8,
      "n_samples": 64,
      "n_iters": 3,
      "n_elite": 8,
      "sigma0": 0.6,
      "w_run": 0.3
    }
  },
  "params": {
    "VN": 16856,
    "MLP": 124512
  },
  "equivariance": {
    "VN": {
      "enc": 7.0855021476745605e-06,
      "pred": 1.1920928955078125e-07
    },
    "MLP": {
      "enc": 0.6126671433448792,
      "pred": 0.9376019835472107
    }
  },
  "hedge_floor": 0.5609611291941708,
  "task_win": {
    "eps0": 0.15,
    "reward_pos": 0.6882359376488142,
    "reward_pos_ci": [
      0.578285777101612,
      0.7981860981960165
    ],
    "efe_pos": 0.4690989240876018,
    "efe_pos_ci": [
      0.28060044353819796,
      0.669948044673256
    ],
    "oracle_pos": 0.17077129141383862,
    "oracle_pos_ci": [
      0.13178959172136764,
      0.21092127497579946
    ],
    "reward_ang": 33.55866990813616,
    "efe_ang": 22.648702471068862,
    "oracle_ang": 8.803856011870181,
    "efe_n_sense": 3.0,
    "drop_mean": 0.21913701356121243,
    "drop_ci": [
      -0.048585538834966004,
      0.5000092276882113
    ],
    "ratio_mean": 0.6815960899835612,
    "ratio_ci": [
      0.37669820219918654,
      1.0808151799160237
    ],
    "oracle_gap_mean": 0.2983276326737631,
    "oracle_gap_ci": [
      0.10554920017172523,
      0.5129843248237717
    ]
  },
  "noise_sweep": [
    {
      "eps0": 0.0,
      "efe_pos": 0.3986183351440261,
      "efe_pos_ci": [
        0.19954255776614377,
        0.5976941125219084
      ],
      "reward_pos": 0.6218882314317505,
      "oracle_pos": 0.18949821956640983,
      "n_sense": 3.75,
      "ratio": 0.6409806698324259,
      "ratio_hi": 1.1337314974793655,
      "won": false
    },
    {
      "eps0": 0.25,
      "efe_pos": 0.5375301175702594,
      "efe_pos_ci": [
        0.3751583920080711,
        0.6316566299678521
      ],
      "reward_pos": 0.6218882314317505,
      "oracle_pos": 0.18949821956640983,
      "n_sense": 5.75,
      "ratio": 0.8643516477755552,
      "ratio_hi": 1.3023498742156117,
      "won": false
    },
    {
      "eps0": 0.45,
      "efe_pos": 0.6410239780305561,
      "efe_pos_ci": [
        0.5802859007719401,
        0.7339628667033783
      ],
      "reward_pos": 0.6218882314317505,
      "oracle_pos": 0.18949821956640983,
      "n_sense": 8.75,
      "ratio": 1.0307703951154534,
      "ratio_hi": 1.3055988056953163,
      "won": false
    }
  ],
  "invariance": {
    "ig_field": {
      "VN": 2.642015717313484e-09,
      "MLP": 1.1102230246251565e-16
    },
    "outcome": {
      "VN": {
        "pos": 7.088659104148576e-09,
        "ang": 1.0918075474819489e-06
      },
      "MLP": {
        "pos": 0.047786211859621286,
        "ang": 5.523081290129532
      }
    },
    "plan_equiv": 7.944751645450054e-08
  },
  "verdict": {
    "passed": false,
    "ok_task_win": false,
    "ok_accumulate": true,
    "ok_recover_step25": false,
    "ok_no_free_lunch": true,
    "ok_vn_inv": true,
    "ok_mlp_breaks": true,
    "ok_equiv": true
  }
}