{
  "mode": "SMOKE",
  "config": {
    "LADDER": [
      0,
      1,
      2,
      3
    ],
    "d_max": [
      1,
      2,
      4,
      8
    ],
    "HIDDEN": 64,
    "N_BLOCKS_TOTAL": 3,
    "TEACHER_DEGREE": 3,
    "FIRST_OK_RUNG": 2,
    "SEEDS": [
      0
    ],
    "N_TRAIN": 150,
    "N_TEST": 64,
    "EPOCHS": 3,
    "K_OOD": 2,
    "VAR_COEF": 0.1,
    "C_INT": 0.8
  },
  "params": {
    "L0": 25112,
    "L1": 25688,
    "L2": 27736,
    "L3": 29784,
    "MLP-MP": 62304
  },
  "indist_per_seed": {
    "L0": [
      0.845816969871521
    ],
    "L1": [
      0.8644038438796997
    ],
    "L2": [
      0.9317099452018738
    ],
    "L3": [
      0.9185734391212463
    ],
    "MLP-MP": [
      6.248163223266602
    ]
  },
  "ood_ratio_per_seed": {
    "L0": [
      1.0000001409398178
    ],
    "L1": [
      0.9999999655226864
    ],
    "L2": [
      0.9999999040399132
    ],
    "L3": [
      1.000000032444137
    ],
    "MLP-MP": [
      1.7761446158645866
    ]
  },
  "se3_per_seed": {
    "L0": [
      3.3974647521972656e-06
    ],
    "L1": [
      3.2410025596618652e-06
    ],
    "L2": [
      3.039836883544922e-06
    ],
    "L3": [
      3.5874545574188232e-06
    ],
    "MLP-MP": [
      1.1264944076538086
    ]
  },
  "perm_per_seed": {
    "L0": [
      0.0
    ],
    "L1": [
      0.0
    ],
    "L2": [
      0.0
    ],
    "L3": [
      0.0
    ],
    "MLP-MP": [
      0.0
    ]
  },
  "indist_mean": {
    "L0": 0.845816969871521,
    "L1": 0.8644038438796997,
    "L2": 0.9317099452018738,
    "L3": 0.9185734391212463,
    "MLP-MP": 6.248163223266602
  },
  "indist_std": {
    "L0": 0.0,
    "L1": 0.0,
    "L2": 0.0,
    "L3": 0.0,
    "MLP-MP": 0.0
  },
  "ood_ratio_mean": {
    "L0": 1.0000001409398178,
    "L1": 0.9999999655226864,
    "L2": 0.9999999040399132,
    "L3": 1.000000032444137,
    "MLP-MP": 1.7761446158645866
  },
  "se3_mean": {
    "L0": 3.3974647521972656e-06,
    "L1": 3.2410025596618652e-06,
    "L2": 3.039836883544922e-06,
    "L3": 3.5874545574188232e-06,
    "MLP-MP": 1.1264944076538086
  },
  "perm_mean": {
    "L0": 0.0,
    "L1": 0.0,
    "L2": 0.0,
    "L3": 0.0,
    "MLP-MP": 0.0
  },
  "recovery_gain": 1.0,
  "gap_closed_frac": -0.0,
  "marginal_gains": {
    "0->1": -0.01858687400817871,
    "1->2": -0.06730610132217407,
    "2->3": 0.013136506080627441
  },
  "saturate_frac": 0.0,
  "knee": "2->3",
  "verdict": {
    "passed": false,
    "ok_ladder_equiv": true,
    "ok_recovers": false,
    "ok_saturates": true,
    "ok_global_flat": true,
    "ok_mlp_degrades": true
  }
}