{
  "mode": "SMOKE",
  "config": {
    "N_TRAIN": 200,
    "EPOCHS": 3,
    "K_TASKS": 6,
    "N_OOD": 1,
    "BETA": 12.0,
    "T_MAX": 12,
    "REPLAN": 6,
    "W_T": 2.0,
    "cem": {
      "H": 8,
      "n_samples": 64,
      "n_iters": 3,
      "n_elite": 8,
      "sigma0": 0.6,
      "w_run": 0.3
    }
  },
  "params": {
    "VN": 16856,
    "MLP": 124512
  },
  "equivariance": {
    "VN": {
      "enc": 7.0855021476745605e-06,
      "pred": 1.1920928955078125e-07
    },
    "MLP": {
      "enc": 0.6126671433448792,
      "pred": 0.9376019835472107
    }
  },
  "hedge_floor": 0.5609611291941708,
  "cue_reorient_deg": 19.784169123408176,
  "task_win": {
    "reward_pos": 0.6120144417618244,
    "reward_pos_ci": [
      0.536352917996861,
      0.6703697218415904
    ],
    "efe_pos": 0.5147842202226812,
    "efe_pos_ci": [
      0.37443839911652815,
      0.6425704029161871
    ],
    "oracle_pos": 0.16484123533500372,
    "oracle_pos_ci": [
      0.13653640935722922,
      0.19200690882364788
    ],
    "reward_ang": 29.68331672282712,
    "efe_ang": 25.612582413951742,
    "oracle_ang": 7.7725402696384025,
    "drop_mean": 0.09723022153914324,
    "drop_ci": [
      -0.06834593963753692,
      0.2939169146759875
    ],
    "ratio_mean": 0.8411308379272169,
    "ratio_ci": [
      0.5645216482789973,
      1.124417761514383
    ],
    "oracle_gap_mean": 0.34994298488767744,
    "oracle_gap_ci": [
      0.1794598443459259,
      0.49968192880356793
    ]
  },
  "seeking": {
    "efe_sense_rate": 0.5,
    "reward_sense_rate": 0.0
  },
  "invariance": {
    "salience": {
      "VN": 2.9414491231616324e-07,
      "MLP": 8.641017923971539e-06
    },
    "outcome": {
      "VN": {
        "pos": 2.919305830406671e-08,
        "ang": 3.5549504673326737e-07
      },
      "MLP": {
        "pos": 0.08274832561839462,
        "ang": 1.0916575865415652
      }
    },
    "plan_equiv": 4.19060337542021e-08
  },
  "verdict": {
    "passed": false,
    "ok_task_win": false,
    "ok_near_oracle": false,
    "ok_seeking": false,
    "ok_vn_inv": true,
    "ok_mlp_breaks": true,
    "ok_equiv": true
  }
}