{
  "verdict": {
    "recalibration_closes_gap": true,
    "n_closed": 3,
    "n_seeds": 3,
    "raw_gaps": [
      0.45000000000000007,
      0.5006666666666667,
      0.5653333333333334
    ],
    "recal_gaps": [
      -0.05666666666666666,
      0.08333333333333334,
      0.043333333333333335
    ],
    "eps": 0.2,
    "N": 40,
    "L": 1500,
    "smoke": false
  },
  "per_seed": {
    "0": {
      "iv_conv": 77,
      "iv_mlp": 28,
      "iv_mlp_recal": 70,
      "conv_viol": 0.16466666666666666,
      "mlp_raw_viol": 0.6146666666666667,
      "mlp_recal_viol": 0.108,
      "raw_gap": 0.45000000000000007,
      "recal_gap": -0.05666666666666666,
      "gap_closed": true
    },
    "1": {
      "iv_conv": 84,
      "iv_mlp": 28,
      "iv_mlp_recal": 73,
      "conv_viol": 0.144,
      "mlp_raw_viol": 0.6446666666666667,
      "mlp_recal_viol": 0.22733333333333333,
      "raw_gap": 0.5006666666666667,
      "recal_gap": 0.08333333333333334,
      "gap_closed": true
    },
    "2": {
      "iv_conv": 72,
      "iv_mlp": 24,
      "iv_mlp_recal": 64,
      "conv_viol": 0.07733333333333334,
      "mlp_raw_viol": 0.6426666666666667,
      "mlp_recal_viol": 0.12066666666666667,
      "raw_gap": 0.5653333333333334,
      "recal_gap": 0.043333333333333335,
      "gap_closed": true
    }
  }
}