{
  "verdict": {
    "G1_pass": true,
    "n_win": 1,
    "n_seeds": 1,
    "win_margins": [
      0.45266666666666666
    ],
    "eps": 0.2,
    "N": 40,
    "L": 1500,
    "smoke": false
  },
  "per_seed": {
    "15": {
      "iv_conv": 85,
      "iv_mlp": 35,
      "lambda1_conv": 1.5866293836014338,
      "lambda1_mlp": 4.5902907667114805,
      "knee_budget": 18,
      "cover_mlp_budget": 43,
      "conv_arm_viol_at_knee": 0.07933333333333334,
      "mlp_iso_viol_at_knee": 0.532,
      "win_margin": 0.45266666666666666,
      "pareto_frac_conv_below_mlp": 0.6,
      "frontier": {
        "budgets": [
          2,
          10,
          17,
          18,
          25,
          33,
          41,
          43,
          48,
          56
        ],
        "conv_arm": [
          0.8946666666666667,
          0.462,
          0.11666666666666667,
          0.07933333333333334,
          0.07933333333333334,
          0.07933333333333334,
          0.07933333333333334,
          0.07933333333333334,
          0.07933333333333334,
          0.07933333333333334
        ],
        "mlp_iso": [
          0.9193333333333333,
          0.7346666666666667,
          0.5573333333333333,
          0.532,
          0.39266666666666666,
          0.16333333333333333,
          0.0033333333333333335,
          0.0,
          0.0,
          0.0
        ],
        "mlp_pkg": [
          0.9346666666666666,
          0.746,
          0.5893333333333334,
          0.542,
          0.39266666666666666,
          0.20466666666666666,
          0.012,
          0.0,
          0.0,
          0.0
        ],
        "adaptive": [
          0.926,
          0.9226666666666666,
          0.8446666666666667,
          0.8213333333333334,
          0.758,
          0.5993333333333334,
          0.404,
          0.32866666666666666,
          0.16,
          0.0
        ]
      }
    }
  }
}