{
  "passed": true,
  "equiv_loss": 0.008728517143191132,
  "mlp_loss": 3.459476474034011e-06,
  "r2_scalar_EL": 0.9902556976085808,
  "r2_vector_EL": 0.006795147984656635,
  "r2_mlp_EL": 0.9834691472723203,
  "slowest_mode_invariant": 0.031128563843866114,
  "slowest_mode_equivariant": 0.14572457224545335,
  "slow_scalar": [
    0.34092704781677824,
    0.24115510482305802,
    0.2239944442013238,
    0.2650514158025733,
    0.22804769564050825,
    0.2455087331052211,
    0.22882439663777585,
    0.22058701622235397
  ],
  "slow_vector": [
    0.15199285765244916,
    0.14674446543057573,
    0.14951357822346806,
    0.15326803686514723,
    0.640214958750231,
    0.6666647212244845,
    0.14916860112025226,
    0.1533539769827915,
    0.5681935718394705,
    0.5714191359817337,
    0.1509067181207837,
    0.14963264865297524,
    0.9612253422329889,
    0.892660771050412,
    0.14931942354241554,
    0.15129367417370082
  ],
  "slow_mlp": [
    0.15190603005205236,
    0.14870978744233634,
    0.1521604148423639,
    0.14989389729840566,
    0.14728934521064757,
    0.15253829551884743,
    0.1479335323047196,
    0.15332702832716333,
    0.1489102225883087,
    0.1499541861104032,
    0.14882978408468234,
    0.15312375358157773,
    0.14956043349613662,
    0.14696600684425098,
    0.1515558886068163,
    0.15359919260314578,
    0.14802491514172428,
    0.14827619156020855,
    0.1502710467804488,
    0.14837456550198386,
    0.14840867784033004,
    0.15329107691338162,
    0.1527078272758369,
    0.14907082083879292
  ],
  "eq_invariant_ood_residual": 9.264223387270737e-16,
  "mlp_slow_ood_residual": 1.1784808659864097,
  "encoder_scalar_resid": 2.2737367544323206e-13,
  "encoder_vector_resid": 9.769962616701378e-15,
  "omega": 1.0,
  "dt": 0.15,
  "ds": 8,
  "dv": 8,
  "smoke": false,
  "seed": 2
}