{
  "seeds": [
    0,
    1,
    2
  ],
  "runs": [
    {
      "arm_A_composition": {
        "eq_worst_from_7_generators": 7.89284162261192e-33,
        "mlp_worst_vs_Ktrain": {
          "7": 0.6094514789897715,
          "12": 0.0416922485231246,
          "20": 0.0038322082800534294,
          "32": 0.00026130290853695914,
          "44": 0.002230753332332663,
          "56": 0.00039421448374761444
        },
        "mlp_words_needed_to_match_cert": null,
        "n_total_words": 64,
        "n_generators": 7,
        "mlp_approx_floor": 0.00026130290853695914,
        "exactness_ratio_floor_over_cert": 3.3106315954492456e+28
      },
      "arm_B_single_orbit": {
        "bin_centers_deg": [
          10,
          30,
          50,
          70,
          90,
          110,
          130,
          150,
          170
        ],
        "horizon": 10,
        "eq_curve": [
          0.14190861582756042,
          0.14190860092639923,
          0.14190861582756042,
          0.14190861582756042,
          0.14190860092639923,
          0.14190863072872162,
          0.14190861582756042,
          0.14190860092639923,
          0.14190863072872162
        ],
        "mlp_curve": [
          0.07355866581201553,
          0.14375439286231995,
          0.21498174965381622,
          0.2503523826599121,
          0.2684665620326996,
          0.2945331931114197,
          0.3429829776287079,
          0.39988550543785095,
          0.4465411603450775
        ],
        "aug_mlp_curve": [
          0.11604268103837967,
          0.11391893029212952,
          0.11548454314470291,
          0.11739353835582733,
          0.11655142158269882,
          0.11492426693439484,
          0.11260328441858292,
          0.11328025907278061,
          0.11252343654632568
        ],
        "eq_ratio": 1.0000000350017784,
        "mlp_ratio": 2.7513854446032684,
        "aug_mlp_ratio": 0.9796229474656722
      },
      "arm_A_certificate_exact_augmentation_only_approximate": true,
      "arm_B_augmentation_flattens_single_orbit": true,
      "smoke": false,
      "seed": 0
    },
    {
      "arm_A_composition": {
        "eq_worst_from_7_generators": 1.097362162150094e-32,
        "mlp_worst_vs_Ktrain": {
          "7": 0.41170000355067504,
          "12": 0.04475409201027186,
          "20": 0.0044305314461764115,
          "32": 0.0004009075683119827,
          "44": 0.0003575570029125773,
          "56": 0.0001884238270017719
        },
        "mlp_words_needed_to_match_cert": null,
        "n_total_words": 64,
        "n_generators": 7,
        "mlp_approx_floor": 0.0001884238270017719,
        "exactness_ratio_floor_over_cert": 1.71706145428404e+28
      },
      "arm_B_single_orbit": {
        "bin_centers_deg": [
          10,
          30,
          50,
          70,
          90,
          110,
          130,
          150,
          170
        ],
        "horizon": 10,
        "eq_curve": [
          0.13888512551784515,
          0.13888512551784515,
          0.13888512551784515,
          0.13888514041900635,
          0.13888514041900635,
          0.13888512551784515,
          0.13888514041900635,
          0.13888512551784515,
          0.13888512551784515
        ],
        "mlp_curve": [
          0.07279059290885925,
          0.18562671542167664,
          0.31764593720436096,
          0.373229444026947,
          0.3899379372596741,
          0.39862921833992004,
          0.4052906930446625,
          0.4053138494491577,
          0.4091579020023346
        ],
        "aug_mlp_curve": [
          0.10698368400335312,
          0.10548855364322662,
          0.10381650179624557,
          0.10194072127342224,
          0.09960171580314636,
          0.09832826256752014,
          0.09663591533899307,
          0.09663140773773193,
          0.10021838545799255
        ],
        "eq_ratio": 1.000000035763756,
        "mlp_ratio": 2.1174106384162013,
        "aug_mlp_ratio": 0.9279043858839945
      },
      "arm_A_certificate_exact_augmentation_only_approximate": true,
      "arm_B_augmentation_flattens_single_orbit": true,
      "smoke": false,
      "seed": 1
    },
    {
      "arm_A_composition": {
        "eq_worst_from_7_generators": 8.764202734852794e-32,
        "mlp_worst_vs_Ktrain": {
          "7": 0.5322353358647052,
          "12": 0.1498438145207686,
          "20": 0.005259519821849344,
          "32": 0.0004532685995976479,
          "44": 0.00021038759465625406,
          "56": 0.00016005194078180503
        },
        "mlp_words_needed_to_match_cert": null,
        "n_total_words": 64,
        "n_generators": 7,
        "mlp_approx_floor": 0.00016005194078180503,
        "exactness_ratio_floor_over_cert": 1.8262008037002956e+27
      },
      "arm_B_single_orbit": {
        "bin_centers_deg": [
          10,
          30,
          50,
          70,
          90,
          110,
          130,
          150,
          170
        ],
        "horizon": 10,
        "eq_curve": [
          0.13286557793617249,
          0.1328655630350113,
          0.13286557793617249,
          0.13286557793617249,
          0.1328655630350113,
          0.1328655630350113,
          0.1328655630350113,
          0.13286560773849487,
          0.1328655630350113
        ],
        "mlp_curve": [
          0.06336645036935806,
          0.14943930506706238,
          0.2421056032180786,
          0.30275532603263855,
          0.31524771451950073,
          0.2952488958835602,
          0.2761581540107727,
          0.27416321635246277,
          0.2872089147567749
        ],
        "aug_mlp_curve": [
          0.08717694133520126,
          0.09045204520225525,
          0.09970060735940933,
          0.10626409947872162,
          0.1023617684841156,
          0.09711770713329315,
          0.09475533664226532,
          0.09436120837926865,
          0.09334855526685715
        ],
        "eq_ratio": 1.0000000373840539,
        "mlp_ratio": 1.8410845743601376,
        "aug_mlp_ratio": 1.0185177006152293
      },
      "arm_A_certificate_exact_augmentation_only_approximate": true,
      "arm_B_augmentation_flattens_single_orbit": true,
      "smoke": false,
      "seed": 2
    }
  ]
}