{
  "verdict": {
    "G1_pass": true,
    "n_win": 1,
    "n_seeds": 1,
    "win_margins": [
      0.49533333333333335
    ],
    "eps": 0.2,
    "N": 40,
    "L": 1500,
    "smoke": false
  },
  "per_seed": {
    "18": {
      "iv_conv": 74,
      "iv_mlp": 27,
      "lambda1_conv": 1.7919103131855567,
      "lambda1_mlp": 5.939610100052273,
      "knee_budget": 21,
      "cover_mlp_budget": 56,
      "conv_arm_viol_at_knee": 0.084,
      "mlp_iso_viol_at_knee": 0.5793333333333334,
      "win_margin": 0.49533333333333335,
      "pareto_frac_conv_below_mlp": 0.6,
      "frontier": {
        "budgets": [
          2,
          12,
          21,
          22,
          32,
          43,
          53,
          56,
          63,
          73
        ],
        "conv_arm": [
          0.9113333333333333,
          0.4673333333333333,
          0.084,
          0.084,
          0.084,
          0.084,
          0.084,
          0.084,
          0.084,
          0.084
        ],
        "mlp_iso": [
          0.928,
          0.7573333333333333,
          0.5793333333333334,
          0.5653333333333334,
          0.39066666666666666,
          0.196,
          0.02666666666666667,
          0.0,
          0.0,
          0.0
        ],
        "mlp_pkg": [
          0.9506666666666667,
          0.762,
          0.5953333333333334,
          0.5766666666666667,
          0.396,
          0.20266666666666666,
          0.005333333333333333,
          0.0,
          0.0,
          0.0
        ],
        "adaptive": [
          0.962,
          0.906,
          0.8233333333333334,
          0.8133333333333334,
          0.6113333333333333,
          0.322,
          0.034666666666666665,
          0.004,
          0.004,
          0.004
        ]
      }
    }
  }
}