{
  "mode": "FULL",
  "config": {
    "ENC_RUNGS": [
      "E0-base",
      "E1-mul16",
      "E2-mul32",
      "E3-lmax3"
    ],
    "ORACLES": [
      "ORACLE-raw",
      "ORACLE-unit"
    ],
    "labels": {
      "E0-base": "enc lmax2 mul8 [a,r]",
      "E1-mul16": "enc lmax2 mul16 [a,r]",
      "E2-mul32": "enc lmax2 mul32 [a,r]",
      "E3-lmax3": "enc lmax3 mul8 [a,r]",
      "ORACLE-raw": "points [a,r]",
      "ORACLE-unit": "points [a,r_hat]",
      "MLP-MP": "MLP [a,r]"
    },
    "SEEDS": [
      0,
      1,
      2,
      3,
      4
    ],
    "N_TRAIN": 1500,
    "N_TEST": 400,
    "EPOCHS": 80,
    "K_OOD": 6,
    "VAR_COEF": 0.1,
    "C_INT": 0.8,
    "AUG": 6,
    "D_OBJ": 48,
    "D_OBJ_ORACLE": 72
  },
  "params": {
    "E0-base": 65304,
    "E1-mul16": 67568,
    "E2-mul32": 73248,
    "E3-lmax3": 65888,
    "ORACLE-raw": 65408,
    "ORACLE-unit": 65408,
    "MLP-MP": 62304
  },
  "indist_per_seed": {
    "E0-base": [
      0.27044498920440674,
      0.2666676342487335,
      0.2504424452781677,
      0.2557118237018585,
      0.2295977920293808
    ],
    "E1-mul16": [
      0.2586139142513275,
      0.21301160752773285,
      0.21306361258029938,
      0.18437404930591583,
      0.16775444149971008
    ],
    "E2-mul32": [
      0.2523963451385498,
      0.17735303938388824,
      0.2515225112438202,
      0.20692378282546997,
      0.18466544151306152
    ],
    "E3-lmax3": [
      0.2493274211883545,
      0.21080148220062256,
      0.2826996445655823,
      0.1775595247745514,
      0.24197053909301758
    ],
    "ORACLE-raw": [
      0.0036523020826280117,
      0.0036042388528585434,
      0.0034773515071719885,
      0.0033229265827685595,
      0.0027538007125258446
    ],
    "ORACLE-unit": [
      0.0021154452115297318,
      0.002929291920736432,
      0.0030261666979640722,
      0.002806924283504486,
      0.003173886565491557
    ],
    "MLP-MP": [
      0.08655361831188202,
      0.09053254872560501,
      0.1019226610660553,
      0.09455209970474243,
      0.09133394062519073
    ]
  },
  "ood_ratio_per_seed": {
    "E0-base": [
      1.000000073464903,
      0.9999999441208482,
      0.9999998016688535,
      0.9999995920871908,
      1.0000004110406293
    ],
    "E1-mul16": [
      0.9999998079355574,
      0.9999998134541572,
      1.000000116562694,
      1.000000538801827,
      0.9999997335183308
    ],
    "E2-mul32": [
      1.0000000590387361,
      0.9999999579901161,
      1.0000001382356432,
      0.999999735953063,
      1.0000002017318599
    ],
    "E3-lmax3": [
      1.0000000099609054,
      1.0000001649389547,
      0.9999996310284418,
      0.9999999300649495,
      1.0000001744838727
    ],
    "ORACLE-raw": [
      1.0000003081202173,
      1.0000005167929278,
      0.9999997321747391,
      1.0000001634918763,
      0.9999997322620208
    ],
    "ORACLE-unit": [
      1.0000004219052625,
      0.9999994171203258,
      1.0000005642203127,
      0.9999996405557516,
      0.9999999388681566
    ],
    "MLP-MP": [
      9.297546131268778,
      12.323154890655884,
      8.117952250569232,
      9.370107206128731,
      10.92386166354261
    ]
  },
  "se3_per_seed": {
    "E0-base": [
      6.0558319091796875e-05,
      6.309151649475098e-05,
      7.867813110351562e-05,
      2.8073787689208984e-05,
      4.00543212890625e-05
    ],
    "E1-mul16": [
      4.51207160949707e-05,
      3.806501626968384e-05,
      4.607439041137695e-05,
      3.832578659057617e-05,
      4.190206527709961e-05
    ],
    "E2-mul32": [
      7.517635822296143e-05,
      3.0353665351867676e-05,
      4.780292510986328e-05,
      5.0902366638183594e-05,
      5.817413330078125e-05
    ],
    "E3-lmax3": [
      3.692507743835449e-05,
      2.7918489649891853e-05,
      3.2901763916015625e-05,
      3.612041473388672e-05,
      4.00543212890625e-05
    ],
    "ORACLE-raw": [
      1.6689300537109375e-06,
      1.6689300537109375e-06,
      1.9073486328125e-06,
      1.7881393432617188e-06,
      1.9073486328125e-06
    ],
    "ORACLE-unit": [
      1.6689300537109375e-06,
      1.9073486328125e-06,
      1.9073486328125e-06,
      1.9073486328125e-06,
      1.6689300537109375e-06
    ],
    "MLP-MP": [
      11.464540481567383,
      10.18700885772705,
      10.487909317016602,
      11.231035232543945,
      12.07243537902832
    ]
  },
  "perm_per_seed": {
    "E0-base": [
      0.0,
      0.0,
      0.0,
      0.0,
      0.0
    ],
    "E1-mul16": [
      0.0,
      0.0,
      0.0,
      0.0,
      0.0
    ],
    "E2-mul32": [
      0.0,
      0.0,
      0.0,
      0.0,
      0.0
    ],
    "E3-lmax3": [
      0.0,
      0.0,
      0.0,
      0.0,
      0.0
    ],
    "ORACLE-raw": [
      0.0,
      0.0,
      0.0,
      0.0,
      0.0
    ],
    "ORACLE-unit": [
      0.0,
      0.0,
      0.0,
      0.0,
      0.0
    ],
    "MLP-MP": [
      0.0,
      0.0,
      0.0,
      0.0,
      0.0
    ]
  },
  "indist_mean": {
    "E0-base": 0.2545729368925095,
    "E1-mul16": 0.20736352503299713,
    "E2-mul32": 0.21457222402095794,
    "E3-lmax3": 0.23247172236442565,
    "ORACLE-raw": 0.0033621239475905896,
    "ORACLE-unit": 0.002810342935845256,
    "MLP-MP": 0.0929789736866951
  },
  "indist_std": {
    "E0-base": 0.014424421193276183,
    "E1-mul16": 0.03094637207007496,
    "E2-mul32": 0.03204425022344576,
    "E3-lmax3": 0.03572711861776181,
    "ORACLE-raw": 0.00032486734511871757,
    "ORACLE-unit": 0.0003676376646647862,
    "MLP-MP": 0.005146660858551119
  },
  "ood_ratio_mean": {
    "E0-base": 0.999999964476485,
    "E1-mul16": 1.0000000020545134,
    "E2-mul32": 1.0000000185898836,
    "E3-lmax3": 0.9999999820954247,
    "ORACLE-raw": 1.0000000905683561,
    "ORACLE-unit": 0.9999999965339619,
    "MLP-MP": 10.006524428433046
  },
  "se3_mean": {
    "E0-base": 5.409121513366699e-05,
    "E1-mul16": 4.189759492874145e-05,
    "E2-mul32": 5.2481889724731445e-05,
    "E3-lmax3": 3.478401340544224e-05,
    "ORACLE-raw": 1.7881393432617188e-06,
    "ORACLE-unit": 1.811981201171875e-06,
    "MLP-MP": 11.08858585357666
  },
  "perm_mean": {
    "E0-base": 0.0,
    "E1-mul16": 0.0,
    "E2-mul32": 0.0,
    "E3-lmax3": 0.0,
    "ORACLE-raw": 0.0,
    "ORACLE-unit": 0.0,
    "MLP-MP": 0.0
  },
  "conv_per_seed": {
    "E0-base": [
      0.03545160879567865,
      0.1319646556111093,
      0.040820342204670845,
      0.05745949801963901,
      0.014191016655234359
    ],
    "E1-mul16": [
      0.03766061970288382,
      0.020732800781529507,
      0.005764218525537452,
      0.014115187644268204,
      0.02405283089436892
    ],
    "E2-mul32": [
      0.012336455650291855,
      0.0743244253162883,
      0.006828725149499596,
      0.02124455824345097,
      0.00390841641161019
    ],
    "E3-lmax3": [
      0.01211782866507104,
      0.04859655238792585,
      0.052004789905224974,
      0.0484014414443149,
      0.05744436223742056
    ],
    "ORACLE-raw": [
      0.09895231610785134,
      0.018679611468995164,
      0.10587819509397774,
      0.09615680473874356,
      0.09358112626164287
    ],
    "ORACLE-unit": [
      0.06761070085911967,
      0.02352788150602574,
      0.06844624919148982,
      0.12658770454821053,
      0.12199319863169339
    ],
    "MLP-MP": [
      0.27035556522582416,
      0.299814642976528,
      0.2657764505963991,
      0.28298207513251566,
      0.2727447512275593
    ]
  },
  "conv_mean": {
    "E0-base": 0.05597742425726644,
    "E1-mul16": 0.02046513150971758,
    "E2-mul32": 0.023728516154228184,
    "E3-lmax3": 0.043712994927991466,
    "ORACLE-raw": 0.08264961073424214,
    "ORACLE-unit": 0.08163314694730782,
    "MLP-MP": 0.2783346970317652
  },
  "ok_converged": false,
  "cap": 0.2545729368925095,
  "mlp": 0.0929789736866951,
  "gap": 0.16159396320581437,
  "best_enc": 0.20736352503299713,
  "best_enc_variant": "E1-mul16",
  "enc_gap_closed_frac": 0.2921483632367134,
  "oracle_raw": 0.0033621239475905896,
  "oracle_unit": 0.002810342935845256,