{
  "mode": "FULL",
  "config": {
    "N_TRAIN": 1200,
    "EPOCHS": 50,
    "K": 200,
    "N_OOD": 4,
    "H_GOAL": 6,
    "T_MAX": 18,
    "REPLAN": 6,
    "W_T": 0.5,
    "T_SCALE": 0.8,
    "VAR_COEF": 0.1,
    "cem": {
      "H": 12,
      "n_samples": 256,
      "n_iters": 5,
      "n_elite": 25,
      "sigma0": 0.6,
      "w_run": 0.3
    }
  },
  "goal_reorient_deg": 29.010672029205704,
  "model_equiv": {
    "vn_composed": 6.109476089477539e-06,
    "mlp_composed": 5.614427089691162,
    "vn_latent_std": 0.569405734539032,
    "mlp_latent_std": 1.2054510116577148
  },
  "params": {
    "vn": 16856,
    "mlp": 124512
  },
  "exact": {
    "gids": [
      0,
      1,
      2,
      3,
      4
    ],
    "vn_ang_by_gid": {
      "0": 26.295581480153615,
      "1": 26.28284964287546,
      "2": 26.295581859835266,
      "3": 26.012152323502175,
      "4": 26.20560252357015
    },
    "mlp_ang_by_gid": {
      "0": 79.30782624300045,
      "1": 86.45521572111178,
      "2": 57.24565581178358,
      "3": 90.12855573509736,
      "4": 103.63986092976164
    },
    "vn_pos_by_gid": {
      "0": 0.5453061822869638,
      "1": 0.5451076516539487,
      "2": 0.5453061942692972,
      "3": 0.5402437143013689,
      "4": 0.543755655107405
    },
    "vn_diff_max": 3.7905629934993996,
    "vn_diff_mean": -0.09653489270785308,
    "mlp_diff_mean": 5.059495806438145,
    "vn_ci": [
      -0.18693520888420478,
      -0.008936495286388792
    ],
    "mlp_ci": [
      3.1400215485154725,
      6.95759703166136
    ],
    "vn_ratio_ci": [
      0.9926872848476468,
      0.99966169432176
    ],
    "mlp_ratio_ci": [
      1.0381315554706971,
      1.0897747425071391
    ],
    "n_boot": 4000,
    "mlp_degrades_sign": [
      120,
      200,
      0.0056851559967503055
    ],
    "mlp_degrades_perm_p": 4.999750012499375e-05,
    "sep_sign": [
      121,
      200,
      0.0036349479525299385
    ],
    "sep_perm_p": 4.999750012499375e-05
  },
  "verdict": {
    "passed": true,
    "ok_vn_flat": true,
    "ok_mlp_degrades": true,
    "ok_separated": true,
    "ok_equiv": true
  },
  "stat": {
    "vn_ang_by_gid": {
      "0": 30.07523324081918,
      "1": 29.695964318496525,
      "2": 29.813790092217804,
      "3": 30.2961867130762,
      "4": 29.47019587482283
    },
    "mlp_ang_by_gid": {
      "0": 89.82943566375273,
      "1": 104.15110862304697,
      "2": 71.58704121007861,
      "3": 114.50635786423773,
      "4": 128.55013562911554
    },
    "vn_ci": [
      -1.309315060716536,
      0.7794666665804242
    ],
    "mlp_ci": [
      12.599871465138971,
      17.105235608625673
    ],
    "vn_diff_mean": -0.2561989911658386,
    "mlp_diff_mean": 14.869225167866958,
    "mlp_degrades_sign": [
      163,
      200,
      4.582036397882767e-20
    ],
    "mlp_degrades_perm_p": 4.999750012499375e-05,
    "sep_sign": [
      157,
      200,
      1.895512850698976e-16
    ],
    "sep_perm_p": 4.999750012499375e-05
  }
}