{
  "mode": "SMOKE",
  "group": "SO(3)",
  "config": {
    "seeds": [
      0,
      1
    ],
    "thetas_deg": [
      90,
      180
    ],
    "epochs": 250,
    "n_base": 128,
    "n_test": 400,
    "k_ood": 4,
    "n_state": 6
  },
  "params": {
    "VN": 3488,
    "MLP": 21650
  },
  "vn": {
    "ratio": [
      0.9999999329826328,
      2.480838607913816e-07
    ],
    "eq": [
      1.626648054159132e-07,
      1.6973073583374827e-08
    ],
    "seen": [
      0.0024251441958082344,
      0.0002120319669654043
    ],
    "ood": [
      0.0024251440079806003,
      0.00021203135111644476
    ]
  },
  "mlp_noaug": {
    "ratio": [
      83.39254492432453,
      23.750197036416978
    ],
    "eq": [
      1.2191081465123181,
      0.035492213257418866
    ],
    "seen": [
      0.005043321281111422,
      0.0008067889576674074
    ],
    "ood": [
      0.4301560949419819,
      0.18706005856482963
    ]
  },
  "mlp_aug": {
    "90": {
      "ratio": [
        9.021497101958822,
        3.5028893274349424
      ],
      "eq": [
        0.628437377922956,
        0.01584680117939027
      ],
      "seen": [
        0.00393833217453499,
        0.00011434381241857312
      ],
      "ood": [
        0.03572991916822972,
        0.014827094117936238
      ]
    },
    "180": {
      "ratio": [
        1.259702330450994,
        0.36702178264661156
      ],
      "eq": [
        0.06494723874918726,
        0.005380526190478264
      ],
      "seen": [
        0.003761151480487341,
        7.577420417479065e-05
      ],
      "ood": [
        0.004724025894661382,
        0.001284971579952375
      ]
    }
  },
  "derived": {
    "eq_factor_full_vs_vn": 399270.38048043294,
    "task_closed": true,
    "coverage_helps": true,
    "aug_never_exact": true
  }
}