{
  "task": "cheetah-run",
  "theta": 0.2,
  "k_list": [
    2,
    3,
    4,
    6,
    8,
    12
  ],
  "per_seed": {
    "1": {
      "T1_published": 11.689163886055015,
      "ratio_bench": 0.42774659066632814,
      "teacher_forced_diag": {
        "lambda1_tf": 0.1250789233565203,
        "lambda1_tf_ci": [
          0.0972907685724762,
          0.1708700003705408
        ]
      },
      "insitu": {
        "median": 5.0,
        "q25": 3.0,
        "q75": 9.0,
        "n_windows": 320,
        "ratio_insitu": 0.42774659066632814
      },
      "invalid_by_k": {
        "2": 0.09612499999999999,
        "3": 0.13737500000000002,
        "4": 0.191125,
        "6": 0.2820000000000001,
        "8": 0.3697500000000001,
        "12": 0.49087499999999995
      },
      "k_star_25pct": 4,
      "k_op": 4,
      "fault_recall": 1.0,
      "median_delay": 2.5,
      "prefault_flag_rate": 0.38587366673406887,
      "G1a_replicates_bench": true,
      "G1b_calibrated_cell": null,
      "G2_detection": true
    },
    "2": {
      "T1_published": 8.038799815642497,
      "ratio_bench": 0.49758671589464154,
      "teacher_forced_diag": {
        "lambda1_tf": 0.09357681517314792,
        "lambda1_tf_ci": [
          0.07183391457123094,
          0.1279479266327519
        ]
      },
      "insitu": {
        "median": 4.0,
        "q25": 3.0,
        "q75": 6.0,
        "n_windows": 320,
        "ratio_insitu": 0.49758671589464154
      },
      "invalid_by_k": {
        "2": 0.15725,
        "3": 0.2415,
        "4": 0.315625,
        "6": 0.445875,
        "8": 0.539875,
        "12": 0.6521250000000001
      },
      "k_star_25pct": 3,
      "k_op": 3,
      "fault_recall": 1.0,
      "median_delay": 1.0,
      "prefault_flag_rate": 0.38716595316783076,
      "G1a_replicates_bench": true,
      "G1b_calibrated_cell": null,
      "G2_detection": true
    },
    "3": {
      "T1_published": 6.00570039361763,
      "ratio_bench": 0.8325423634708107,
      "teacher_forced_diag": {
        "lambda1_tf": 0.11286000072742125,
        "lambda1_tf_ci": [
          0.07086997255366108,
          0.1545837403546803
        ]
      },
      "insitu": {
        "median": 4.0,
        "q25": 3.0,
        "q75": 6.0,
        "n_windows": 320,
        "ratio_insitu": 0.6660338907766485
      },
      "invalid_by_k": {
        "2": 0.15487499999999998,
        "3": 0.230125,
        "4": 0.308,
        "6": 0.41087500000000005,
        "8": 0.520125,
        "12": 0.633375
      },
      "k_star_25pct": 3,
      "k_op": 2,
      "fault_recall": 1.0,
      "median_delay": 3.0,
      "prefault_flag_rate": 0.22497224248072736,
      "G1a_replicates_bench": true,
      "G1b_calibrated_cell": false,
      "G2_detection": false
    }
  },
  "verdict": {
    "G1a_pass": true,
    "G1b_pass": false,
    "G2_pass": true,
    "n_g1a": 3,
    "n_g2": 2,
    "n_seeds": 3
  }
}