{
  "mode": "FULL",
  "config": {
    "SEEDS": [
      0,
      1,
      2,
      3,
      4
    ],
    "N_DATA": 256,
    "N_STEPS": 1500,
    "LR": 0.03,
    "THETA_MAX": 1.2,
    "K_LADDER": [
      1,
      2,
      3,
      4,
      5
    ],
    "BREAK_BETA": 0.3,
    "C_INT": 0.8,
    "TRUE_DIM": 3,
    "BROKEN_DIM": 1
  },
  "resid_mean": {
    "TRUE": {
      "1": 1.1358059539548146e-13,
      "2": 1.0436826506114369e-13,
      "3": 9.578444401569033e-14,
      "4": 0.009343875758349895,
      "5": 0.06074834875762462
    },
    "BROKEN": {
      "1": 5.90231993325991e-13,
      "2": 0.017776523903012275,
      "3": 0.015776408812962474,
      "4": 0.05203677527606487,
      "5": 0.10308828055858613
    }
  },
  "resid_std": {
    "TRUE": {
      "1": 1.9412931097903323e-14,
      "2": 1.3057209992467428e-14,
      "3": 3.4492030055166285e-15,
      "4": 0.004040091528498082,
      "5": 0.0257249515945277
    },
    "BROKEN": {
      "1": 5.23505297609651e-13,
      "2": 0.007791105771860784,
      "3": 0.011653165786826333,
      "4": 0.023818388567711495,
      "5": 0.033533820732726725
    }
  },
  "resid_per_seed": {
    "TRUE": {
      "1": [
        1.3034781316378224e-13,
        8.214753882554784e-14,
        1.305839523969496e-13,
        1.2512573984747866e-13,
        9.969793274364896e-14
      ],
      "2": [
        1.0025248182608457e-13,
        9.835534486466943e-14,
        9.877222737625369e-14,
        1.3018069695142076e-13,
        9.428057428729e-14
      ],
      "3": [
        9.925282031799862e-14,
        9.3217256559152e-14,
        9.994656063059063e-14,
        9.556830153634177e-14,
        9.093728103436866e-14
      ],
      "4": [
        0.00439049769192934,
        0.006569460034370422,
        0.016128569841384888,
        0.01101991068571806,
        0.008610940538346767
      ],
      "5": [
        0.059343621134757996,
        0.08811590820550919,
        0.08837741613388062,
        0.04734078794717789,
        0.020564010366797447
      ]
    },
    "BROKEN": {
      "1": [
        7.965893027671311e-13,
        1.193581773131433e-13,
        1.0020794822184972e-13,
        1.506572861256772e-12,
        4.284316770710589e-13
      ],
      "2": [
        0.007391294464468956,
        0.031145920976996422,
        0.01590544357895851,
        0.019749056547880173,
        0.014690903946757317
      ],
      "3": [
        0.003866958199068904,
        0.028473317623138428,
        0.028888609260320663,
        0.01615477167069912,
        0.0014983873115852475
      ],
      "4": [
        0.02111640013754368,
        0.06519166380167007,
        0.08232064545154572,
        0.026909757405519485,
        0.06464540958404541
      ],
      "5": [
        0.11273320019245148,
        0.10237160325050354,
        0.16064389050006866,
        0.06806477904319763,
        0.07162792980670929
      ]
    }
  },
  "dim_true": 3,
  "dim_broken": 1,
  "true_jump_K4_over_K3": 9343875758.349895,
  "broken_jump_K2_over_K1": 17776523903.012276,
  "recover": {
    "frac_in_so3": 1.0000000238418578,
    "antisym_frac": 5.989127330963129e-07,
    "closure_resid": 2.361602472097585e-06,
    "struct_const_norm": 1.7320509142484224
  },
  "reject": {
    "broken_axis_align": 1.0,
    "broken_antisym_frac": 1.9395101958252782e-06,
    "broken_vs_true_k3": 15776408812.962475
  },
  "beta_sweep": {
    "betas": [
      0.1,
      0.2,
      0.3,
      0.5,
      0.8
    ],
    "k1_resid": {
      "0.1": 1.0677341354277912e-11,
      "0.2": 5.983108599489847e-12,
      "0.3": 5.90231993325991e-13,
      "0.5": 1.9789342690576527e-13,
      "0.8": 2.2133585453809266e-11
    },
    "k2_resid": {
      "0.1": 0.005893504340201616,
      "0.2": 0.02249737773090601,
      "0.3": 0.017776523903012275,
      "0.5": 0.013715556636452676,
      "0.8": 0.008084980398416519
    },
    "axis_align": {
      "0.1": 1.0,
      "0.2": 0.9999999761581421,
      "0.3": 1.0,
      "0.5": 0.9999999880790711,
      "0.8": 0.9999999880790711
    },
    "dims": [
      1,
      1,
      1,
      1,
      1
    ],
    "all_dim1": true,
    "all_axis": true
  },
  "verdict": {
    "passed": true,
    "ok_recover_so3": true,
    "ok_dim_true": true,
    "ok_reject_broken": true,
    "ok_broken_axis": true,
    "ok_broken_differs": true,
    "ok_beta_sweep": true
  }
}