{
  "verdict": {
    "G1_pass": true,
    "n_win": 3,
    "n_seeds": 3,
    "win_margins": [
      0.45000000000000007,
      0.5006666666666667,
      0.5653333333333334
    ],
    "eps": 0.2,
    "N": 40,
    "L": 1500,
    "smoke": false
  },
  "per_seed": {
    "0": {
      "iv_conv": 77,
      "iv_mlp": 28,
      "lambda1_conv": 1.7996583735569776,
      "lambda1_mlp": 5.738141087780014,
      "knee_budget": 20,
      "cover_mlp_budget": 54,
      "conv_arm_viol_at_knee": 0.16466666666666666,
      "mlp_iso_viol_at_knee": 0.6146666666666667,
      "win_margin": 0.45000000000000007,
      "pareto_frac_conv_below_mlp": 0.6,
      "frontier": {
        "budgets": [
          2,
          12,
          20,
          22,
          32,
          41,
          51,
          54,
          61,
          71
        ],
        "conv_arm": [
          0.9026666666666666,
          0.5033333333333333,
          0.16466666666666666,
          0.16466666666666666,
          0.16466666666666666,
          0.16466666666666666,
          0.16466666666666666,
          0.16466666666666666,
          0.16466666666666666,
          0.16466666666666666
        ],
        "mlp_iso": [
          0.9046666666666666,
          0.7506666666666667,
          0.6146666666666667,
          0.5673333333333334,
          0.38266666666666665,
          0.18666666666666668,
          0.025333333333333333,
          0.0,
          0.0,
          0.0
        ],
        "mlp_pkg": [
          0.944,
          0.7506666666666667,
          0.6053333333333333,
          0.564,
          0.35733333333333334,
          0.206,
          0.028666666666666667,
          0.0,
          0.0,
          0.0
        ],
        "adaptive": [
          0.9666666666666667,
          0.896,
          0.83,
          0.8186666666666667,
          0.6126666666666667,
          0.36866666666666664,
          0.10933333333333334,
          0.078,
          0.004,
          0.004
        ]
      }
    },
    "1": {
      "iv_conv": 84,
      "iv_mlp": 28,
      "lambda1_conv": 1.6469001763883349,
      "lambda1_mlp": 5.756044239939091,
      "knee_budget": 18,
      "cover_mlp_budget": 54,
      "conv_arm_viol_at_knee": 0.144,
      "mlp_iso_viol_at_knee": 0.6446666666666667,
      "win_margin": 0.5006666666666667,
      "pareto_frac_conv_below_mlp": 0.6,
      "frontier": {
        "budgets": [
          2,
          12,
          18,
          22,
          32,
          41,
          51,
          54,
          61,
          71
        ],
        "conv_arm": [
          0.902,
          0.4,
          0.144,
          0.144,
          0.144,
          0.144,
          0.144,
          0.144,
          0.144,
          0.144
        ],
        "mlp_iso": [
          0.9166666666666666,
          0.75,
          0.6446666666666667,
          0.5433333333333333,
          0.394,
          0.218,
          0.02666666666666667,
          0.0,
          0.0,
          0.0
        ],
        "mlp_pkg": [
          0.9286666666666666,
          0.7426666666666667,
          0.638,
          0.5586666666666666,
          0.37866666666666665,
          0.21933333333333332,
          0.021333333333333333,
          0.0,
          0.0,
          0.0
        ],
        "adaptive": [
          0.9153333333333333,
          0.888,
          0.836,
          0.7993333333333333,
          0.6206666666666667,
          0.4026666666666667,
          0.132,
          0.05466666666666667,
          0.0006666666666666666,
          0.0006666666666666666
        ]
      }
    },
    "2": {
      "iv_conv": 72,
      "iv_mlp": 24,
      "lambda1_conv": 1.9191694998758082,
      "lambda1_mlp": 6.643411249039115,
      "knee_budget": 21,
      "cover_mlp_budget": 63,
      "conv_arm_viol_at_knee": 0.07733333333333334,
      "mlp_iso_viol_at_knee": 0.6426666666666667,
      "win_margin": 0.5653333333333334,
      "pareto_frac_conv_below_mlp": 0.6,
      "frontier": {
        "budgets": [
          2,
          13,
          21,
          25,
          36,
          48,
          59,
          63,
          71,
          82
        ],
        "conv_arm": [
          0.9166666666666666,
          0.41133333333333333,
          0.07733333333333334,
          0.07733333333333334,
          0.07733333333333334,
          0.07733333333333334,
          0.07733333333333334,
          0.07733333333333334,
          0.07733333333333334,
          0.07733333333333334
        ],
        "mlp_iso": [
          0.922,
          0.766,
          0.6426666666666667,
          0.5806666666666667,
          0.37066666666666664,
          0.20066666666666666,
          0.036,
          0.0,
          0.0,
          0.0
        ],
        "mlp_pkg": [
          0.9446666666666667,
          0.7666666666666667,
          0.652,
          0.5746666666666667,
          0.396,
          0.20933333333333334,
          0.034,
          0.0,
          0.0,
          0.0
        ],
        "adaptive": [
          0.9413333333333334,
          0.9106666666666666,
          0.8246666666666667,
          0.7353333333333333,
          0.5186666666666667,
          0.20066666666666666,
          0.0,
          0.0,
          0.0,
          0.0
        ]
      }
    }
  }
}