{
  "passed": true,
  "ks": [
    2,
    3,
    4,
    5,
    6,
    7,
    8
  ],
  "equiv_gen": [
    0.0,
    9.50981604952021e-34,
    1.1974631079320459e-33,
    6.150065446787463e-33,
    9.918869776059659e-33,
    3.2532557288325536e-33,
    2.226257645732908e-33
  ],
  "mlp_gen": [
    0.1337089188495369,
    0.266575791524797,
    0.29972757995860155,
    0.43721317725403075,
    0.5352632186291112,
    0.4249819521411481,
    0.4875613697171307
  ],
  "gap": [
    133708918849.5369,
    266575791524.797,
    299727579958.60156,
    437213177254.03076,
    535263218629.1112,
    424981952141.1481,
    487561369717.13074
  ],
  "mlp_grid": [
    [
      0.1337089188495369,
      0.266575791524797,
      0.29972757995860155,
      0.43721317725403075,
      0.5352632186291112,
      0.4249819521411481,
      0.4875613697171307
    ],
    [
      NaN,
      0.00038062318087794453,
      0.0012043087492614162,
      0.0023005719523732098,
      0.008375689192682174,
      0.02238905352157192,
      0.04383378249042971
    ],
    [
      NaN,
      NaN,
      0.00028680797817388746,
      0.0005114337981050839,
      0.0014138946780494455,
      0.0019880760697924757,
      0.006320796423068679
    ],
    [
      NaN,
      NaN,
      NaN,
      0.00012061980043610977,
      0.00018772984115646886,
      0.0003299370108271572,
      0.0008098828745313199
    ],
    [
      NaN,
      NaN,
      NaN,
      NaN,
      7.245819898813598e-05,
      0.00011899638561511189,
      0.00015739719986771608
    ],
    [
      NaN,
      NaN,
      NaN,
      NaN,
      NaN,
      8.611810042703716e-05,
      0.0001271280065280024
    ],
    [
      NaN,
      NaN,
      NaN,
      NaN,
      NaN,
      NaN,
      0.00011487221658388637
    ],
    [
      NaN,
      NaN,
      NaN,
      NaN,
      NaN,
      NaN,
      NaN
    ]
  ],
  "smoke": false,
  "seed": 0
}