{
  "passed": true,
  "rows": {
    "prescriptive (group)": [
      8.902528109381593e-06,
      1.067639161185818e-05
    ],
    "descriptive (data-fit)": [
      4.979099558001485e-06,
      0.0034134800809574495
    ],
    "isotropic (LeJEPA-ish)": [
      0.00010512299859179587,
      0.16314528842152853
    ]
  },
  "curves": {
    "prescriptive (group)": [
      9.002711331813628e-06,
      8.30255359818892e-06,
      9.40231939814223e-06,
      1.0067366482493995e-05,
      1.0842819077443073e-05,
      9.14139940290787e-06,
      9.978546014761091e-06,
      1.0888095388700082e-05,
      1.1162533432113364e-05
    ],
    "descriptive (data-fit)": [
      2.7657602272401996e-06,
      3.2362215516043105e-06,
      8.935316895159942e-06,
      9.054320020300634e-05,
      0.0007637003019459867,
      0.0020211453481691084,
      0.003757796673720357,
      0.0037217500154690915,
      0.0027608935536829
    ],
    "isotropic (LeJEPA-ish)": [
      3.5269320549855015e-05,
      4.5269324458464514e-05,
      0.0002348303507670681,
      0.010633449443540543,
      0.0627319911383207,
      0.12667526363324702,
      0.1794037147145873,
      0.1691651073730867,
      0.14086704317691157
    ]
  },
  "deg": [
    10.0,
    29.999999999999996,
    49.99999999999999,
    70.0,
    90.0,
    110.0,
    130.0,
    149.99999999999997,
    170.0
  ],
  "smoke": false,
  "seed": 0
}