{
  "C_alive": true,
  "alloc_L1_conv_vs_true": 0.08133577999576637,
  "alloc_L1_mlp_vs_true": 0.2187794852452856,
  "rankcorr_conv": 1.0,
  "rankcorr_mlp": 1.0,
  "weights_true": [
    0.11486702517019551,
    0.1978087210468877,
    0.29296299256077135,
    0.39436126122214554
  ],
  "weights_conv": [
    0.09881707626890561,
    0.20817523335790927,
    0.26834505146417803,
    0.42466263890900713
  ],
  "weights_mlp": [
    0.2015784806225827,
    0.22048700821714326,
    0.2626144256344637,
    0.31532008552581037
  ],
  "rows": [
    {
      "F": 6.0,
      "true_l1": 1.0295052070700137,
      "conv_l1": 0.6787068024812563,
      "mlp_l1": 6.096087282856532,
      "conv_relmse": 1.130157090355613e-05,
      "mlp_relmse": 4.411089282479915e-06
    },
    {
      "F": 8.0,
      "true_l1": 1.772877011656696,
      "conv_l1": 1.4298130679726972,
      "mlp_l1": 6.667914366038887,
      "conv_relmse": 2.1908096271502327e-05,
      "mlp_relmse": 7.85286254394228e-06
    },
    {
      "F": 10.0,
      "true_l1": 2.62570503478474,
      "conv_l1": 1.8430783293497401,
      "mlp_l1": 7.94192145639963,
      "conv_relmse": 2.4156577483896186e-05,
      "mlp_relmse": 1.2359231110336665e-05
    },
    {
      "F": 13.0,
      "true_l1": 3.5344953984256273,
      "conv_l1": 2.916716752506045,
      "mlp_l1": 9.535833177560827,
      "conv_relmse": 3.5634752460549725e-05,
      "mlp_relmse": 2.2089501727906025e-05
    }
  ],
  "N": 40,
  "seed": 0,
  "F_list": [
    6.0,
    8.0,
    10.0,
    13.0
  ]
}