{
  "passed": true,
  "gate": {
    "equivariant_flat": true,
    "baseline_degrades": true
  },
  "indist_tax_equiv_over_baseline": 0.8338963394971419,
  "thetas_rad": [
    0.0,
    0.39269908169872414,
    0.7853981633974483,
    1.1780972450961724,
    1.5707963267948966,
    1.9634954084936207,
    2.356194490192345,
    2.748893571891069,
    3.141592653589793
  ],
  "equivariant": {
    "fvu": [
      0.0048263887874782085,
      0.004826393909752369,
      0.004826390650123358,
      0.004826391115784645,
      0.0048263887874782085,
      0.004826393909752369,
      0.0048263901844620705,
      0.004826391115784645,
      0.0048263887874782085
    ],
    "seen": 0.0048263887874782085,
    "ood_max": 0.004826393909752369,
    "ratio": 1.0000010613057475
  },
  "baseline": {
    "fvu": [
      0.00578775629401207,
      0.0034865234047174454,
      0.03494413197040558,
      0.960771918296814,
      8.283852577209473,
      8.361988067626953,
      1.7238093614578247,
      0.468162477016449,
      0.421692430973053
    ],
    "seen": 0.00578775629401207,
    "ood_max": 8.361988067626953,
    "ratio": 1444.7719708374982
  },
  "seed": 2,
  "smoke": false,
  "env": "FetchPush-v4"
}