{
  "mode": "FULL",
  "config": {
    "LADDER": [
      0,
      1,
      2,
      3
    ],
    "d_max": [
      1,
      2,
      4,
      8
    ],
    "HIDDEN": 64,
    "N_BLOCKS_TOTAL": 3,
    "TEACHER_DEGREE": 3,
    "FIRST_OK_RUNG": 2,
    "SEEDS": [
      0,
      1,
      2
    ],
    "N_TRAIN": 1500,
    "N_TEST": 400,
    "EPOCHS": 60,
    "K_OOD": 6,
    "VAR_COEF": 0.1,
    "C_INT": 0.8
  },
  "params": {
    "L0": 25112,
    "L1": 25688,
    "L2": 27736,
    "L3": 29784,
    "MLP-MP": 62304
  },
  "indist_per_seed": {
    "L0": [
      0.29701483249664307,
      0.2705412805080414,
      0.22122405469417572
    ],
    "L1": [
      0.22307731211185455,
      0.16520020365715027,
      0.1928117275238037
    ],
    "L2": [
      0.1523740142583847,
      0.27440136671066284,
      0.18987391889095306
    ],
    "L3": [
      0.20382651686668396,
      0.19962568581104279,
      0.21124453842639923
    ],
    "MLP-MP": [
      0.07105980813503265,
      0.07874101400375366,
      0.0903247520327568
    ]
  },
  "ood_ratio_per_seed": {
    "L0": [
      1.0000001337860118,
      1.0000002019565775,
      1.0000003704677898
    ],
    "L1": [
      0.9999996771420705,
      0.9999999398662518,
      0.9999997810301413
    ],
    "L2": [
      0.9999996414244824,
      0.9999990406248667,
      0.9999996468434118
    ],
    "L3": [
      1.0000000365535393,
      0.9999997387407138,
      1.0000002704028153
    ],
    "MLP-MP": [
      11.356593935410933,
      9.579879543874656,
      10.581824275577352
    ]
  },
  "se3_per_seed": {
    "L0": [
      5.048513412475586e-05,
      3.74913215637207e-05,
      4.875659942626953e-05
    ],
    "L1": [
      4.398822784423828e-05,
      1.7590820789337158e-05,
      4.722177982330322e-05
    ],
    "L2": [
      4.7773122787475586e-05,
      9.292364120483398e-05,
      0.00013768672943115234
    ],
    "L3": [
      3.230571746826172e-05,
      6.657838821411133e-05,
      3.223679959774017e-05
    ],
    "MLP-MP": [
      8.519631385803223,
      9.413429260253906,
      8.908565521240234
    ]
  },
  "perm_per_seed": {
    "L0": [
      0.0,
      0.0,
      0.0
    ],
    "L1": [
      0.0,
      0.0,
      0.0
    ],
    "L2": [
      0.0,
      0.0,
      0.0
    ],
    "L3": [
      0.0,
      0.0,
      0.0
    ],
    "MLP-MP": [
      0.0,
      0.0,
      0.0
    ]
  },
  "indist_mean": {
    "L0": 0.26292672256628674,
    "L1": 0.1936964144309362,
    "L2": 0.2055497666200002,
    "L3": 0.20489891370137533,
    "MLP-MP": 0.08004185805718105
  },
  "indist_std": {
    "L0": 0.0314064390368387,
    "L1": 0.023636510232577894,
    "L2": 0.05103572499172406,
    "L3": 0.004803606995625674,
    "MLP-MP": 0.00791848732541419
  },
  "ood_ratio_mean": {
    "L0": 1.0000002354034596,
    "L1": 0.9999997993461545,
    "L2": 0.9999994429642536,
    "L3": 1.000000015232356,
    "MLP-MP": 10.50609925162098
  },
  "se3_mean": {
    "L0": 4.5577685038248696e-05,
    "L1": 3.6266942818959556e-05,
    "L2": 9.279449780782063e-05,
    "L3": 4.370696842670441e-05,
    "MLP-MP": 8.947208722432455
  },
  "perm_mean": {
    "L0": 0.0,
    "L1": 0.0,
    "L2": 0.0,
    "L3": 0.0,
    "MLP-MP": 0.0
  },
  "recovery_gain": 1.3574165703518228,
  "gap_closed_frac": 0.3785458590090359,
  "marginal_gains": {
    "0->1": 0.06923030813535055,
    "1->2": -0.011853352189064026,
    "2->3": 0.0006508529186248779
  },
  "saturate_frac": 0.00940127143956099,
  "knee": "0->1",
  "verdict": {
    "passed": true,
    "ok_ladder_equiv": true,
    "ok_recovers": true,
    "ok_saturates": true,
    "ok_global_flat": true,
    "ok_mlp_degrades": true
  }
}