{
  "mode": "SMOKE",
  "config": {
    "N_OBJ": 2,
    "P": 24,
    "D_SCENE": 96,
    "A_SCENE_AUG": 12,
    "C_INT": 0.8,
    "N_TRAIN": 150,
    "N_TEST": 64,
    "EPOCHS": 3,
    "K_OOD": 2,
    "VAR_COEF": 0.1
  },
  "params": {
    "VN-MP": 16920,
    "VN-TP": 65304,
    "MLP-MP": 62304
  },
  "latent_std": {
    "VN-MP": 0.09298606961965561,
    "VN-TP": 0.1052112877368927,
    "MLP-MP": 0.03231306001543999
  },
  "equiv_posttrain": {
    "VN-MP": {
      "se3_comp": 2.0335428416728973e-06,
      "perm_comp": 0.0
    },
    "VN-TP": {
      "se3_comp": 1.8775463104248047e-06,
      "perm_comp": 0.0
    },
    "MLP-MP": {
      "se3_comp": 1.1692074537277222,
      "perm_comp": 0.0
    }
  },
  "indist": {
    "VN-MP": 0.8608933687210083,
    "VN-TP": 0.8909803628921509,
    "MLP-MP": 10.321676254272461
  },
  "tp_gain_vs_vnmp": 0.9662315855385643,
  "gap_closed_frac": 0.003180180174844892,
  "vntp_vs_mlp": 0.08632128551051449,
  "global_ood": {
    "VN-MP": {
      "seen": 0.8608933687210083,
      "ood": 0.8608933985233307,
      "ratio": 1.000000034617902
    },
    "VN-TP": {
      "seen": 0.8909803628921509,
      "ood": 0.8909802734851837,
      "ratio": 0.9999998996532686
    },
    "MLP-MP": {
      "seen": 10.321676254272461,
      "ood": 21.858436584472656,
      "ratio": 2.117721583781004
    }
  },
  "rel_arrange_ood": {
    "VN-MP": {
      "seen": 0.8608933687210083,
      "ood": 0.8758244514465332,
      "ratio": 1.0173437074416165
    },
    "VN-TP": {
      "seen": 0.8909803628921509,
      "ood": 0.9270449876785278,
      "ratio": 1.0404774631275935
    },
    "MLP-MP": {
      "seen": 10.321676254272461,
      "ood": 20.735313415527344,
      "ratio": 2.00890949345019
    }
  },
  "verdict": {
    "passed": false,
    "ok_vntp_equiv": true,
    "ok_vntp_closes": false,
    "ok_vntp_global": true,
    "ok_mlp_degrades": true
  }
}