{
  "verdict": {
    "G1_pass": true,
    "n_win": 1,
    "n_seeds": 1,
    "win_margins": [
      0.5413333333333333
    ],
    "eps": 0.2,
    "N": 40,
    "L": 1500,
    "smoke": false
  },
  "per_seed": {
    "10": {
      "iv_conv": 80,
      "iv_mlp": 28,
      "lambda1_conv": 1.7404082492117012,
      "lambda1_mlp": 5.740992336308587,
      "knee_budget": 19,
      "cover_mlp_budget": 54,
      "conv_arm_viol_at_knee": 0.08333333333333333,
      "mlp_iso_viol_at_knee": 0.6246666666666667,
      "win_margin": 0.5413333333333333,
      "pareto_frac_conv_below_mlp": 0.5,
      "frontier": {
        "budgets": [
          2,
          12,
          19,
          22,
          32,
          41,
          51,
          54,
          61,
          71
        ],
        "conv_arm": [
          0.9293333333333333,
          0.4226666666666667,
          0.08333333333333333,
          0.08333333333333333,
          0.08333333333333333,
          0.08333333333333333,
          0.08333333333333333,
          0.08333333333333333,
          0.08333333333333333,
          0.08333333333333333
        ],
        "mlp_iso": [
          0.9286666666666666,
          0.754,
          0.6246666666666667,
          0.5333333333333333,
          0.36866666666666664,
          0.212,
          0.016666666666666666,
          0.0,
          0.0,
          0.0
        ],
        "mlp_pkg": [
          0.948,
          0.748,
          0.6173333333333333,
          0.54,
          0.37133333333333335,
          0.20866666666666667,
          0.028,
          0.0,
          0.0,
          0.0
        ],
        "adaptive": [
          0.9586666666666667,
          0.9246666666666666,
          0.8266666666666667,
          0.7953333333333333,
          0.6373333333333333,
          0.39666666666666667,
          0.09,
          0.0026666666666666666,
          0.0,
          0.0
        ]
      }
    }
  }
}