{
  "passed": true,
  "one_step_mse": 3.26795229621869e-07,
  "horizon": 90,
  "lambda_true": {
    "conserved": null,
    "contracting": -0.2876820724517809,
    "rotor (neutral)": 0.0,
    "chaotic": 0.6931471805599453
  },
  "lambda_measured": {
    "conserved": 0.02274804732510114,
    "contracting": NaN,
    "rotor (neutral)": 0.01857117626172418,
    "chaotic": 0.6918129157592616
  },
  "eps_grid": [
    0.5,
    0.2,
    0.1,
    0.05,
    0.02,
    0.01,
    0.005
  ],
  "T_curves": {
    "conserved": [
      90,
      90,
      90,
      90,
      90,
      84,
      40
    ],
    "contracting": [
      90,
      90,
      90,
      90,
      90,
      90,
      90
    ],
    "rotor (neutral)": [
      90,
      90,
      90,
      90,
      90,
      90,
      71
    ],
    "chaotic": [
      10,
      9,
      8,
      7,
      5,
      4,
      3
    ]
  },
  "delta_curves": {
    "conserved": [
      0.0004159957062314354,
      0.0005725714876800471,
      0.0007047341457545028,
      0.0008266153848298999,
      0.0009397791440256102,
      0.0010538832057196653,
      0.0011609580025561531,
      0.0012742817604003216,
      0.0013714943586285227,
      0.001483055893428675,
      0.0016070421771547888,
      0.0017112459366878236,
      0.0018319248211307246,
      0.0019480695855745326,
      0.0020549473163034345,
      0.0021712385330043033,
      0.0022792393851713932,
      0.002375987521192126,
      0.0024992659643860307,
      0.002624267418488407,
      0.002739090885128817,
      0.0028586024461820904,
      0.0029749829585297796,
      0.0030817675285599103,
      0.0032000932542529865,
      0.0033310193337243886,
      0.0034392305984490006,
      0.003565985822179622,
      0.003684352021690369,
      0.00378529660101014,
      0.0038842774481419886,
      0.004000529709691932,
      0.004126305095582016,
      0.004226476128054912,
      0.0043334130591331415,
      0.00444722568857394,
      0.004560902707983524,
      0.004683647989274243,
      0.0047849607118666815,
      0.0048916205189177085,
      0.005010213251331462,
      0.005129299111196277,
      0.005254253106399216,
      0.005373408981933538,
      0.005492819386864954,
      0.0055934876646625544,
      0.00570677193492715,
      0.005831957377640491,
      0.005951991574557874,
      0.0060680531166760225,
      0.006179790863423986,
      0.006294949053798449,
      0.006402785529174362,
      0.006530065846026541,
      0.0066336879675495935,
      0.006742163194820061,
      0.006847874168436401,
      0.00696999484838064,
      0.007082760729390589,
      0.007196134961783907,
      0.007310344270023047,
      0.007417152571251809,
      0.007542958273872815,
      0.00766571952590406,
      0.00776628035832914,
      0.007888066133952744,
      0.00798938579850364,
      0.008113054198717438,
      0.008236803184097958,
      0.00834335283844344,
      0.008467487129451055,
      0.008579835507116891,
      0.008690724032386904,
      0.008809571134032051,
      0.00892787855681761,
      0.0090331179407375,
      0.009138163452628918,
      0.009247420493185709,
      0.009354101983385784,
      0.00946727229811992,
      0.009577952675469155,
      0.009690766436206562,
      0.009814116850945138,
      0.009944353577336274,
      0.010064099176840752,
      0.01017439550277586,
      0.010289759378547468,
      0.010401686458056407,
      0.010509167360115599,
      0.010624713907097263
    ],
    "contracting": [
      0.000337034303669631,
      0.0004265007224892348,
      0.0004705903907337676,
      0.00047915753939225636,
      0.00047946160621606333,
      0.0004744662553079022,
      0.0004739379261912601,
      0.0004727740112992881,
      0.0004685526353036938,
      0.0004710956971175235,
      0.0004683805813755001,
      0.0004714096053511123,
      0.0004694163425742008,
      0.000472410420058036,
      0.00047698566290846795,
      0.00047075661321512437,
      0.000475994513771895,
      0.00048335730988213434,
      0.0004831983849480417,
      0.00047702393685482216,
      0.0004802669077990394,
      0.0004920387078498462,
      0.00048706749933543193,
      0.0004892356275408194,
      0.0004930367075779285,
      0.0004831177915334158,
      0.0004823034311700045,
      0.0004917392417234511,
      0.0004846814768995401,
      0.000488671799820968,
      0.0004869735309887764,
      0.00048416381146427855,
      0.000485045196673449,
      0.000474789806145221,
      0.0004752706027185032,
      0.00047426835743840805,
      0.0004688533238504127,
      0.0004768491382861657,
      0.0004739573525947128,
      0.00048052049919479917,
      0.0004736419302757253,
      0.0004692196964077197,
      0.00046976777197443924,
      0.00047910137286778803,
      0.0004667592427948624,
      0.0004680756559090603,
      0.00047319101476333853,
      0.000479076248315638,
      0.0004795757623850611,
      0.00046893631909741146,
      0.0004661569147186572,
      0.0004782615590550211,
      0.0004680713055084736,
      0.0004756796238097543,
      0.00048222101379626124,
      0.0004807515473061592,
      0.0004857216763734443,
      0.0004835313020983728,
      0.0004875034246600887,
      0.0004917825794132769,
      0.0004903433884333433,
      0.00048712315273292375,
      0.0004914176404256359,
      0.00047749249993183035,
      0.0004805890307804198,
      0.0004793371288974915,
      0.00048123052822186645,
      0.00047606420601767856,
      0.0004796720727359958,
      0.00047934595555358363,
      0.0004764505042292893,
      0.0004798211781672999,
      0.00047722606060775604,
      0.0004877037820822653,
      0.000497250727988945,
      0.0004959976791883362,
      0.0004981658877890075,
      0.0004846091860595709,
      0.0004935976202742916,
      0.0004880020598879516,
      0.00048707481443860536,
      0.000474909620729806,
      0.00047693311976812155,
      0.0004804079262801355,
      0.0004812267165839699,
      0.0004889981357890102,
      0.0004863697883457678,
      0.0004770163540798917,
      0.0004772310392143484,
      0.00048344891127825206
    ],