{
  "model": "vjepa2-ac-vit-giant (official hub ckpt, authors' code; fp32 predictor loop on CUDA)",
  "d_state": 360448,
  "k": 6,
  "n_steps": 120,
  "rel_err_to_goal_frame_NOT_one_step": 0.7345965504646301,
  "runs": {
    "0": {
      "lambda1": 0.17996791005134583,
      "ci": [
        0.1387829065322876,
        0.25004761070013043
      ],
      "band": [
        0.17996791005134583,
        0.09323440492153168,
        0.09267420321702957,
        0.08274906128644943,
        0.07631723582744598,
        0.07325945794582367
      ]
    },
    "1": {
      "lambda1": 0.17674537003040314,
      "ci": [
        0.13561649322509767,
        0.24409555122256274
      ],
      "band": [
        0.17674537003040314,
        0.10741054266691208,
        0.08661798387765884,
        0.0847223624587059,
        0.07030324637889862,
        0.0696544498205185
      ]
    },
    "2": {
      "lambda1": 0.17797288298606873,
      "ci": [
        0.13499957770109178,
        0.24486725628376005
      ],
      "band": [
        0.17797288298606873,
        0.10261911898851395,
        0.09154100716114044,
        0.08483893424272537,
        0.07454561442136765,
        0.07218653708696365
      ]
    },
    "3": {
      "lambda1": 0.17572341859340668,
      "ci": [
        0.1329021394252777,
        0.24825878962874412
      ],
      "band": [
        0.17572341859340668,
        0.10696601122617722,
        0.08632037788629532,
        0.08327823132276535,
        0.08004345744848251,
        0.07888519018888474
      ]
    },
    "4": {
      "lambda1": 0.17749503254890442,
      "ci": [
        0.13589641600847244,
        0.2466207012534141
      ],
      "band": [
        0.17749503254890442,
        0.09892050176858902,
        0.08905121684074402,
        0.08444777876138687,
        0.07988377660512924,
        0.07216393202543259
      ]
    }
  },
  "q_seed_stable": true,
  "lambda1": 0.17758092284202576,
  "lambda1_ci_envelope": [
    0.1329021394252777,
    0.25004761070013043
  ],
  "cert_rows": [
    {
      "eps": 0.05,
      "T1_steps": 16.869673980796716
    },
    {
      "eps": 0.1,
      "T1_steps": 12.966398958532292
    },
    {
      "eps": 0.2,
      "T1_steps": 9.063123936267864
    },
    {
      "eps": 0.5,
      "T1_steps": 3.9032750222644252
    }
  ],
  "verdict": "EXPANSIVE \u2014 certified horizons issued",
  "scope": "fixed zero-delta-action AR frame-token loop (authors' energy-landscape rollout); fp32 CUDA precision disclosed; upstream localhost-URL goof monkeypatched",
  "smoke": false
}