{
  "passed": true,
  "gate": {
    "equivariant_flat": true,
    "baseline_degrades": true
  },
  "indist_tax_equiv_over_baseline": 4.056208402074638,
  "thetas_rad": [
    0.0,
    0.39269908169872414,
    0.7853981633974483,
    1.1780972450961724,
    1.5707963267948966,
    1.9634954084936207,
    2.356194490192345,
    2.748893571891069,
    3.141592653589793
  ],
  "equivariant": {
    "fvu": [
      0.021227288991212845,
      0.02122730202972889,
      0.021227287128567696,
      0.02122730389237404,
      0.021227288991212845,
      0.021227296441793442,
      0.021227281540632248,
      0.02122730389237404,
      0.021227288991212845
    ],
    "seen": 0.021227288991212845,
    "ood_max": 0.02122730389237404,
    "ratio": 1.00000070198136
  },
  "baseline": {
    "fvu": [
      0.005233283620327711,
      0.019925635308027267,
      0.10796807706356049,
      0.37711888551712036,
      0.9249996542930603,
      1.776580572128296,
      2.867361068725586,
      4.098302364349365,
      5.428117275238037
    ],
    "seen": 0.005233283620327711,
    "ood_max": 5.428117275238037,
    "ratio": 1037.2297144671331
  },
  "seed": 1,
  "smoke": false,
  "env": "FetchPush-v4"
}