{
  "passed": true,
  "gate": {
    "certifies_in_k_steps": true,
    "wins_at_budget_k": true,
    "auc_advantage": true
  },
  "k": 7,
  "group_size": 128,
  "n_distract": 40,
  "budget": 14,
  "certified_at_k": {
    "certificate": 1.0,
    "error": 0.0078125,
    "random": 0.01875
  },
  "auc": {
    "certificate": 0.6417410714285714,
    "error": 0.0078125,
    "random": 0.02201450892857143
  },
  "curves": {
    "certificate": [
      0.015625,
      0.03125,
      0.0625,
      0.125,
      0.25,
      0.5,
      1.0,
      1.0,
      1.0,
      1.0,
      1.0,
      1.0,
      1.0,
      1.0
    ],
    "error": [
      0.0078125,
      0.0078125,
      0.0078125,
      0.0078125,
      0.0078125,
      0.0078125,
      0.0078125,
      0.0078125,
      0.0078125,
      0.0078125,
      0.0078125,
      0.0078125,
      0.0078125,
      0.0078125
    ],
    "random": [
      0.00859375,
      0.01015625,
      0.012109375,
      0.012890625,
      0.014453125,
      0.01640625,
      0.01875,
      0.021875,
      0.025,
      0.02734375,
      0.0296875,
      0.0328125,
      0.03828125,
      0.03984375
    ]
  },
  "seed": 2,
  "smoke": false
}