{
  "verdict": {
    "G1_pass": true,
    "n_win": 1,
    "n_seeds": 1,
    "win_margins": [
      0.5399999999999999
    ],
    "eps": 0.2,
    "N": 40,
    "L": 1500,
    "smoke": false
  },
  "per_seed": {
    "14": {
      "iv_conv": 77,
      "iv_mlp": 29,
      "lambda1_conv": 1.828937860121366,
      "lambda1_mlp": 5.627817140098943,
      "knee_budget": 20,
      "cover_mlp_budget": 52,
      "conv_arm_viol_at_knee": 0.03,
      "mlp_iso_viol_at_knee": 0.57,
      "win_margin": 0.5399999999999999,
      "pareto_frac_conv_below_mlp": 0.6,
      "frontier": {
        "budgets": [
          2,
          11,
          20,
          21,
          30,
          40,
          49,
          52,
          59,
          68
        ],
        "conv_arm": [
          0.9026666666666666,
          0.4573333333333333,
          0.03,
          0.03,
          0.03,
          0.03,
          0.03,
          0.03,
          0.03,
          0.03
        ],
        "mlp_iso": [
          0.9406666666666667,
          0.7326666666666667,
          0.57,
          0.5446666666666666,
          0.36533333333333334,
          0.18733333333333332,
          0.0,
          0.0,
          0.0,
          0.0
        ],
        "mlp_pkg": [
          0.928,
          0.768,
          0.5946666666666667,
          0.5826666666666667,
          0.4026666666666667,
          0.192,
          0.022,
          0.0,
          0.0,
          0.0
        ],
        "adaptive": [
          0.9386666666666666,
          0.9206666666666666,
          0.8293333333333334,
          0.8166666666666667,
          0.648,
          0.432,
          0.15466666666666667,
          0.06,
          0.0,
          0.0
        ]
      }
    }
  }
}