{
  "mode": "FULL",
  "config": {
    "N_TRAIN": 1200,
    "EPOCHS": 50,
    "K": 24,
    "N_OOD": 4,
    "H_GOAL": 6,
    "T_MAX": 18,
    "REPLAN": 6,
    "W_T": 0.5,
    "T_SCALE": 0.8,
    "VAR_COEF": 0.1,
    "cem": {
      "H": 12,
      "n_samples": 256,
      "n_iters": 5,
      "n_elite": 25,
      "sigma0": 0.6,
      "w_run": 0.3
    }
  },
  "goal_reorient_deg": 30.692981520434795,
  "model_equiv": {
    "vn_composed": 6.109476089477539e-06,
    "mlp_composed": 5.614427089691162,
    "vn_latent_std": 0.569405734539032,
    "mlp_latent_std": 1.2054510116577148
  },
  "params": {
    "vn": 16856,
    "mlp": 124512
  },
  "exact": {
    "gids": [
      0,
      1,
      2,
      3,
      4
    ],
    "vn_ang_by_gid": {
      "0": 25.86447667253405,
      "1": 25.86447666227239,
      "2": 25.864477066596532,
      "3": 25.151944341878334,
      "4": 25.488207032073223
    },
    "mlp_ang_by_gid": {
      "0": 74.14960429441652,
      "1": 83.90842409913637,
      "2": 59.36970701987343,
      "3": 91.08629689455002,
      "4": 101.90241088108819
    },
    "vn_pos_by_gid": {
      "0": 0.53150879100883,
      "1": 0.531508788896228,
      "2": 0.5315088016892343,
      "3": 0.5200166399804561,
      "4": 0.5241199076252494
    },
    "vn_diff_max": 3.5354106977170083,
    "vn_diff_mean": -0.27220039682892544,
    "mlp_diff_mean": 9.91710542924548,
    "vn_ci": [
      -0.6300745298140025,
      -0.03138110796493668
    ],
    "mlp_ci": [
      3.799731479477836,
      15.94357848203409
    ],
    "vn_ratio_ci": [
      0.9771548045803131,
      0.9987489076969145
    ],
    "mlp_ratio_ci": [
      1.0489439626984,
      1.233927911284328
    ]
  },
  "verdict": {
    "passed": true,
    "ok_vn_flat": true,
    "ok_mlp_degrades": true,
    "ok_separated": true,
    "ok_equiv": true
  },
  "stat": {
    "vn_ang_by_gid": {
      "0": 31.75323407170856,
      "1": 28.990149177567456,
      "2": 27.548473864773726,
      "3": 28.840835706842785,
      "4": 27.100336625923234
    },
    "mlp_ang_by_gid": {
      "0": 83.08302402891574,
      "1": 99.39933102179161,
      "2": 74.68231859036831,
      "3": 114.92107680485066,
      "4": 126.67267963638119
    },
    "vn_ci": [
      -6.071557217512775,
      -1.3138117219717054
    ],
    "mlp_ci": [
      14.576826777871243,
      27.092614753127314
    ],
    "vn_diff_mean": -3.6332852279317627,
    "mlp_diff_mean": 20.8358274844322
  }
}