{
  "mode": "FULL",
  "config": {
    "N_TRAIN": 1500,
    "EPOCHS": 60,
    "K_HEAD": 3,
    "K_SWEEP": [
      3,
      4,
      5
    ],
    "K_TASKS": 24,
    "K_SWEEP_TASKS": 18,
    "SWEEP_SEEDS": [
      0,
      7000
    ],
    "N_OOD": 3,
    "BETA": 10.0,
    "EPS0_HEAD": 0.15,
    "T_MAX": 30,
    "REPLAN": 4,
    "W_T": 2.0,
    "DELTA_FRAC": 0.6,
    "cem": {
      "H": 12,
      "n_samples": 256,
      "n_iters": 5,
      "n_elite": 25,
      "sigma0": 0.6,
      "w_run": 0.3
    }
  },
  "params": {
    "VN": 16856,
    "MLP": 124512
  },
  "equivariance": {
    "VN": {
      "enc": 7.62939453125e-06,
      "pred": 1.1920928955078125e-06
    },
    "MLP": {
      "enc": 4.04638147354126,
      "pred": 1.1980957984924316
    }
  },
  "hedge_floor": 0.7796325177550617,
  "task_win": {
    "K": 3,
    "eps0": 0.15,
    "reward_pos": 0.6845498988701723,
    "reward_pos_ci": [
      0.5866810118236431,
      0.7788121652193918
    ],
    "efe_pos": 0.3867455610949329,
    "efe_pos_ci": [
      0.314780675933761,
      0.45857252925676406
    ],
    "oracle_pos": 0.3758233056701754,
    "oracle_pos_ci": [
      0.31257029298184935,
      0.43696900939773103
    ],
    "reward_ang": 32.708655653750554,
    "efe_ang": 19.666435904385676,
    "oracle_ang": 18.357633961536948,
    "efe_n_sense": 10.625,
    "efe_p_true": 0.9962117068771251,
    "drop_mean": 0.29780433777523946,
    "drop_ci": [
      0.2044243517799742,
      0.40040390682442273
    ],
    "ratio_mean": 0.5649632871661279,
    "ratio_ci": [
      0.4614926386768481,
      0.6713744925957451
    ],
    "oracle_gap_mean": 0.010922255424757504,
    "oracle_gap_ci": [
      -0.06162401510534417,
      0.08916436594088616
    ],
    "reward_oracle_gap": 0.30872659319999685
  },
  "k_sweep": [
    {
      "K": 3,
      "n_tasks": 18,
      "efe_pos": 0.36769178189330276,
      "efe_pos_ci": [
        0.2823887516307388,
        0.46117836223913716
      ],
      "reward_pos": 0.6182572541371717,
      "oracle_pos": 0.32573395949104833,
      "ratio": 0.594722956233561,
      "ratio_ci": [
        0.4463803558708704,
        0.7694926409332585
      ],
      "drop_lo": 0.12841585919655887,
      "won": true
    },
    {
      "K": 4,
      "n_tasks": 18,
      "efe_pos": 0.5457169065567351,
      "efe_pos_ci": [
        0.42503955921909603,
        0.6895357083174248
      ],
      "reward_pos": 0.7658840175300796,
      "oracle_pos": 0.34375257771477585,
      "ratio": 0.7125320467146351,
      "ratio_ci": [
        0.5379609337999216,
        0.9094485008389124
      ],
      "drop_lo": 0.07128461113036452,
      "won": true
    },
    {
      "K": 5,
      "n_tasks": 18,
      "efe_pos": 0.3961272802071599,
      "efe_pos_ci": [
        0.30952223424391523,
        0.4763460015512266
      ],
      "reward_pos": 0.7151059090516799,
      "oracle_pos": 0.3802515338541298,
      "ratio": 0.5539421156965048,
      "ratio_ci": [
        0.40231004461751396,
        0.7489160313111819
      ],
      "drop_lo": 0.14554439276305825,
      "won": true
    }
  ],
  "no_free_lunch": {
    "eps0": 0.6666666666666666,
    "efe_pos": 0.8289914529605102,
    "reward_pos": 0.8289914529605102,
    "ratio": 1.0,
    "ratio_ci": [
      1.0,
      1.0
    ],
    "drop_lo": 0.0,
    "won": false
  },
  "affordance_collapse": {
    "efe_pos": 0.6481579006709622,
    "reward_pos": 0.5207306470162875,
    "ratio": 1.2447085732034686,
    "ratio_ci": [
      0.9769382789257592,
      1.5823149558963063
    ],
    "drop_lo": -0.27880422973545865,
    "efe_n_sense": 25.333333333333332,
    "reward_n_sense": 17.166666666666668,
    "won": false
  },
  "invariance": {
    "ig_field": {
      "VN": 6.020558310115831e-06,
      "MLP": 0.28719053202104694
    },
    "outcome": {
      "VN": {
        "pos": 2.599748483156361e-08,
        "ang": 1.8528689054164715e-06
      },
      "MLP": {
        "pos": 1.0168730539532043,
        "ang": 48.69653586424326
      }
    },
    "plan_equiv": 1.9395247186082543e-08
  },
  "verdict": {
    "passed": true,
    "ok_task_win": true,
    "ok_near_oracle": true,
    "ok_k_sweep": true,
    "ok_no_free_lunch": true,
    "ok_affordance": true,
    "ok_vn_inv": true,
    "ok_mlp_breaks": true,
    "ok_equiv": true
  }
}