{
  "mode": "FULL",
  "config": {
    "SEEDS": [
      0,
      1,
      2
    ],
    "N_TRAIN": 1200,
    "EPOCHS": 40,
    "NCOPY": 12,
    "K": 96,
    "N_OOD": 4,
    "H_GOAL": 6,
    "T_MAX": 18,
    "REPLAN": 6,
    "W_T": 0.5,
    "t_scale": 0.0,
    "cem": {
      "H": 12,
      "n_samples": 256,
      "n_iters": 5,
      "n_elite": 25,
      "sigma0": 0.6,
      "w_run": 0.3
    }
  },
  "params": {
    "vn": 16856,
    "mlp": 124512
  },
  "per_seed": {
    "VN (exact)": {
      "ratio": [
        1.0001880294140453,
        0.9999359931117296,
        1.0002013352491284
      ],
      "eq": [
        1.239776611328125e-05,
        6.020069122314453e-06,
        6.102025508880615e-06
      ]
    },
    "MLP (no aug)": {
      "ratio": [
        1.441044081893816,
        1.4122789459035205,
        1.350724274169557
      ],
      "eq": [
        4.4255499839782715,
        4.639822959899902,
        4.130471229553223
      ]
    },
    "MLP+aug": {
      "ratio": [
        0.9866081564122319,
        1.2283787263739319,
        0.9983987312040886
      ],
      "eq": [
        12.665943145751953,
        9.051056861877441,
        12.336181640625
      ]
    }
  },
  "agg": {
    "VN (exact)": {
      "eq": [
        8.17328691482544e-06,
        2.987345263603805e-06
      ],
      "ratio": [
        1.0001084525916344,
        0.00012206819260447374
      ],
      "pooled_ratio_ci": [
        1.0001087094234526,
        0.9996410543301211,
        1.0005464695710566
      ],
      "sign": [
        144,
        288,
        1.0
      ],
      "perm_p": 0.6594670266486675,
      "max_d": 1.5093475449403968
    },
    "MLP (no aug)": {
      "eq": [
        4.398614724477132,
        0.20881239978360872
      ],
      "ratio": [
        1.4013491006556311,
        0.037674156081624256
      ],
      "pooled_ratio_ci": [
        1.401461109552961,
        1.360863909732074,
        1.4440172740969162
      ],
      "sign": [
        268,
        288,
        1.4005950723934236e-56
      ],
      "perm_p": 4.999750012499375e-05,
      "max_d": 57.60536498395647
    },
    "MLP+aug": {
      "eq": [
        11.351060549418131,
        1.6319106153200666
      ],
      "ratio": [
        1.0711285379967508,
        0.11129681253888868
      ],
      "pooled_ratio_ci": [
        1.0611194917977365,
        1.0079124509908974,
        1.1191974577497832
      ],
      "sign": [
        164,
        288,
        0.02139383755557328
      ],
      "perm_p": 0.023548822558872057,
      "max_d": 21.856036119439175
    }
  },
  "verdict": "EXACTNESS_BUYS_CLOSED_LOOP_WIN"
}