{
  "mode": "SMOKE",
  "config": {
    "N_TRAIN": 200,
    "N_TEST": 80,
    "ENC_EPOCHS": 3,
    "PRED_EPOCHS": 8,
    "DISC_STEPS": 500,
    "K_TRUE": 3,
    "K_BROKEN": 1,
    "THETA_MAX": 1.2,
    "N_THETA": 2,
    "LAMBDA_LADDER": [
      0.0,
      0.3,
      1.0,
      3.0
    ],
    "BREAK_BETA": 0.3
  },
  "discovery": {
    "true_residual": 3.6717574510361506e-13,
    "frac_in_so3": 0.9999998211860657,
    "antisym_frac": 1.3044465276834671e-06,
    "closure_resid": 2.1379606209805105e-06,
    "struct_const_norm": 1.7320506010923187,
    "broken_residual": 0.0001325412595178932,
    "broken_axis_align": 0.9980331659317017
  },
  "vn_composed_resid": 6.362795829772949e-06,
  "arms": {
    "VN": {
      "bins": {
        "z 45 (seen wedge)": 0.7885347604751587,
        "z 180 (OOD angle, on-axis)": 0.7885345816612244,
        "x 90  (OOD axis)": 0.7885345220565796,
        "y 90  (OOD axis)": 0.7885345816612244,
        "random SO(3) x8": 0.7885345742106438
      },
      "seen": 0.7885347604751587,
      "ood": 0.7885345816612244,
      "offaxis": 0.7885345816612244,
      "ratio": 0.9999997732326547,
      "zood": 0.7885345816612244,
      "equiv": 1.341104507446289e-07
    },
    "free": {
      "bins": {
        "z 45 (seen wedge)": 2.6410481929779053,
        "z 180 (OOD angle, on-axis)": 7.644275665283203,
        "x 90  (OOD axis)": 4.590576648712158,
        "y 90  (OOD axis)": 3.5946569442749023,
        "random SO(3) x8": 3.641093134880066
      },
      "seen": 2.6410481929779053,
      "ood": 7.644275665283203,
      "offaxis": 4.590576648712158,
      "ratio": 2.8944097595825866,
      "zood": 7.644275665283203,
      "equiv": 0.6331650018692017
    },
    "disc_so3_lam0.0": {
      "bins": {
        "z 45 (seen wedge)": 2.6410481929779053,
        "z 180 (OOD angle, on-axis)": 7.644275665283203,
        "x 90  (OOD axis)": 4.590576648712158,
        "y 90  (OOD axis)": 3.5946569442749023,
        "random SO(3) x8": 3.641093134880066
      },
      "seen": 2.6410481929779053,
      "ood": 7.644275665283203,
      "offaxis": 4.590576648712158,
      "ratio": 2.8944097595825866,
      "zood": 7.644275665283203,
      "equiv": 0.6506631374359131
    },
    "disc_so3_lam0.3": {
      "bins": {
        "z 45 (seen wedge)": 2.415969133377075,
        "z 180 (OOD angle, on-axis)": 5.121017932891846,
        "x 90  (OOD axis)": 3.35501766204834,
        "y 90  (OOD axis)": 2.910583972930908,
        "random SO(3) x8": 2.9028432071208954
      },
      "seen": 2.415969133377075,
      "ood": 5.121017932891846,
      "offaxis": 3.35501766204834,
      "ratio": 2.1196537083789706,
      "zood": 5.121017932891846,
      "equiv": 0.6377304792404175
    },
    "disc_so3_lam1.0": {
      "bins": {
        "z 45 (seen wedge)": 2.385887384414673,
        "z 180 (OOD angle, on-axis)": 4.383574485778809,
        "x 90  (OOD axis)": 3.1634740829467773,
        "y 90  (OOD axis)": 2.7560486793518066,
        "random SO(3) x8": 2.744713217020035
      },
      "seen": 2.385887384414673,
      "ood": 4.383574485778809,
      "offaxis": 3.1634740829467773,
      "ratio": 1.8372931238974743,
      "zood": 4.383574485778809,
      "equiv": 0.5393155813217163
    },
    "disc_so3_lam3.0": {
      "bins": {
        "z 45 (seen wedge)": 2.4925575256347656,
        "z 180 (OOD angle, on-axis)": 3.9615774154663086,
        "x 90  (OOD axis)": 3.0883381366729736,
        "y 90  (OOD axis)": 2.8348214626312256,
        "random SO(3) x8": 2.773509442806244
      },
      "seen": 2.4925575256347656,
      "ood": 3.9615774154663086,
      "offaxis": 3.0883381366729736,
      "ratio": 1.5893624819982584,
      "zood": 3.9615774154663086,
      "equiv": 0.4622960090637207
    },
    "oracle_so3": {
      "bins": {
        "z 45 (seen wedge)": 2.5764338970184326,
        "z 180 (OOD angle, on-axis)": 4.11646032333374,
        "x 90  (OOD axis)": 3.173072099685669,
        "y 90  (OOD axis)": 2.782471179962158,
        "random SO(3) x8": 2.8306573033332825
      },
      "seen": 2.5764338970184326,
      "ood": 4.11646032333374,
      "offaxis": 3.173072099685669,
      "ratio": 1.5977356640500253,
      "zood": 4.11646032333374,
      "equiv": 0.5324175953865051
    },
    "disc_so2z": {
      "bins": {
        "z 45 (seen wedge)": 3.7951605319976807,
        "z 180 (OOD angle, on-axis)": 4.212059497833252,
        "x 90  (OOD axis)": 4.616313457489014,
        "y 90  (OOD axis)": 4.29498291015625,
        "random SO(3) x8": 4.199246495962143
      },
      "seen": 3.7951605319976807,
      "ood": 4.616313457489014,
      "offaxis": 4.616313457489014,
      "ratio": 1.216368429890658,
      "zood": 4.212059497833252,
      "equiv": 0.7724019885063171
    }
  },
  "dial": [
    {
      "lambda": 0.0,
      "seen": 2.6410481929779053,
      "ood": 7.644275665283203,
      "ratio": 2.8944097595825866,
      "equiv": 0.6506631374359131
    },
    {
      "lambda": 0.3,
      "seen": 2.415969133377075,
      "ood": 5.121017932891846,
      "ratio": 2.1196537083789706,
      "equiv": 0.6377304792404175
    },
    {
      "lambda": 1.0,
      "seen": 2.385887384414673,
      "ood": 4.383574485778809,
      "ratio": 1.8372931238974743,
      "equiv": 0.5393155813217163
    },
    {
      "lambda": 3.0,
      "seen": 2.4925575256347656,
      "ood": 3.9615774154663086,
      "ratio": 1.5893624819982584,
      "equiv": 0.4622960090637207
    }
  ],
  "lambda_star": 3.0,
  "gap_closed": 0.5371699725671781,
  "resid_drop": 1.369609491441509,
  "broken": {
    "z_help": 0.44899167922966254,
    "offaxis_help": -0.005606443535601498
  },
  "verdict": {
    "passed": false,
    "ok_discovery": true,
    "ok_vn": true,
    "ok_free": true,
    "ok_method": false,
    "ok_oracle": true,
    "ok_partial": true,
    "soft_not_hard": true
  }
}