{
  "mode": "FULL",
  "config": {
    "SEEDS": [
      0,
      1,
      2
    ],
    "N_TRAIN": 1500,
    "EPOCHS": 80,
    "MAXLEN": 8,
    "WORDS": 24
  },
  "relmse_mean": {
    "E0-base": {
      "0": 0.26251835624376935,
      "1": 0.26251836866140366,
      "2": 0.26251835582984817,
      "3": 0.26251835293240017,
      "4": 0.2625183550020059,
      "5": 0.26251837693982655,
      "6": 0.26251836493611336,
      "7": 0.26251837900943226,
      "8": 0.26251835293240017
    },
    "MLP-MP": {
      "0": 0.09300294270118077,
      "1": 0.4487050915550854,
      "2": 0.8050225806526012,
      "3": 0.9025898912093706,
      "4": 1.0804630326521065,
      "5": 1.0111424276191328,
      "6": 1.1441433453518484,
      "7": 1.1281151639090643,
      "8": 1.1983562811381288
    }
  },
  "eq_ratio_max": 1.0000000867202707,
  "mlp_ratio_max": 12.885143699038185,
  "jacobian_spectrum": [
    48.990901947021484,
    33.73487854003906,
    27.033676147460938,
    22.566770553588867,
    18.21010398864746,
    14.98984146118164,
    10.988593101501465,
    8.731552124023438,
    7.486717224121094,
    6.628986835479736,
    5.291698932647705,
    4.362438201904297,
    2.4465675354003906,
    2.0082149505615234,
    1.7496434450149536,
    1.5846916437149048,
    1.4707292318344116,
    1.3959789276123047,
    1.303681492805481,
    1.23540198802948,
    1.1825623512268066,
    1.1455014944076538,
    1.1153866052627563,
    1.092936396598816,
    1.0846424102783203,
    1.0704187154769897,
    1.0615257024765015,
    1.0533186197280884,
    1.0466151237487793,
    1.0414774417877197,
    1.0370513200759888,
    1.032715916633606,
    1.0294549465179443,
    1.0262643098831177,
    1.0231804847717285,
    1.0207926034927368,
    1.0187770128250122,
    1.0169936418533325,
    1.014837622642517,
    1.0129460096359253,
    1.011190414428711,
    1.0092926025390625,
    1.0076957941055298,
    1.0058749914169312,
    1.0043362379074097,
    1.0026448965072632,
    1.0017094612121582,
    1.000154972076416,
    0.9984750747680664,
    0.9971908926963806,
    0.9956390857696533,
    0.9940814971923828,
    0.9919988512992859,
    0.9901762008666992,
    0.9882972836494446,
    0.9862988591194153,
    0.9836441874504089,
    0.9811082482337952,
    0.9784200191497803,
    0.975412905216217,
    0.9704415798187256,
    0.966624915599823,
    0.9600165486335754,
    0.9522131085395813,
    0.9424349665641785,
    0.9235804080963135,
    0.905700147151947,
    0.870488166809082,
    0.8400046229362488,
    0.7957583069801331,
    0.7569077610969543,
    0.7070954442024231,
    0.6693930625915527,
    0.6188778281211853,
    0.5695764422416687,
    0.51812344789505,
    0.47602832317352295,
    0.4355711042881012,
    0.38936007022857666,
    0.35227012634277344,
    0.30721381306648254,
    0.26512596011161804,
    0.22862321138381958,
    0.1912814825773239,
    0.13560816645622253,
    0.11473732441663742,
    0.09350021928548813,
    0.07553166151046753,
    0.056097935885190964,
    0.04173550382256508,
    0.028517194092273712,
    0.021809769794344902,
    0.014727510511875153,
    0.009940548799932003,
    0.0050498670898377895,
    0.002538752043619752
  ],
  "n_slow": 48,
  "n_fast": 48,
  "invariant_energy": 1.1598507165908813,
  "direction_energy": 0.5731687545776367,
  "verdict": {
    "passed": true,
    "ok_cert": true,
    "ok_mlp": true
  }
}