{
  "verdict": {
    "G1_pass": true,
    "n_win": 7,
    "n_seeds": 10,
    "win_margins": [
      0.29000000000000004,
      0.364,
      0.18466666666666665,
      0.03333333333333334,
      0.049999999999999996,
      0.18133333333333335,
      0.018666666666666668,
      0.28733333333333333,
      0.18,
      0.38
    ],
    "eps": 0.2,
    "N": 24,
    "L": 1500,
    "smoke": false
  },
  "per_seed": {
    "5": {
      "iv_conv": 181,
      "iv_mlp": 95,
      "lambda1_conv": 0.3722961143705224,
      "lambda1_mlp": 0.8510845418322607,
      "knee_budget": 9,
      "conv_arm_viol_at_knee": 0.011333333333333334,
      "mlp_iso_viol_at_knee": 0.30133333333333334,
      "win_margin": 0.29000000000000004,
      "pareto_frac": 0.5555555555555556,
      "frontier": {
        "budgets": [
          2,
          5,
          7,
          9,
          10,
          13,
          16,
          18,
          21
        ],
        "conv_arm": [
          0.7373333333333333,
          0.36933333333333335,
          0.07933333333333334,
          0.011333333333333334,
          0.011333333333333334,
          0.011333333333333334,
          0.011333333333333334,
          0.011333333333333334,
          0.011333333333333334
        ],
        "mlp_iso": [
          0.7286666666666667,
          0.6486666666666666,
          0.4046666666666667,
          0.30133333333333334,
          0.30666666666666664,
          0.06733333333333333,
          0.0,
          0.0,
          0.0
        ]
      }
    },
    "6": {
      "iv_conv": 221,
      "iv_mlp": 105,
      "lambda1_conv": 0.29593303603021937,
      "lambda1_mlp": 0.765321218750618,
      "knee_budget": 7,
      "conv_arm_viol_at_knee": 0.050666666666666665,
      "mlp_iso_viol_at_knee": 0.4146666666666667,
      "win_margin": 0.364,
      "pareto_frac": 0.625,
      "frontier": {
        "budgets": [
          2,
          5,
          7,
          10,
          12,
          15,
          17,
          20
        ],
        "conv_arm": [
          0.7126666666666667,
          0.246,
          0.050666666666666665,
          0.050666666666666665,
          0.050666666666666665,
          0.050666666666666665,
          0.050666666666666665,
          0.050666666666666665
        ],
        "mlp_iso": [
          0.8373333333333334,
          0.5793333333333334,
          0.4146666666666667,
          0.146,
          0.054,
          0.0,
          0.0,
          0.0
        ]
      }
    },
    "7": {
      "iv_conv": 179,
      "iv_mlp": 118,
      "lambda1_conv": 0.37693064449641617,
      "lambda1_mlp": 0.6792473412904788,
      "knee_budget": 9,
      "conv_arm_viol_at_knee": 0.023333333333333334,
      "mlp_iso_viol_at_knee": 0.208,
      "win_margin": 0.18466666666666665,
      "pareto_frac": 0.6666666666666666,
      "frontier": {
        "budgets": [
          2,
          4,
          6,
          8,
          9,
          11,
          13,
          15,
          17
        ],
        "conv_arm": [
          0.7493333333333333,
          0.5426666666666666,
          0.246,
          0.06933333333333333,
          0.023333333333333334,
          0.023333333333333334,
          0.023333333333333334,
          0.023333333333333334,
          0.023333333333333334
        ],
        "mlp_iso": [
          0.828,
          0.666,
          0.45466666666666666,
          0.34,
          0.208,
          0.051333333333333335,
          0.0,
          0.0,
          0.0
        ]
      }
    },
    "8": {
      "iv_conv": 181,
      "iv_mlp": 146,
      "lambda1_conv": 0.3363582012588481,
      "lambda1_mlp": 0.5506188778712492,
      "knee_budget": 9,
      "conv_arm_viol_at_knee": 0.021333333333333333,
      "mlp_iso_viol_at_knee": 0.05466666666666667,
      "win_margin": 0.03333333333333334,
      "pareto_frac": 0.625,
      "frontier": {
        "budgets": [
          2,
          4,
          6,
          8,
          9,
          11,
          13,
          15
        ],
        "conv_arm": [
          0.7526666666666667,
          0.5266666666666666,
          0.27,
          0.021333333333333333,
          0.021333333333333333,
          0.021333333333333333,
          0.021333333333333333,
          0.021333333333333333
        ],
        "mlp_iso": [
          0.802,
          0.5493333333333333,
          0.33266666666666667,
          0.114,
          0.05466666666666667,
          0.0,
          0.0,
          0.0
        ]
      }
    },
    "9": {
      "iv_conv": 189,
      "iv_mlp": 165,
      "lambda1_conv": 0.3439133214746464,
      "lambda1_mlp": 0.4867379706974828,
      "knee_budget": 8,
      "conv_arm_viol_at_knee": 0.03333333333333333,
      "mlp_iso_viol_at_knee": 0.08333333333333333,
      "win_margin": 0.049999999999999996,
      "pareto_frac": 0.625,
      "frontier": {
        "budgets": [
          2,
          4,
          5,
          7,
          8,
          10,
          11,
          13
        ],
        "conv_arm": [
          0.6966666666666667,
          0.39466666666666667,
          0.386,
          0.084,
          0.03333333333333333,
          0.03333333333333333,
          0.03333333333333333,
          0.03333333333333333
        ],
        "mlp_iso": [
          0.7286666666666667,
          0.512,
          0.38866666666666666,
          0.14466666666666667,
          0.08333333333333333,
          0.021333333333333333,
          0.021333333333333333,
          0.021333333333333333
        ]
      }
    },
    "10": {
      "iv_conv": 178,
      "iv_mlp": 110,
      "lambda1_conv": 0.3607930206785677,
      "lambda1_mlp": 0.7325853258183351,
      "knee_budget": 9,
      "conv_arm_viol_at_knee": 0.035333333333333335,
      "mlp_iso_viol_at_knee": 0.21666666666666667,
      "win_margin": 0.18133333333333335,
      "pareto_frac": 0.625,
      "frontier": {
        "budgets": [
          2,
          4,
          7,
          9,
          12,
          14,
          17,
          19
        ],
        "conv_arm": [
          0.7453333333333333,
          0.5613333333333334,
          0.13333333333333333,
          0.035333333333333335,
          0.035333333333333335,
          0.035333333333333335,
          0.035333333333333335,
          0.035333333333333335
        ],
        "mlp_iso": [
          0.776,
          0.6653333333333333,
          0.428,
          0.21666666666666667,
          0.036,
          0.0,
          0.0,
          0.0
        ]
      }
    },
    "11": {
      "iv_conv": 136,
      "iv_mlp": 176,
      "lambda1_conv": 0.5032226576964672,
      "lambda1_mlp": 0.45810312039121986,
      "knee_budget": 12,
      "conv_arm_viol_at_knee": 0.0,
      "mlp_iso_viol_at_knee": 0.018666666666666668,
      "win_margin": 0.018666666666666668,
      "pareto_frac": 0.25,
      "frontier": {
        "budgets": [
          2,
          3,
          5,
          6,
          8,
          9,
          11,
          12
        ],
        "conv_arm": [
          0.684,
          0.658,
          0.49866666666666665,
          0.38533333333333336,
          0.238,
          0.15466666666666667,
          0.0,
          0.0
        ],
        "mlp_iso": [
          0.6786666666666666,
          0.5813333333333334,
          0.37333333333333335,
          0.27666666666666667,
          0.04466666666666667,
          0.018666666666666668,
          0.018666666666666668,
          0.018666666666666668
        ]
      }
    },
    "12": {
      "iv_conv": 204,
      "iv_mlp": 119,
      "lambda1_conv": 0.3274690817741962,
      "lambda1_mlp": 0.6763134883746479,
      "knee_budget": 8,
      "conv_arm_viol_at_knee": 0.024,
      "mlp_iso_viol_at_knee": 0.31133333333333335,
      "win_margin": 0.28733333333333333,
      "pareto_frac": 0.625,
      "frontier": {
        "budgets": [
          2,
          4,
          6,
          8,
          11,
          13,
          15,
          17
        ],