{
  "passed": true,
  "gate": {
    "equivariant_flat": true,
    "baseline_degrades": true
  },
  "equivariant": {
    "ratio": 1.000000091655324,
    "by_theta": {
      "0.0": 0.1380221510771662,
      "0.5235987755982988": 0.1380221157645186,
      "1.0471975511965976": 0.13802208239212632,
      "1.5707963267948966": 0.13802210544236004,
      "2.0943951023931953": 0.13802216372763118,
      "2.6179938779914944": 0.13802202930673957,
      "3.141592653589793": 0.1380221510771662
    },
    "seen": 0.1380221510771662
  },
  "baseline": {
    "ratio": 8.484891844776937,
    "by_theta": {
      "0.0": 0.18909743055701256,
      "0.5235987755982988": 0.34389712040623027,
      "1.0471975511965976": 0.8373869334657987,
      "1.5707963267948966": 1.0959989378849666,
      "2.0943951023931953": 1.0762546012798946,
      "2.6179938779914944": 1.105083281795184,
      "3.141592653589793": 1.604471246401469
    },
    "seen": 0.18909743055701256
  },
  "seed": 1,
  "smoke": false,
  "env": "FetchPush-v4"
}