{
  "passed": true,
  "structure_helps": true,
  "N": 40,
  "F": 8.0,
  "dt_map": 0.01,
  "seed": 1,
  "smoke": false,
  "lambda1_true": 1.6140930061039256,
  "n_positive_true": 12,
  "ky_true": 26.52315895154455,
  "sum_true": -39.9999722438216,
  "liouville_target": -40,
  "lambda_true": [
    1.6140930061039256,
    1.3656422169312668,
    1.3141517799352067,
    1.0517533806330455,
    0.98212103876417,
    0.7413050523318603,
    0.6622643817877574,
    0.6074235509074252,
    0.45254014546065124,
    0.34769218939234653,
    0.30437170522596974,
    0.22340268616871142,
    -0.03408190210306145,
    -0.07867229267336788,
    -0.09028984480134268,
    -0.21220476006664982,
    -0.34306437455240746,
    -0.4456368104987349,
    -0.6167836012401369,
    -0.6905084640315748,
    -0.8073026324440634,
    -0.8737391015860461,
    -1.039306169975677,
    -1.0933693542653826,
    -1.2667493880122098,
    -1.328387696201716,
    -1.4272234833898005,
    -1.6845313980939987,
    -1.8266652505409018,
    -1.914626897613097,
    -2.152548596082942,
    -2.329828498090153,
    -2.5293689244768887,
    -2.9928226989339737,
    -3.1720183492132463,
    -3.512063939422747,
    -3.925615834484569,
    -4.093571196544812,
    -4.489041181858195,
    -4.696710736266244
  ],
  "equivariant": {
    "kind": "conv",
    "one_step_relmse": 1.1623691477357898e-05,
    "lambda1": 1.642053390788689,
    "lambda1_relerr": 0.017322660205469655,
    "sum": -38.44943478718804,
    "n_positive": 13,
    "ky": 26.994543665879657,
    "spectrum_r2": 0.995211166719633,
    "lambda_learned": [
      1.642053390788689,
      1.5955009094431887,
      1.2452687429647153,
      1.1614164999158934,
      0.979124138186219,
      0.8054130004995166,
      0.6580105023390381,
      0.5489566171979385,
      0.3841452576798838,
      0.23865411411763135,
      0.23314587109261636,
      0.08350873093891256,
      0.026888551991514117,
      -0.0040308704309656666,
      -0.05551894216231096,
      -0.1386899065862714,
      -0.2787361909893865,
      -0.30893111478641677,
      -0.5851664001169535,
      -0.740839767291788,
      -0.767744284018824,
      -0.8709657018119465,
      -0.9033804503803867,
      -1.0691312792964744,
      -1.0790524047897452,
      -1.3686904736364252,
      -1.4390605359614677,
      -1.506499886775364,
      -1.6959019223309346,
      -1.7192410064639565,
      -2.0137530702439563,
      -2.2916093427427215,
      -2.41659053923033,
      -2.6006630520720218,
      -3.1102590989500474,
      -3.5957803858035704,
      -4.075417950895382,
      -4.191744171493614,
      -4.536903219992623,
      -4.687219145089914
    ]
  },
  "mlp": {
    "kind": "mlp",
    "one_step_relmse": 1.2738633330580643e-05,
    "lambda1": 5.884282157306537,
    "lambda1_relerr": 2.6455657357130447,
    "sum": -39.28875191661181,
    "n_positive": 18,
    "ky": 35.48121625212948,
    "spectrum_r2": -1.4153052621408868,
    "lambda_learned": [
      5.884282157306537,
      5.474427023144976,
      4.84582046439196,
      4.34555804793948,
      4.301967182319947,
      4.049054626089839,
      3.721342590250659,
      3.3006210682810457,
      2.9846623501567753,
      2.937093359208076,
      2.635758165894064,
      1.958962431263179,
      1.6008990649981734,
      1.5753482179397649,
      0.9445751078834719,
      0.6521892394091353,
      0.3950493081171336,
      0.021774152889262672,
      -0.2609538886056075,
      -0.49509565798056665,
      -0.6746036820661508,
      -0.8591048091940668,
      -1.3806806616923373,
      -1.4160167768407763,
      -2.0977654696842594,
      -2.3763393694173502,
      -2.561115691792213,
      -3.0058962035253733,
      -3.16600540843243,
      -3.7516646859248657,
      -4.220852010176716,
      -4.629469758762783,
      -5.271997905281401,
      -5.755919286672201,
      -6.345098392567977,
      -6.983980453682015,
      -7.587256858888455,
      -8.228101593409617,
      -9.351016266189118,
      -10.49920164330901
    ]
  },
  "gate": {
    "equivariant_recovers": true,
    "structure_helps": true
  }
}