{
  "verdict": {
    "G1_pass": true,
    "n_win": 1,
    "n_seeds": 1,
    "win_margins": [
      0.6133333333333333
    ],
    "eps": 0.2,
    "N": 40,
    "L": 1500,
    "smoke": false
  },
  "per_seed": {
    "9": {
      "iv_conv": 85,
      "iv_mlp": 28,
      "lambda1_conv": 1.6422122047339178,
      "lambda1_mlp": 5.834045983234336,
      "knee_budget": 18,
      "cover_mlp_budget": 54,
      "conv_arm_viol_at_knee": 0.043333333333333335,
      "mlp_iso_viol_at_knee": 0.6566666666666666,
      "win_margin": 0.6133333333333333,
      "pareto_frac_conv_below_mlp": 0.6,
      "frontier": {
        "budgets": [
          2,
          12,
          18,
          22,
          32,
          41,
          51,
          54,
          61,
          71
        ],
        "conv_arm": [
          0.8586666666666667,
          0.33266666666666667,
          0.043333333333333335,
          0.043333333333333335,
          0.043333333333333335,
          0.043333333333333335,
          0.043333333333333335,
          0.043333333333333335,
          0.043333333333333335,
          0.043333333333333335
        ],
        "mlp_iso": [
          0.898,
          0.6713333333333333,
          0.6566666666666666,
          0.552,
          0.382,
          0.18866666666666668,
          0.01,
          0.0,
          0.0,
          0.0
        ],
        "mlp_pkg": [
          0.9326666666666666,
          0.756,
          0.6373333333333333,
          0.55,
          0.36466666666666664,
          0.18866666666666668,
          0.018666666666666668,
          0.0,
          0.0,
          0.0
        ],
        "adaptive": [
          0.904,
          0.8766666666666667,
          0.7993333333333333,
          0.8006666666666666,
          0.6113333333333333,
          0.3606666666666667,
          0.078,
          0.006666666666666667,
          0.0,
          0.0
        ]
      }
    }
  }
}