{
  "verdict": {
    "G1_pass": true,
    "n_win": 1,
    "n_seeds": 1,
    "win_margins": [
      0.45133333333333336
    ],
    "eps": 0.2,
    "N": 40,
    "L": 1500,
    "smoke": false
  },
  "per_seed": {
    "6": {
      "iv_conv": 89,
      "iv_mlp": 29,
      "lambda1_conv": 1.5796589744166807,
      "lambda1_mlp": 5.511798880292741,
      "knee_budget": 17,
      "cover_mlp_budget": 52,
      "conv_arm_viol_at_knee": 0.18533333333333332,
      "mlp_iso_viol_at_knee": 0.6366666666666667,
      "win_margin": 0.45133333333333336,
      "pareto_frac_conv_below_mlp": 0.6,
      "frontier": {
        "budgets": [
          2,
          11,
          17,
          21,
          30,
          40,
          49,
          52,
          59,
          68
        ],
        "conv_arm": [
          0.906,
          0.48333333333333334,
          0.18533333333333332,
          0.18533333333333332,
          0.18533333333333332,
          0.18533333333333332,
          0.18533333333333332,
          0.18533333333333332,
          0.18533333333333332,
          0.18533333333333332
        ],
        "mlp_iso": [
          0.9433333333333334,
          0.7713333333333333,
          0.6366666666666667,
          0.5606666666666666,
          0.38466666666666666,
          0.188,
          0.0,
          0.0,
          0.0,
          0.0
        ],
        "mlp_pkg": [
          0.9493333333333334,
          0.7533333333333333,
          0.6473333333333333,
          0.5753333333333334,
          0.4046666666666667,
          0.20066666666666666,
          0.04,
          0.0,
          0.0,
          0.0
        ],
        "adaptive": [
          0.962,
          0.8986666666666666,
          0.8353333333333334,
          0.8126666666666666,
          0.6506666666666666,
          0.43333333333333335,
          0.15733333333333333,
          0.07733333333333334,
          0.0,
          0.0
        ]
      }
    }
  }
}