{
  "mode": "FULL",
  "group": "SO(2)",
  "config": {
    "seeds": [
      0,
      1,
      2,
      3,
      4
    ],
    "sizes": [
      64,
      256,
      1024
    ],
    "datas": [
      256,
      1024,
      4096
    ],
    "steps": 2000,
    "batch": 256,
    "coverage_deg": 180,
    "n_test": 2000,
    "n_state": 6,
    "probe_angles": [
      0.37,
      1.2345,
      2.71,
      3.94,
      5.4
    ]
  },
  "params": {
    "VN": 3488,
    "MLP": {
      "64": 5900,
      "256": 72716,
      "1024": 1077260
    }
  },
  "grid": {
    "64x256": {
      "ratio": [
        29.809532190654274,
        8.673815596245836
      ],
      "eq": [
        0.5268893313153056,
        0.06627736638477195
      ],
      "seen": [
        0.009463935315145956,
        0.0006839867198636221
      ],
      "worst": [
        0.28021725463344593,
        0.07389326619795046
      ]
    },
    "64x1024": {
      "ratio": [
        35.78091754280816,
        8.206152677076703
      ],
      "eq": [
        0.5273050012242813,
        0.05269748594641694
      ],
      "seen": [
        0.0077973952415548164,
        0.0003310056503238759
      ],
      "worst": [
        0.2774784013473588,
        0.054394608137527355
      ]
    },
    "64x4096": {
      "ratio": [
        38.48559048475204,
        4.19382517353057
      ],
      "eq": [
        0.5364217930309968,
        0.039533825089368646
      ],
      "seen": [
        0.007336734484837215,
        0.0006111079825092592
      ],
      "worst": [
        0.281662180174826,
        0.03384786527909724
      ]
    },
    "256x256": {
      "ratio": [
        22.47280657561378,
        2.290389432921737
      ],
      "eq": [
        0.3863260361476465,
        0.016738118141465887
      ],
      "seen": [
        0.0066910588886196845,
        0.0004162858608329748
      ],
      "worst": [
        0.1497335728465247,
        0.008952399561015446
      ]
    },
    "256x1024": {
      "ratio": [
        39.99627966175636,
        8.352715976640553
      ],
      "eq": [
        0.360153633894166,
        0.045757112318678704
      ],
      "seen": [
        0.0032010899042481306,
        0.0003877922223059401
      ],
      "worst": [
        0.1278709249886099,
        0.031051846187699964
      ]
    },
    "256x4096": {
      "ratio": [
        46.09525374447685,
        9.378803445746465
      ],
      "eq": [
        0.3543241526480964,
        0.022740877541880377
      ],
      "seen": [
        0.002902880837447521,
        0.000879382600704999
      ],
      "worst": [
        0.12747131241480097,
        0.01081217657087405
      ]
    },
    "1024x256": {
      "ratio": [
        21.083549280540826,
        4.09001477874275
      ],
      "eq": [
        0.3923621942020502,
        0.051178797937067304
      ],
      "seen": [
        0.007783677628183957,
        0.000887124980394006
      ],
      "worst": [
        0.16487565339042326,
        0.043883391188406784
      ]
    },
    "1024x1024": {
      "ratio": [
        45.279797618520675,
        11.925498418271191
      ],
      "eq": [
        0.35098466319821126,
        0.035835425403155034
      ],
      "seen": [
        0.0029667867515772444,
        0.0003440776116574066
      ],
      "worst": [
        0.13207840657345196,
        0.02924494776099163
      ]
    },
    "1024x4096": {
      "ratio": [
        48.86086742872815,
        8.861530958667148
      ],
      "eq": [
        0.33500739387829875,
        0.020905861078647576
      ],
      "seen": [
        0.002131832180715771,
        0.00011541586005297959
      ],
      "worst": [
        0.1034917878638008,
        0.014636888761963219
      ]
    }
  },
  "vn_ref": {
    "256": {
      "ratio": [
        1.0000003451374737,
        5.071973347324527e-07
      ],
      "eq": [
        2.9212059331114054e-07,
        7.306269224794524e-08
      ],
      "seen": [
        0.0016755405067587225,
        0.0007505033439843913
      ]
    },
    "1024": {
      "ratio": [
        1.000000656163264,
        9.922075737273208e-07
      ],
      "eq": [
        2.661853655753515e-07,
        4.8464362018408136e-08
      ],
      "seen": [
        0.001021763645644738,
        0.0005940987712996296
      ]
    },
    "4096": {
      "ratio": [
        1.0000006037671902,
        8.925084900706941e-07
      ],
      "eq": [
        2.775415625222407e-07,
        6.476832579999586e-08
      ],
      "seen": [
        0.0006247163914878259,
        0.00016582320357584891
      ]
    }
  },
  "derived": {
    "best_mlp_eq": 0.33500739387829875,
    "vn_floor": 2.9212059331114054e-07,
    "eq_factor_best_vs_vn": 1146811.9726892347,
    "ratio_small": 29.809532190654274,
    "ratio_big": 48.86086742872815,
    "partial_gap": true,
    "exact_plateau": true,
    "task_helps": false,
    "task_closes": false
  }
}