{
  "mode": "FULL",
  "group": "SO(3)",
  "config": {
    "seeds": [
      0,
      1,
      2,
      3,
      4
    ],
    "thetas_deg": [
      90,
      135,
      180
    ],
    "epochs": 1200,
    "n_base": 256,
    "n_test": 2000,
    "k_ood": 8,
    "n_state": 6
  },
  "params": {
    "VN": 3488,
    "MLP": 21650
  },
  "vn": {
    "ratio": [
      0.999999965779427,
      1.251065251654805e-07
    ],
    "eq": [
      1.6393932644229807e-07,
      4.184104534846871e-09
    ],
    "seen": [
      0.00020534144488190781,
      3.106524640542166e-05
    ],
    "ood": [
      0.00020534144023349918,
      3.106525544188469e-05
    ]
  },
  "mlp_noaug": {
    "ratio": [
      950.9184257106663,
      489.90323501475643
    ],
    "eq": [
      1.2215704155454856,
      0.01875704561970649
    ],
    "seen": [
      0.0005242674683676419,
      3.780507238041925e-05
    ],
    "ood": [
      0.49618121354923234,
      0.24757186270967116
    ]
  },
  "mlp_aug": {
    "90": {
      "ratio": [
        37.618148766546426,
        16.006424950078365
      ],
      "eq": [
        0.5495679664267975,
        0.06272369092908298
      ],
      "seen": [
        0.0011932601571069466,
        7.041775625496664e-05
      ],
      "ood": [
        0.045468320333763315,
        0.020817466644062792
      ]
    },
    "135": {
      "ratio": [
        2.095514009496902,
        0.5730563869063503
      ],
      "eq": [
        0.094945887590177,
        0.011695019722387673
      ],
      "seen": [
        0.0014508043229455874,
        0.00013008661428321358
      ],
      "ood": [
        0.0029950049910713685,
        0.0006510880446017517
      ]
    },
    "180": {
      "ratio": [
        1.4568837617360106,
        0.14082332764785113
      ],
      "eq": [
        0.05087780928723362,
        0.0021964746481441624
      ],
      "seen": [
        0.0017658706561119457,
        0.0001640610777643057
      ],
      "ood": [
        0.0025611802930079405,
        0.0002019035303894761
      ]
    }
  },
  "derived": {
    "eq_factor_full_vs_vn": 310345.36002648,
    "task_closed": true,
    "coverage_helps": true,
    "aug_never_exact": true
  }
}