{
  "mode": "FULL",
  "config": {
    "VN_VARIANTS": [
      "M0-raw",
      "M1-unit",
      "M2-both"
    ],
    "messages": {
      "M0-raw": "[a, r]",
      "M1-unit": "[a, r_hat]",
      "M2-both": "[a, r, r_hat]"
    },
    "aug": {
      "M0-raw": 6,
      "M1-unit": 6,
      "M2-both": 9
    },
    "SEEDS": [
      0,
      1,
      2
    ],
    "N_TRAIN": 1500,
    "N_TEST": 400,
    "EPOCHS": 60,
    "K_OOD": 6,
    "VAR_COEF": 0.1,
    "C_INT": 0.8
  },
  "params": {
    "M0-raw": 65304,
    "M1-unit": 65304,
    "M2-both": 65496,
    "MLP-MP": 62304
  },
  "indist_per_seed": {
    "M0-raw": [
      0.2724445164203644,
      0.2769398093223572,
      0.24747750163078308
    ],
    "M1-unit": [
      0.2607097625732422,
      0.28177693486213684,
      0.24749323725700378
    ],
    "M2-both": [
      0.2582336366176605,
      0.3023553788661957,
      0.24643784761428833
    ],
    "MLP-MP": [
      0.07418440282344818,
      0.06781850010156631,
      0.07863381505012512
    ]
  },
  "ood_ratio_per_seed": {
    "M0-raw": [
      1.0000001276200254,
      0.9999999282580032,
      1.0000000200707284
    ],
    "M1-unit": [
      1.0000003238847393,
      1.000000105765656,
      0.999999538402596
    ],
    "M2-both": [
      1.0000002885209183,
      1.0000002792737268,
      0.9999996674358774
    ],
    "MLP-MP": [
      8.994655963562282,
      12.642146624707244,
      9.817196434759529
    ]
  },
  "se3_per_seed": {
    "M0-raw": [
      4.649162292480469e-05,
      4.464387893676758e-05,
      4.801154136657715e-05
    ],
    "M1-unit": [
      3.170967102050781e-05,
      4.357099533081055e-05,
      6.163865327835083e-05
    ],
    "M2-both": [
      6.383657455444336e-05,
      4.1365623474121094e-05,
      9.781122207641602e-05
    ],
    "MLP-MP": [
      9.223350524902344,
      8.852924346923828,
      9.467052459716797
    ]
  },
  "perm_per_seed": {
    "M0-raw": [
      0.0,
      0.0,
      0.0
    ],
    "M1-unit": [
      0.0,
      0.0,
      0.0
    ],
    "M2-both": [
      0.0,
      0.0,
      0.0
    ],
    "MLP-MP": [
      0.0,
      0.0,
      0.0
    ]
  },
  "indist_mean": {
    "M0-raw": 0.2656206091245015,
    "M1-unit": 0.26332664489746094,
    "M2-both": 0.26900895436604816,
    "MLP-MP": 0.07354557265837987
  },
  "indist_std": {
    "M0-raw": 0.012959711332051189,
    "M1-unit": 0.014118050743502279,
    "M2-both": 0.024066202854640326,
    "MLP-MP": 0.00443838088676346
  },
  "ood_ratio_mean": {
    "M0-raw": 1.0000000253162522,
    "M1-unit": 0.9999999893509971,
    "M2-both": 1.0000000784101741,
    "MLP-MP": 10.484666341009685
  },
  "se3_mean": {
    "M0-raw": 4.638234774271647e-05,
    "M1-unit": 4.563977320988973e-05,
    "M2-both": 6.767114003499349e-05,
    "MLP-MP": 9.181109110514322
  },
  "perm_mean": {
    "M0-raw": 0.0,
    "M1-unit": 0.0,
    "M2-both": 0.0,
    "MLP-MP": 0.0
  },
  "msg_gain": 1.0087114778222837,
  "gap_closed_frac": 0.011943062821936265,
  "saturate_frac": -2.4770697823469923,
  "verdict": {
    "passed": false,
    "ok_equiv": true,
    "ok_recovers": false,
    "ok_global_flat": true,
    "ok_mlp_degrades": true
  }
}