{
  "seeds": [
    0,
    1,
    2
  ],
  "runs": [
    {
      "passed": false,
      "gate": {
        "equiv": true,
        "flat": true,
        "compete": false,
        "degrade": true
      },
      "eq_resid": 1.5139579772949219e-05,
      "mlp_resid": 4.245941162109375,
      "eq_in": {
        "1": 0.07368248701095581,
        "3": 0.2884574234485626,
        "5": 0.560134768486023
      },
      "eq_far": {
        "1": 0.07368245099981625,
        "3": 0.2884574234485626,
        "5": 0.5601348876953125
      },
      "mlp_in": {
        "1": 0.011929638683795929,
        "3": 0.08641611784696579,
        "5": 0.19236412644386292
      },
      "mlp_far": {
        "1": 0.21768459305167198,
        "3": 0.6769599765539169,
        "5": 1.0885026454925537
      },
      "eq_orbit_ratio": {
        "1": 0.99999951126596,
        "3": 1.0,
        "5": 1.0000002128225138
      },
      "mlp_orbit_ratio": {
        "1": 18.247375198995233,
        "3": 7.8337235393140965,
        "5": 5.658553211636414
      },
      "floor_penalty": {
        "1": 2.9543614537498875,
        "3": 2.346828063777085,
        "5": 1.9432866429213544
      },
      "eq_curves": {
        "1": {
          "identity": 0.07368248701095581,
          "z 180": 0.07368248701095581,
          "x 90": 0.07368254661560059,
          "y 90": 0.07368247210979462,
          "rand0": 0.07368241250514984,
          "rand1": 0.07368253171443939,
          "rand2": 0.0736822560429573
        },
        "3": {
          "identity": 0.2884574234485626,
          "z 180": 0.2884574234485626,
          "x 90": 0.28845736384391785,
          "y 90": 0.2884575128555298,
          "rand0": 0.2884574830532074,
          "rand1": 0.2884574830532074,
          "rand2": 0.2884572744369507
        },
        "5": {
          "identity": 0.560134768486023,
          "z 180": 0.560134768486023,
          "x 90": 0.560134768486023,
          "y 90": 0.5601349472999573,
          "rand0": 0.5601351261138916,
          "rand1": 0.5601348876953125,
          "rand2": 0.5601348280906677
        }
      },
      "mlp_curves": {
        "1": {
          "identity": 0.011929638683795929,
          "z 180": 0.3978539705276489,
          "x 90": 0.2675541043281555,
          "y 90": 0.0734560415148735,
          "rand0": 0.09280465543270111,
          "rand1": 0.12812384963035583,
          "rand2": 0.346314936876297
        },
        "3": {
          "identity": 0.08641611784696579,
          "z 180": 1.0833683013916016,
          "x 90": 0.7431483864784241,
          "y 90": 0.3718712329864502,
          "rand0": 0.24355146288871765,
          "rand1": 0.3121691942214966,
          "rand2": 1.3076512813568115
        },
        "5": {
          "identity": 0.19236412644386292,
          "z 180": 1.7025394439697266,
          "x 90": 1.0493550300598145,
          "y 90": 0.7203814387321472,
          "rand0": 0.3987618386745453,
          "rand1": 0.4332570731639862,
          "rand2": 2.2267210483551025
        }
      },
      "horizons": [
        1,
        3,
        5
      ],
      "headline_H": 5,
      "smoke": false,
      "seed": 0,
      "params": {
        "eq": 16856,
        "mlp": 124512,
        "mul": 8,
        "pred_hid": 64
      }
    },
    {
      "passed": false,
      "gate": {
        "equiv": true,
        "flat": true,
        "compete": false,
        "degrade": true
      },
      "eq_resid": 7.510185241699219e-06,
      "mlp_resid": 4.378451824188232,
      "eq_in": {
        "1": 0.08266427367925644,
        "3": 0.3012295365333557,
        "5": 0.5841671228408813
      },
      "eq_far": {
        "1": 0.08266427740454674,
        "3": 0.3012295365333557,
        "5": 0.5841667354106903
      },
      "mlp_in": {
        "1": 0.020906299352645874,
        "3": 0.12147560715675354,
        "5": 0.274120032787323
      },
      "mlp_far": {
        "1": 0.10822207232316335,
        "3": 0.3971952299276988,
        "5": 0.6618307183186213
      },
      "eq_orbit_ratio": {
        "1": 1.0000000450653002,
        "3": 1.0,
        "5": 0.9999993367819312
      },
      "mlp_orbit_ratio": {
        "1": 5.1765293559458625,
        "3": 3.269752991768573,
        "5": 2.4143828949272925
      },
      "floor_penalty": {
        "1": 1.3091758099274315,
        "3": 1.3185799589865803,
        "5": 1.1329483145823604
      },
      "eq_curves": {
        "1": {
          "identity": 0.08266427367925644,
          "z 180": 0.08266427367925644,
          "x 90": 0.08266425877809525,
          "y 90": 0.08266428112983704,
          "rand0": 0.08266428112983704,
          "rand1": 0.08266425132751465,
          "rand2": 0.08266431838274002
        },
        "3": {
          "identity": 0.3012295365333557,
          "z 180": 0.3012295365333557,
          "x 90": 0.3012295365333557,
          "y 90": 0.3012295067310333,
          "rand0": 0.3012295663356781,
          "rand1": 0.3012295961380005,
          "rand2": 0.30122947692871094
        },
        "5": {
          "identity": 0.5841671228408813,
          "z 180": 0.5841671228408813,
          "x 90": 0.5841667056083679,
          "y 90": 0.5841665863990784,
          "rand0": 0.5841671228408813,
          "rand1": 0.5841662883758545,
          "rand2": 0.5841665863990784
        }
      },
      "mlp_curves": {
        "1": {
          "identity": 0.020906299352645874,
          "z 180": 0.11850713193416595,
          "x 90": 0.1249893307685852,
          "y 90": 0.16141828894615173,
          "rand0": 0.12384762614965439,
          "rand1": 0.033966295421123505,
          "rand2": 0.08660376071929932
        },
        "3": {
          "identity": 0.12147560715675354,
          "z 180": 0.4318503141403198,
          "x 90": 0.4642195701599121,
          "y 90": 0.5521205067634583,
          "rand0": 0.4498690962791443,
          "rand1": 0.16136497259140015,
          "rand2": 0.323746919631958
        },
        "5": {
          "identity": 0.274120032787323,
          "z 180": 0.8270270228385925,
          "x 90": 0.7133218050003052,
          "y 90": 0.8493044972419739,
          "rand0": 0.7552708983421326,
          "rand1": 0.31342533230781555,
          "rand2": 0.5126347541809082
        }
      },
      "horizons": [
        1,
        3,
        5
      ],
      "headline_H": 5,
      "smoke": false,
      "seed": 1,
      "params": {
        "eq": 16856,
        "mlp": 124512,
        "mul": 8,
        "pred_hid": 64
      }
    },
    {
      "passed": false,
      "gate": {
        "equiv": true,
        "flat": true,
        "compete": false,
        "degrade": true
      },
      "eq_resid": 1.138448715209961e-05,
      "mlp_resid": 4.934442520141602,
      "eq_in": {
        "1": 0.05869627743959427,
        "3": 0.30097371339797974,
        "5": 0.5496106147766113
      },
      "eq_far": {
        "1": 0.0586962370822827,
        "3": 0.30097376306851703,
        "5": 0.5496106346448263
      },
      "mlp_in": {
        "1": 0.011938562616705894,
        "3": 0.08610408753156662,
        "5": 0.2067231982946396
      },
      "mlp_far": {
        "1": 0.05278324754908681,
        "3": 0.23324405153592428,
        "5": 0.4337862730026245
      },
      "eq_orbit_ratio": {
        "1": 0.9999993124383124,
        "3": 1.0000001650328088,
        "5": 1.0000000361496202
      },
      "mlp_orbit_ratio": {
        "1": 4.42123974583222,
        "3": 2.708861544469822,
        "5": 2.098391842720792
      },
      "floor_penalty": {
        "1": 0.8992611821962824,
        "3": 0.7749647316694047,
        "5": 0.7892610616658633
      },
      "eq_curves": {
        "1": {
          "identity": 0.05869627743959427,
          "z 180": 0.05869627743959427,
          "x 90": 0.05869626998901367,
          "y 90": 0.058696284890174866,
          "rand0": 0.05869616940617561,
          "rand1": 0.05869623273611069,
          "rand2": 0.058696188032627106
        },