{
  "seed": 1,
  "smoke": false,
  "N": 40,
  "N_ctrl": 12,
  "hidden": 96,
  "hidden_noise": 0.05,
  "branch": "STRUCTURE_STILL_WINS",
  "positive_control_pass": true,
  "positive_control": {
    "tag": "ctrl",
    "N": 12,
    "hidden": 96,
    "one_step_relmse": 0.0021300634888386533,
    "lambda1": 1.659727964116897,
    "lambda1_relerr": 0.16196320038471565,
    "sum_topN": -11.31962915045327,
    "n_positive": 4,
    "ky": 8.261980374119267,
    "spectrum_r2": 0.925715039997845,
    "spurious_lyap_max": -102.0444012585172,
    "lambda_learned": [
      1.659727964116897,
      1.2581979950405877,
      0.25675643721385283,
      0.009732637664278879,
      -0.09300556235679201,
      -0.29565586707309915,
      -1.07478220625016,
      -1.2662089829931185,
      -1.7358644398126413,
      -2.3100615242060245,
      -3.286155012031157,
      -4.442310589765893
    ]
  },
  "gru_test": {
    "tag": "test",
    "N": 40,
    "hidden": 96,
    "one_step_relmse": 0.00437434009552444,
    "lambda1": 0.35518125287657504,
    "lambda1_relerr": 0.7799499461719952,
    "sum_topN": 3.8960756197897766,
    "n_positive": 34,
    "ky": 40.0,
    "spectrum_r2": -0.2944336627062032,
    "spurious_lyap_max": -0.16768203745217952,
    "lambda_learned": [
      0.35518125287657504,
      0.30412081660360996,
      0.30407014069743954,
      0.2532426753212817,
      0.2281838905211674,
      0.2190923909195079,
      0.2190307483909659,
      0.19955600204439594,
      0.18639175942124492,
      0.1825495656682418,
      0.1816130040526356,
      0.14845790471626802,
      0.14777787150036992,
      0.14384695681319135,
      0.1369846674848192,
      0.11754505472958511,
      0.1135882395140656,
      0.11168541072230384,
      0.10778815025679059,
      0.10708989903655479,
      0.10659670487519059,
      0.09684260755662914,
      0.08765102897619634,
      0.08281840378107513,
      0.08148359868980683,
      0.06624575304484986,
      0.04586142040569263,
      0.04556355026631356,
      0.044472897334380014,
      0.03407324479743516,
      0.020378035330745396,
      0.011089721126679832,
      0.008296401938145272,
      0.00818827408259818,
      -0.011543433873016684,
      -0.04678773388775518,
      -0.10334824494825737,
      -0.13902818169486358,
      -0.14842999803670187,
      -0.16214483126638055
    ]
  },
  "conv_r2": 0.995211166719633,
  "mlp_r2": -1.4153052621408868,
  "gru_r2": -0.2944336627062032,
  "conv_minus_gru": 1.289644829425836,
  "lambda_true": [
    1.6140930061039256,
    1.3656422169312668,
    1.3141517799352067,
    1.0517533806330455,
    0.98212103876417,
    0.7413050523318603,
    0.6622643817877574,
    0.6074235509074252,
    0.45254014546065124,
    0.34769218939234653,
    0.30437170522596974,
    0.22340268616871142,
    -0.03408190210306145,
    -0.07867229267336788,
    -0.09028984480134268,
    -0.21220476006664982,
    -0.34306437455240746,
    -0.4456368104987349,
    -0.6167836012401369,
    -0.6905084640315748,
    -0.8073026324440634,
    -0.8737391015860461,
    -1.039306169975677,
    -1.0933693542653826,
    -1.2667493880122098,
    -1.328387696201716,
    -1.4272234833898005,
    -1.6845313980939987,
    -1.8266652505409018,
    -1.914626897613097,
    -2.152548596082942,
    -2.329828498090153,
    -2.5293689244768887,
    -2.9928226989339737,
    -3.1720183492132463,
    -3.512063939422747,
    -3.925615834484569,
    -4.093571196544812,
    -4.489041181858195,
    -4.696710736266244
  ]
}