{
  "seeds": [
    0,
    1,
    2
  ],
  "runs": [
    {
      "passed": true,
      "n_pass": 3,
      "systems": {
        "Henon": {
          "name": "Henon",
          "one_step": 2.318440465387539e-06,
          "slope": 2.140785284158533,
          "r2": 0.9956304428186913,
          "lam_staircase_time": 0.467118308127321,
          "lam_ref_time": 0.419,
          "lam_relerr": 0.11484083085279485,
          "gate": {
            "model_learned": true,
            "staircase_linear": true,
            "recovers_lambda": true
          },
          "passed": true,
          "xs": [
            4.605170185988092,
            5.809142990314028,
            6.907755278982137,
            8.111728083308073,
            9.210340371976184,
            10.41431317630212,
            11.512925464970229
          ],
          "ys": [
            9.0,
            12.0,
            15.0,
            17.0,
            19.0,
            22.0,
            24.0
          ],
          "eps0s": [
            0.01,
            0.003,
            0.001,
            0.0003,
            0.0001,
            3e-05,
            1e-05
          ],
          "Tcross": [
            9.0,
            12.0,
            15.0,
            17.0,
            19.0,
            22.0,
            24.0
          ]
        },
        "Rossler": {
          "name": "Rossler",
          "one_step": 1.4050639762785977e-08,
          "slope": 151.68068248365412,
          "r2": 0.9879582038284961,
          "lam_staircase_time": 0.06592797339949766,
          "lam_ref_time": 0.0714,
          "lam_relerr": 0.07663902801824014,
          "gate": {
            "model_learned": true,
            "staircase_linear": true,
            "recovers_lambda": true
          },
          "passed": true,
          "xs": [
            4.605170185988092,
            5.809142990314028,
            6.907755278982137,
            8.111728083308073,
            9.210340371976184
          ],
          "ys": [
            426.0,
            660.0,
            743.0,
            978.0,
            1139.0
          ],
          "eps0s": [
            0.01,
            0.003,
            0.001,
            0.0003,
            0.0001
          ],
          "Tcross": [
            426.0,
            660.0,
            743.0,
            978.0,
            1139.0
          ]
        },
        "Lorenz": {
          "name": "Lorenz",
          "one_step": 6.613062453197927e-08,
          "slope": 52.823469695534094,
          "r2": 0.9976610317857934,
          "lam_staircase_time": 0.9465489542468883,
          "lam_ref_time": 0.9056,
          "lam_relerr": 0.04521748481326014,
          "gate": {
            "model_learned": true,
            "staircase_linear": true,
            "recovers_lambda": true
          },
          "passed": true,
          "xs": [
            4.605170185988092,
            5.809142990314028,
            6.907755278982137,
            8.111728083308073,
            9.210340371976184,
            10.41431317630212,
            11.512925464970229
          ],
          "ys": [
            174.0,
            234.0,
            290.0,
            342.0,
            413.0,
            484.0,
            534.0
          ],
          "eps0s": [
            0.01,
            0.003,
            0.001,
            0.0003,
            0.0001,
            3e-05,
            1e-05
          ],
          "Tcross": [
            174.0,
            234.0,
            290.0,
            342.0,
            413.0,
            484.0,
            534.0
          ]
        }
      },
      "seed": 0,
      "smoke": false
    },
    {
      "passed": true,
      "n_pass": 2,
      "systems": {
        "Henon": {
          "name": "Henon",
          "one_step": 2.0118825716508582e-07,
          "slope": 2.172410598012376,
          "r2": 0.9985471680127427,
          "lam_staircase_time": 0.4603181373332184,
          "lam_ref_time": 0.419,
          "lam_relerr": 0.09861130628453087,
          "gate": {
            "model_learned": true,
            "staircase_linear": true,
            "recovers_lambda": true
          },
          "passed": true,
          "xs": [
            4.605170185988092,
            5.809142990314028,
            6.907755278982137,
            8.111728083308073,
            9.210340371976184,
            10.41431317630212,
            11.512925464970229
          ],
          "ys": [
            9.0,
            12.0,
            14.0,
            17.0,
            19.0,
            22.0,
            24.0
          ],
          "eps0s": [
            0.01,
            0.003,
            0.001,
            0.0003,
            0.0001,
            3e-05,
            1e-05
          ],
          "Tcross": [
            9.0,
            12.0,
            14.0,
            17.0,
            19.0,
            22.0,
            24.0
          ]
        },
        "Rossler": {
          "name": "Rossler",
          "one_step": 2.695352563364395e-08,
          "slope": NaN,
          "r2": NaN,
          "lam_staircase_time": NaN,
          "lam_ref_time": 0.0714,
          "lam_relerr": NaN,
          "gate": {
            "model_learned": true,
            "staircase_linear": false,
            "recovers_lambda": false
          },
          "passed": false,
          "xs": [
            4.605170185988092,
            5.809142990314028
          ],
          "ys": [
            483.0,
            563.0
          ],
          "eps0s": [
            0.01,
            0.003,
            0.001,
            0.0003,
            0.0001
          ],
          "Tcross": [
            483.0,
            563.0,
            NaN,
            NaN,
            NaN
          ]
        },
        "Lorenz": {
          "name": "Lorenz",
          "one_step": 3.33670323016122e-06,
          "slope": 54.297288833679865,
          "r2": 0.9987363258850301,
          "lam_staircase_time": 0.9208562908759025,
          "lam_ref_time": 0.9056,
          "lam_relerr": 0.016846610949539004,
          "gate": {
            "model_learned": true,
            "staircase_linear": true,
            "recovers_lambda": true
          },
          "passed": true,
          "xs": [
            4.605170185988092,
            5.809142990314028,
            6.907755278982137,
            8.111728083308073,
            9.210340371976184,
            10.41431317630212,
            11.512925464970229
          ],
          "ys": [
            165.0,
            242.0,
            296.0,
            367.0,
            417.0,
            482.0,
            548.0
          ],
          "eps0s": [
            0.01,
            0.003,
            0.001,
            0.0003,
            0.0001,
            3e-05,
            1e-05
          ],
          "Tcross": [
            165.0,
            242.0,
            296.0,
            367.0,
            417.0,
            482.0,
            548.0
          ]
        }
      },
      "seed": 1,
      "smoke": false
    },
    {
      "passed": true,
      "n_pass": 3,
      "systems": {
        "Henon": {
          "name": "Henon",
          "one_step": 1.4797966230162274e-07,
          "slope": 2.2028194009322,
          "r2": 0.9958804465998404,
          "lam_staircase_time": 0.45396367926340897,
          "lam_ref_time": 0.419,
          "lam_relerr": 0.08344553523486632,
          "gate": {
            "model_learned": true,
            "staircase_linear": true,
            "recovers_lambda": true
          },
          "passed": true,
          "xs": [
            4.605170185988092,
            5.809142990314028,
            6.907755278982137,
            8.111728083308073,
            9.210340371976184,
            10.41431317630212,
            11.512925464970229
          ],
          "ys": [
            9.0,
            12.0,
            14.0,
            17.0,
            20.0,
            22.0,
            24.0
          ],